     1                                  ;COMMAND.COM main file
     2                                  [map all ./lst/command.map]
     3                                  [DEFAULT REL]
     4                                  BITS 64
     5                                  ;Defs, strucs and macros
     6                                  
     7                                  %include "./inc/dosMacro.mac"
     1                              <1> 
     2                              <1> ;-------------------------------------------------------------------------------
     3                              <1> ;Generic Macros file
     4                              <1> ;The following instruction extensions allow to conditionally return
     5                              <1> ;The idea was borrowed from the DOS Source Code
     6                              <1> ;
     7                              <1> ;-------------------------------------------------------------------------------
     8                              <1> 
     9                              <1> ;-------------------------------------------------------------------------------
    10                              <1> ;These macros are live and must not be touched
    11                              <1> ;-------------------------------------------------------------------------------
    12                              <1> %macro return 0
    13                              <1> %%_ret:
    14                              <1>     ret
    15                              <1> %assign retOff %%_ret-$$  ;Get offset into segment of %%_ret
    16                              <1> %endmacro
    17                              <1> 
    18                              <1> %macro cret 1
    19                              <1> %%_base:
    20                              <1> %assign baseVar %%_base-$$ ;Get offset into segment of %%_base
    21                              <1>     %ifdef retOff
    22                              <1>     %if (baseVar - retOff <= 126) && (baseVar > retOff)
    23                              <1>     %ifdef currSegVBase
    24                              <1>     j%+1 short (retOff+currSegVBase)
    25                              <1>     %else
    26                              <1>     j%+1 short retOff
    27                              <1>     %endif  ;End ifdef currSegVBase
    28                              <1>     %else 
    29                              <1>     j%-1 short %%a
    30                              <1>     return
    31                              <1> %%a:
    32                              <1>     %endif  ;End the distance measurement if
    33                              <1>     %else   
    34                              <1>     j%-1 short %%a
    35                              <1>     return
    36                              <1> %%a:
    37                              <1>     %endif  ;End ifdef retoff
    38                              <1> %endmacro
    39                              <1> 
    40                              <1> %macro retz 0
    41                              <1> cret z
    42                              <1> %endmacro
    43                              <1> 
    44                              <1> %macro retnz 0
    45                              <1> cret nz
    46                              <1> %endmacro
    47                              <1> 
    48                              <1> %macro rete 0
    49                              <1> cret e
    50                              <1> %endmacro
    51                              <1> 
    52                              <1> %macro retne 0
    53                              <1> cret ne
    54                              <1> %endmacro
    55                              <1> 
    56                              <1> %macro retc 0
    57                              <1> cret c
    58                              <1> %endmacro
    59                              <1> 
    60                              <1> %macro retnc 0
    61                              <1> cret nc
    62                              <1> %endmacro
    63                              <1> 
    64                              <1> %macro retb 0
    65                              <1> cret b
    66                              <1> %endmacro
    67                              <1> 
    68                              <1> %macro retnb 0
    69                              <1> cret nb
    70                              <1> %endmacro
    71                              <1> 
    72                              <1> %macro reta 0
    73                              <1> cret a
    74                              <1> %endmacro
    75                              <1> 
    76                              <1> %macro retna 0
    77                              <1> cret na
    78                              <1> %endmacro
    79                              <1> 
    80                              <1> %macro breakpoint 0
    81                              <1> xchg bx, bx
    82                              <1> %endmacro
     8                                  %include "./inc/dosStruc.inc"
     1                              <1> 
     2                              <1> ;-------------------------------------------------------;
     3                              <1> ; This include file contains miscellaneous internal     ;
     4                              <1> ; SCP/DOS structures.                                   ;
     5                              <1> ;-------------------------------------------------------;
     6                              <1> 
     7                              <1> ;File/path length equates.
     8                              <1> MAX_FNAME_FCB   equ 8
     9                              <1> MAX_EXT_FCB     equ 3
    10                              <1> MAX_NAME_FCB    equ MAX_FNAME_FCB + MAX_EXT_FCB
    11                              <1> MAX_NAME_FCBZ   equ MAX_NAME_FCB + 1    ;Space for a null terminator
    12                              <1> ;Values below include the null terminator.
    13                              <1> MAX_FILE    equ 13  ;Maximum length of a filename (includes dot)
    14                              <1> MAX_DRIVE   equ 3   ;Maximum length of a drive string (X:<NUL>)
    15                              <1> MAX_FSPEC   equ 64  ;Maximum length of a path to a file (filespec)
    16                              <1> MAX_PATH    equ 67  ;Maximum length of a fully qualified pathspec
    17                              <1> ;MAX_PATH is X:\<string, maxlen 63 chars>,<null> so 67 chars total.
    18                              <1> ;Use this symbol to check the length of a filename after qualification.
    19                              <1> MAX_PSPEC   equ MAX_PATH - MAX_FILE - 1 ;54 bytes
    20                              <1> ;MAX_PSPEC is the max length of a path with space for a filename!
    21                              <1> ;Remember, filenames for us are just a string of, at most, 13 characters,
    22                              <1> ; which we always resolve into FCB format. Buffers need to make space for
    23                              <1> ; both the dot and terminating null
    24                              <1> ;------------------------------------------------------------------------;
    25                              <1> ; Each mass storage device up to LASTDRIVE gets a DPB, describing 
    26                              <1> ; its file system structure. This is used to locate files and structures
    27                              <1> ; on the device itself and to translate file requests to cluster chains
    28                              <1> ; to LBAs to pass to the disk driver..
    29                              <1> ; The DPBs form a linked list, with each DPB formed after the devices 
    30                              <1> ; drivers Initialise routine has been called.
    31                              <1> ;------------------------------------------------------------------------;
    32                              <1> struc dpb        ;Drive Parameter Block
    33                              <1> 
    34 00000000 ??                  <1>     .bDriveNumber           db ?  ;Drive number (0=A, 1=B ...)
    35 00000001 ??                  <1>     .bUnitNumber            db ?  ;Unit number in device
    36 00000002 ????                <1>     .wBytesPerSector        dw ?  ;min 512, max 4096
    37 00000004 ??                  <1>     .bMaxSectorInCluster    db ?  ;(Maximum sector in cluster) - 1
    38 00000005 ??                  <1>     .bSecPerClustShift      db ?  ;Sectors per cluster exponent
    39 00000006 ????                <1>     .wFAToffset             dw ?  ;Number of reserved sectors in partition
    40 00000008 ??                  <1>     .bNumberOfFATs          db ?  ;Number of FATs
    41 00000009 ????                <1>     .wNumberRootDirEntries  dw ?  ;In 32 byte units, this is 0 for FAT32
    42 0000000B ????????            <1>     .dClusterHeapOffset     dd ?  ;Start sector of data area
    43 0000000F ????????            <1>     .dMaxClusterAddr        dd ?  ;Max Cluster Addr = # of data clusters + 1
    44 00000013 ????????            <1>     .dFATlength             dd ?  ;FAT length, in sectors
    45 00000017 ????????            <1>     .dFirstUnitOfRootDir    dd ?  
    46                              <1>     ;Unit=Sector/Cluster of Root Directory (FAT12/16 = Sector, FAT32 = Cluster)
    47 0000001B ????????????????    <1>     .qDriverHeaderPtr       dq ?  ;Pointer to device driver header
    48 00000023 ??                  <1>     .bMediaDescriptor       db ?  ;Media descriptor
    49 00000024 ??                  <1>     .bAccessFlag            db ?  ;Access Flag (0 if accessed, else -1)
    50 00000025 ????????????????    <1>     .qNextDPBPtr            dq ?  ;Pointer to next DPB, -1 if at end
    51 0000002D ????????            <1>     .dNextFreeClst          dd ?  ;Starting cluster of free space search
    52 00000031 ????????            <1>     .dFreeClustCnt          dd ?  ;Number of free clusters, -1 unknown
    53                              <1> 
    54                              <1> endstruc
    55                              <1> 
    56                              <1> fat12MaxClustCnt    equ 4085    ;Cluster count less than this is FAT12
    57                              <1> fat16MaxClustCnt    equ 65525   ;Cluster count less than this is FAT16
    58                              <1> ;------------------------------------------------------------------------;
    59                              <1> ; Each mass storage device up to LASTDRIVE has a CDS associated with it.
    60                              <1> ; All disk pathing requests go via the CDS for that drive.
    61                              <1> ; The default drive is the last accessed drive, this number is stored
    62                              <1> ; in the DOS data area.
    63                              <1> ; The CDS is stored as an array with the offset into the array being 
    64                              <1> ; given by the drive letter's offset into the alphabet (with A=0).
    65                              <1> ;
    66                              <1> ; DEFAULT LASTDRIVE=E, MINIMUM LASTDRIVE=B
    67                              <1> ;------------------------------------------------------------------------;
    68                              <1> struc cds       ;Current Directory structure
    69 00000000 <res 43h>           <1>     .sCurrentPath        db MAX_PATH dup (?)    ;Current Directory Path String
    70 00000043 ????                <1>     .wFlags              dw ?   ;CDS Flags - 
    71 00000045 ????????????????    <1>     .qDPBPtr             dq ?   ;Ptr to the DPB of the dev using this CDS
    72 0000004D ????????            <1>     .dStartCluster       dd ?   ;Starting cluster of the directory on disk
    73 00000051 ????????????????    <1>     .qIFSPtr             dq ?   ;Reserved for IFS driver expansions
    74 00000059 ????????            <1>     .dNetStore           dd ?   ;For storing a owner dword for IFS (21h/5F03h)
    75 0000005D ????                <1>     .wBackslashOffset    dw ?   ;How many chars to skip for getting the path
    76                              <1> ; currentPath (usually 2 to skip C: in C:\, but when SUBSTing a drive letter to 
    77                              <1> ; another, we save the number of chars to skip to that deep level).
    78                              <1> ; I.E. if we SUBST A:\DOS G: then this value for the CDS for drive G is 6
    79                              <1> ; Only affects for SUBST drives, not JOIN
    80                              <1> ; Flags: Bit 15 set = Network drive
    81                              <1> ;        Bit 14 set = Physical drive
    82                              <1> ;        Bit 13 set = JOIN'ed drive
    83                              <1> ;        Bit 12 set = SUBST'ed drive
    84                              <1> ;        Bit 7  set = Redirected, not net. drive (This is how MSCDEX worked)
    85                              <1> endstruc
    86                              <1> ;CDS equates
    87                              <1> cdsRedirDrive   equ 8000h   ;All drives which use the Redirector interface
    88                              <1> cdsValidDrive   equ 4000h   ;CDS valid
    89                              <1> cdsJoinDrive    equ 2000h   ;CDS for joined drives
    90                              <1> cdsSubstDrive   equ 1000h   ;Drives formed by Subst
    91                              <1> cdsRdirLocDrive equ 0080h   ;Redirector but Local
    92                              <1> ;------------------------------------------------------------------------;
    93                              <1> ; The SFT is a way to allow applications to open file handles to files 
    94                              <1> ; and devices. As things stand, the SFT chain will have 5 file handles
    95                              <1> ; under the first header, and then a second header will be linked to the 
    96                              <1> ; first one after CONFIG.SYS has been read, to allow for FILES= to specify
    97                              <1> ; a size for the second SFT (default 10 files). Same for System FCBs, 
    98                              <1> ; using the FCBS= command. Default FCBS=5.
    99                              <1> ;
   100                              <1> ; A file handle describes the file, and the location within the file that
   101                              <1> ; we are reading. The file handle can be manipulated without the file
   102                              <1> ; being in memory, thus allowing the user to access data without needing 
   103                              <1> ; to take up large portions of memory. Similarly, file handles allow for
   104                              <1> ; accessing devices, by treating them as files with their drivers 
   105                              <1> ; responding and translating the manipulations of the file handle itself.
   106                              <1> ; Neither the driver nor the application should see or use the SFT for
   107                              <1> ; the handle, as it is subject to change (and will change when file 
   108                              <1> ; sharing provisions are included). The DOS will make requests to the 
   109                              <1> ; driver in a generic way and the driver will respond, with DOS keeping
   110                              <1> ; track of the information in the SFT entry for that handle. 
   111                              <1> ;
   112                              <1> ; One SFT entry can have multiple handles and multiple SFT entries
   113                              <1> ; can point to the same file. It all depends on what the applications 
   114                              <1> ; want to do with the File.
   115                              <1> ;
   116                              <1> ; !!!!IMPORTANT!!!!
   117                              <1> ; Currently there are plans for File Sharing, but I include minimal 
   118                              <1> ; provisions for it. I really just wanna get a DOS out the door.
   119                              <1> ;
   120                              <1> ;Each SFT may look like this:
   121                              <1> ;sysvars-->sfth------------>sfth------------>|ENDOFLIST|
   122                              <1> ;            |                |
   123                              <1> ;       wNumFiles*sft    wNumFiles*sft
   124                              <1> ;
   125                              <1> ; Two SFT chains are built; one for files, and a one for so called 
   126                              <1> ; System FCBs.
   127                              <1> ;
   128                              <1> ; Each SFT header has an array of SFT's below it, with the number of 
   129                              <1> ; SFTs given by wNumFiles. The SFT headers form a linked list.
   130                              <1> ;
   131                              <1> ; DEFAULT FILES=8, MINIMUM FILES=5
   132                              <1> ; DEFAULT FCBS=5,  MINIMUM FCBS=5
   133                              <1> ;------------------------------------------------------------------------;
   134                              <1> struc sfth   ;System file table header
   135                              <1> ; This is the SFT header.
   136                              <1> ; This structure comes before the start of the first file in the array/table.
   137 00000000 ????????????????    <1>     .qNextSFTPtr dq ?    ;Pointer to the next SFT
   138 00000008 ????                <1>     .wNumFiles   dw ?    ;Number of files in this table
   139                              <1> endstruc
   140                              <1> 
   141                              <1> struc sft
   142                              <1> ;This is the file struc itself
   143 00000000 ????                <1>     .wNumHandles dw ?    ;Number of handles pointing to this file
   144 00000002 ????                <1>     .wOpenMode   dw ?    ;File access permissions and behvaiours
   145 00000004 ??                  <1>     .bFileAttrib db ?    ;Regular File Attributes
   146 00000005 ????                <1>     .wDeviceInfo dw ?    ;Includes unit number if a block device
   147 00000007 ????????????????    <1>     .qPtr        dq ?    ;IF char, ptr to device driver header, ELSE DPBptr
   148 0000000F ????????            <1>     .dStartClust dd ?    ;Start cluster of file pointed to by SFT entry
   149 00000013 ????                <1>     .wTime       dw ?    ;File Time, updated on open and writes
   150 00000015 ????                <1>     .wDate       dw ?    ;File Date, updated on open and writes
   151 00000017 ????????            <1>     .dFileSize   dd ?    ;File Size, in bytes
   152 0000001B ????????            <1>     .dCurntOff   dd ?    ;Current Offset pointed to by SFT entry, in bytes
   153 0000001F ????????            <1>     .dRelClust   dd ?    ;Rel cluster pointed to by SFT entry
   154 00000023 ????????            <1>     .dAbsClusr   dd ?    ;Absolute cluster pointed to by SFT entry
   155 00000027 ????????????????    <1>     .qDirSect    dq ?    ;Abs number of sector containing directory entry 
   156 0000002F ??                  <1>     .bNumDirEnt  db ?    ;Directory entry within dir sector (byte offset/32)
   157 00000030 <res Bh>            <1>     .sFileName   db 11 dup (?)   ;8.3 Filename
   158 0000003B ????????????????    <1>     .qSharePtr   dq ?    ;SHARE pointer to previous SFT sharing same file
   159 00000043 ????                <1>     .wMachNum    dw ?    ;SHARE number of network machine opening file
   160 00000045 ????????????????    <1>     .qPSPOwner   dq ?    ;Addr of PSP of program which first opened this file
   161 0000004D ????                <1>     .wShareRec   dw ?    ;offset within SHARE code segment of sharing record
   162                              <1> ;                           0 means no record
   163                              <1> endstruc
   164                              <1> ;Open Mode equates
   165                              <1> ;Access modes   Bits[2:0]
   166                              <1> openRdAcc   equ 0h
   167                              <1> openWrAcc   equ 1h
   168                              <1> openRWAcc   equ 2h
   169                              <1> ;Bit 3 reserved 0
   170                              <1> ;Sharing modes  Bits[6:4]
   171                              <1> openCompat      equ 0h  ;Deny all, compatibility mode
   172                              <1> openDenRWShr    equ 10h ;Deny all, explicity read/write
   173                              <1> openDenWrShr    equ 20h ;Deny writes
   174                              <1> openDenRdShr    equ 30h ;Deny reads
   175                              <1> openDenNoShr    equ 40h ;Don't deny anything!
   176                              <1> ;NetFCB is for files open by a local server, handling IO from a remote
   177                              <1> ; client by proxy opened by an FCB! Sets the Net bit to indicate this. 
   178                              <1> ;Thus, this is a handle with no JFT entry! Server handles its own JFT!
   179                              <1> openNetFCBShr   equ 70h
   180                              <1> openNoInherit   equ 80h
   181                              <1> 
   182                              <1> ;Bits 8-12 reserved 0
   183                              <1> ;The next two are extended open mode bits! 
   184                              <1> ;Can be set
   185                              <1> openFailOnI24   equ 2000h   ;If set, automatically FAIL all Int 24h
   186                              <1> openFlushWrites equ 4000h   ;If set, commit after each write call.
   187                              <1> ;Once share is loaded, if a local FCB open occurs, mark the sft as so.
   188                              <1> openSFTFCB      equ 8000h   ;If set, file is SFT-FCB.
   189                              <1> 
   190                              <1> ;Attribute Byte
   191                              <1> attrFileRO          equ 1h
   192                              <1> attrFileHidden      equ 2h
   193                              <1> attrFileSys         equ 4h
   194                              <1> attrFileVolLbl      equ 8h
   195                              <1> attrFileDir         equ 10h ;Directory entry
   196                              <1> attrFileArchive     equ 20h
   197                              <1> attrFileChar        equ 40h ;Reserved, never found in dir
   198                              <1> 
   199                              <1> ;Device Info word equates
   200                              <1> ;For a block device, bits [5:0] contain the drive number
   201                              <1> devCharConIn    equ 1h  ;If set, device is CON input
   202                              <1> devCharConOut   equ 2h  ;If set, device is CON output
   203                              <1> devCharNulDev   equ 4h  ;If set, device is NULL device
   204                              <1> devCharClkDev   equ 8h  ;If set, device is CLOCK device
   205                              <1> 
   206                              <1> devCharFastOut  equ 10h ;If set, device supports INT 29h
   207                              <1> devCharBinary   equ 20h ;If set, r/w char device in Binary mode
   208                              <1> devCharNotEOF   equ 40h ;If set, device not yet at end of file
   209                              <1> devDiskNoFlush  equ 40h ;Set if file is synchronised with hard store!
   210                              <1> devCharDev      equ 80h ;If set, it is a char device!
   211                              <1> 
   212                              <1> devDiskI24onFull    equ 100h    ;If set, Int 24h on disk full or disk EOF
   213                              <1> devCharNetSpool equ 800h    ;If set, device is a network spooler
   214                              <1> 
   215                              <1> devNoInherit    equ 1000h   ;If set, handle not inherited by child processes
   216                              <1> devCharNamePipe equ 2000h   ;If set, device is a named pipe
   217                              <1> devDiskNoDTonClose equ 4000h   ;If set, dont update date and time when closing
   218                              <1> devRedir        equ 8000h   ;If set, dev/file is redirected!
   219                              <1> 
   220                              <1> ;Extended open flags. For the var [wEOFlags]
   221                              <1> ;These are not related to the SFT but are used during an extended open
   222                              <1> ; call to keep track of whats going on and thus help build an SFT.
   223                              <1> eoInExtOpen     equ 0001h   ;Doing Extended Open
   224                              <1> eoFailI24       equ 0002h   ;If EO file hard fails, skip and fail Int 24h
   225                              <1> eoFileNoExist   equ 0004h   ;File doesnt exist
   226                              <1> 
   227                              <1> ;Can combine the third option with one of the first two options.
   228                              <1> ;The first two options cannot be combined.
   229                              <1> ; - If only create is selected, then we try to do a create new. If the 
   230                              <1> ;       file exists, this fails with a "File exists" error.
   231                              <1> ;       Acts like a normal create new call. (21/5Bh)
   232                              <1> ;
   233                              <1> ; - If only open is selected then we try to do an open. If the file doesn't
   234                              <1> ;       doesn't exist, this fails with a "File not found" error.
   235                              <1> ;       Acts like a normal open call. (21/3Dh)
   236                              <1> ;
   237                              <1> ; - If only truncate is selected then we try to do a create. If the file
   238                              <1> ;       doesn't exist, this fails a "File not found" error.
   239                              <1> ;       New behaviour.
   240                              <1> ;
   241                              <1> ; - If open and create are selected then we try and open the file. If 
   242                              <1> ;       the open fails due to the file not existing, we create a new file. 
   243                              <1> ;       New behaviour.
   244                              <1> ;
   245                              <1> ; - If truncate and create are selected then we try to truncate the file. 
   246                              <1> ;       If the file doesnt exist then we create a new file instead.
   247                              <1> ;       Acts like a normal create call. (21/3Ch)
   248                              <1> 
   249                              <1> eoActOpen       equ 01h ;Open the file. 
   250                              <1> eoActTruncate   equ 02h ;Truncate an existing file.
   251                              <1> eoActCreate     equ 10h ;Create a file if one doesnt exist.
   252                              <1> ;Extended Open Action Return 
   253                              <1> eoRetActOpen    equ 1   ;Open existing
   254                              <1> eoRetActCreate  equ 2   ;Create new and open
   255                              <1> eoRetActTruncate    equ 3    ;Recreate and open
   256                              <1> ;------------------------------------------------------------------------;
   257                              <1> ; Buffers allow for buffered drive IO, by first transferring a sector 
   258                              <1> ; to an internal buffer, and then copying it to the specified location
   259                              <1> ; in memory. The buffer is kept in the buffer chain,  in the event that 
   260                              <1> ; another request for the same sector from the same device is made, so 
   261                              <1> ; that is can be read from the device directly. Buffers are uniform in 
   262                              <1> ; size, selected according to the largest detected sector size during 
   263                              <1> ; the initial loadup.
   264                              <1> ;
   265                              <1> ; The buffer pointer in SysVars points to most recently used Buffer
   266                              <1> ;
   267                              <1> ; DEFAULT BUFFERS=30, MINIMUM BUFFERS=2
   268                              <1> ;------------------------------------------------------------------------;
   269                              <1> 
   270                              <1> struc bufferHdr
   271 00000000 ????????????????    <1>     .nextBufPtr  dq  ?   ;Pointer to the next buffer in the chain or -1 at end
   272                              <1>     .wDrvNumFlg:         ;Read as a word to get the following two bytes!
   273 00000008 ??                  <1>     .driveNumber db  ?   ;Drive number the buffer is used for (or -1 for free)
   274 00000009 ??                  <1>     .bufferFlags db  ?   ;Standard Flags
   275 0000000A ????????????????    <1>     .bufferLBA   dq  ?   ;LBA the buffer contains
   276 00000012 ??                  <1>     .bufFATcopy  db  ?   ;Number of copies of the FAT to write (1 if non-FAT)
   277 00000013 ????????            <1>     .bufFATsize  dd  ?   ;Number of sectors per FAT (or 0 if non-FAT)
   278 00000017 ????????????????    <1>     .driveDPBPtr dq  ?   ;Pointer to the device DPB block
   279 0000001F ??                  <1>     .reserved    db  ?   ;Alignment byte
   280                              <1>     .dataarea:             ;Points to the start of the data area
   281                              <1> endstruc
   282                              <1> ;Buffer Flag equates
   283                              <1> dosBuffer   equ 1h  ;Sector 0 (BPB/VPB) in buffer
   284                              <1> fatBuffer   equ 2h  ;FAT sector in buffer
   285                              <1> dirBuffer   equ 4h  ;Directory sector in buffer
   286                              <1> dataBuffer  equ 8h  ;File Data sector in buffer
   287                              <1> refBuffer   equ 20h ;Data in buffer has been referenced by an application
   288                              <1> dirtyBuffer equ 40h ;Data in buffer modified by an application
   289                              <1> freeBuffer  equ 00FFh   ;A word which goes into the drive number to clear both fields
   290                              <1> ;Note! A buffer is marked as referenced when the buffer is "obtained" by a syscall
   291                              <1> ;------------------------------------------------------------------------;
   292                              <1> ; Memory control block for each memory arena
   293                              <1> ;------------------------------------------------------------------------;
   294                              <1> struc mcb
   295 00000000 ??                  <1>     .marker     db ?  ;M = Member of the MCB chain. Z = Last member
   296 00000001 ????????????????    <1>     .owner      dq ?  ;Owning application PSP (para aligned) or 0 for free
   297 00000009 ????????            <1>     .blockSize  dd ?  ;Number of contiguous paragraphs owned by this block
   298                              <1>     ;The following byte is reserved outside of sysinit
   299 0000000D ??                  <1>     .subSysMark db ?  ;Marks the optional DOS subsystem of the MCB
   300 0000000E ????                <1>     .reserved   db 2 dup (?) 
   301                              <1>     .program:
   302                              <1> endstruc
   303                              <1> ;MCB equates
   304                              <1> mcbOwnerHole    equ 7   ;Owner = 7 => Memory hole, always fail free/realloc
   305                              <1> mcbOwnerFree    equ 0   ;Owner = 0 => Free and available space
   306                              <1> mcbOwnerDOS     equ 8   ;Owner = 8 => Owned by DOS
   307                              <1> mcbOwnerNewDOS  equ 9   ;Owner = 9 => New Kernel driver alloc. Needs setting to 8.
   308                              <1> mcbMarkCtn      equ "M"
   309                              <1> mcbMarkEnd      equ "Z"
   310                              <1> ;The following are used on MCB's that belong to DOS, that are not part of the
   311                              <1> ; main kernel (i.e. the CONFIG.SYS optional parts).
   312                              <1> mcbSubDriver    equ "D" ;Any memory allocated for a device driver's code.
   313                              <1> mcbSubDrvExtra  equ "L" ;Any memory allocated by a device driver.
   314                              <1> mcbSubDrvDPB    equ "P" ;Blocks used for DPB's are marked so.
   315                              <1> mcbSubIFS       equ "I" ;Unused for now
   316                              <1> mcbSubFiles     equ "F" ;Any memory allocated for Files.
   317                              <1> mcbSubFCBS      equ "X" ;Unused for now
   318                              <1> mcbSubBuffers   equ "B" ;Any memory allocated for Buffers.
   319                              <1> mcbSubCDS       equ "L" ;Any memory allocated to store a CDS.
   320                              <1> mcbSubStacks    equ "S" ;Unused for now
   321                              <1> 
   322                              <1> 
   323                              <1> memFirstFit     equ 0   ;First free block goes to application
   324                              <1> memBestFit      equ 1   ;Block whos size closest matches requirement
   325                              <1> memLastFit      equ 2   ;Last free block goes to application
   326                              <1> 
   327                              <1> ;Owner = Para aligned address => Owning application PSP
   328                              <1> ;...To consider...
   329                              <1> ;Owner = Non-para aligned address => Error? Should maybe lock up system?
   330                              <1> ;blockSize counts the number of paragraphs FROM .program TO THE NEXT MCB!
   331                              <1> ;------------------------------------------------------------------------;
   332                              <1> ; For Int 21h, the callers registers are saved on their stack in the 
   333                              <1> ; following order, thus allowing for return values to be placed in the 
   334                              <1> ; registers by accessing the caller register stack frame.
   335                              <1> ;------------------------------------------------------------------------;
   336                              <1> struc callerFrame
   337 00000000 ????????????????    <1>     .rax    dq ?  ;Bottom of frame, pointer to rax saved in oldRSP
   338 00000008 ????????????????    <1>     .rbx    dq ?    
   339 00000010 ????????????????    <1>     .rcx    dq ?
   340 00000018 ????????????????    <1>     .rdx    dq ?
   341 00000020 ????????????????    <1>     .rsi    dq ?
   342 00000028 ????????????????    <1>     .rdi    dq ?
   343 00000030 ????????????????    <1>     .rbp    dq ?
   344 00000038 ????????????????    <1>     .r8     dq ?  ;To be removed if truly not needed
   345 00000040 ????????????????    <1>     .r9     dq ?
   346                              <1> ;Pushed by Processor when invoked via Interrupt
   347 00000048 ????????????????    <1>     .rip    dq ?
   348 00000050 ????????????????    <1>     .cs     dq ?
   349 00000058 ????????????????    <1>     .flags  dq ?
   350                              <1> endstruc
   351                              <1> 
   352                              <1> struc dpl
   353                              <1> ;DOS parameter list, pointer to this stack is passed to DOS in rdx on
   354                              <1> ; server calls
   355 00000000 ????????????????    <1>     .rax    dq ?
   356 00000008 ????????????????    <1>     .rbx    dq ?
   357 00000010 ????????????????    <1>     .rcx    dq ?
   358 00000018 ????????????????    <1>     .rdx    dq ?
   359 00000020 ????????????????    <1>     .rsi    dq ?
   360 00000028 ????????????????    <1>     .rdi    dq ?
   361 00000030 ????????????????    <1>     .r8     dq ?
   362 00000038 ????????????????    <1>     .r9     dq ?
   363 00000040 ????????????????    <1>     .align  dq ?
   364 00000048 ????????????????    <1>     .compID dq ?  ;Computer id, low word used only
   365 00000050 ????????????????    <1>     .procID dq ?  ;Process ID
   366                              <1> endstruc
   367                              <1> 
   368                              <1> struc cfgFrame  ;Frame used for config.sys parsing
   369 00000000 ????????????????    <1>     .oldRBP         dq ?    ;Ptr to DOSSEG
   370 00000008 ????????????????    <1>     .newBuffers     dq ?    ;New buffers value
   371 00000010 ????????????????    <1>     .newSFTVal      dq ?
   372 00000018 ????????????????    <1>     .newFCBSVal     dq ?
   373 00000020 ????????????????    <1>     .newProtFCBSVal dq ?    ;Number of protected FCBS
   374 00000028 ????????????????    <1>     .newLastdrive   dq ?
   375 00000030 ????????????????    <1>     .newStacks      dq ?    ;Ignored for now
   376 00000038 ????????????????    <1>     .newStackSize   dq ?    ;Ignored for now
   377 00000040 ????????????????    <1>     .cfgHandle      dq ?    ;CONFIG.SYS handle
   378 00000048 ????????????????    <1>     .lastLine       dq ?    ;Set if the last line is current
   379 00000050 ????????????????    <1>     .linePtr        dq ?    ;Ptr to line buffer of line being processed
   380 00000058 ????????????????    <1>     .driverBreak    dq ?    ;Ptr to the pathname terminator 
   381 00000060 ????????????????    <1>     .breakChar      dq ?    ;Char that was replaced by null for terminator
   382                              <1> endstruc
   383                              <1> 
   384                              <1> struc filename
   385                              <1> ;8.3 File name struct
   386 00000000 ????????????????    <1>     .fName  db 8 dup (?)
   387 00000008 ??????              <1>     .fExt   db 3 dup (?)
   388                              <1> endstruc
   389                              <1> 
   390                              <1> struc ffBlock   ;The structure of the Find First structure at the DTA
   391 00000000 ??                  <1>     .driveNum   db ?  ;Drive we are searching on, 1 based number
   392 00000001 <res Bh>            <1>     .template   db 11 dup (?) ;Search template (? meaning anything)
   393 0000000C ??                  <1>     .attrib     db ?  ;Search attribute
   394 0000000D ????????            <1>     .dirOffset  dd ?  ;32 byte entry within dir cluster
   395 00000011 ????????            <1>     .parDirClus dd ?  ;Parent Directory Cluster number
   396 00000015 ??                  <1>     .attribFnd  db ?  ;Attrib of file found
   397 00000016 ????                <1>     .fileTime   dw ?  ;File time
   398 00000018 ????                <1>     .fileDate   dw ?  ;File date
   399 0000001A ????????            <1>     .fileSize   dd ?  ;Number of bytes
   400 0000001E <res Dh>            <1>     .asciizName db 13 dup (?) ;ASCIIZ name with dot and terminating nul
   401                              <1> endstruc
   402                              <1> 
   403                              <1> dfltJFTsize equ 20  ;Default size of PSP JFT
   404                              <1> struc psp
   405 00000000 ????                <1>     .return     db 2 dup (?)  ;Should always be CDh 20h, same place as DOS
   406 00000002 ????????            <1>     .allocSize  dd ?  ;Number of paras in init alloc or when exiting as TSR.
   407 00000006 ????????            <1>                 dd ?  ;Reserved 4 bytes
   408 0000000A ????????????????    <1>     .oldInt22h  dq ?  ;Int 22h pointer on overlay load
   409 00000012 ????????????????    <1>     .oldInt23h  dq ?  ;Int 23h pointer on overlay load
   410 0000001A ????????????????    <1>     .oldInt24h  dq ?  ;Int 24h pointer on overlay load
   411 00000022 ????????????????    <1>     .parentPtr  dq ?  ;Pointer to parent process PSP
   412                              <1> ;If jftSize > 20, then the QWORD at .jobFileTbl becomes a pointer
   413                              <1> ; to the actual in use JFT and the other 12 bytes are left undefined.
   414                              <1> ;If jftSize < 20 (DOS will never set it so), then it is considered as 20
   415                              <1> ;If the user tries to reduce handle count to 20 or less, then the PSP JFT is 
   416                              <1> ; always used and jftSize.
   417                              <1>     .externalJFTPtr:    ;Ptr to external JFT array (first byte AFTER MCB)
   418 0000002A <res 14h>           <1>     .jobFileTbl db dfltJFTsize dup (?) ;Main File handle array, JFT
   419 0000003E ????????????????    <1>     .envPtr     dq ?  ;Pointer to the environment
   420 00000046 ????????????????    <1>     .rspPtr     dq ?  ;Pointer to rsp on entry to Int 21h
   421 0000004E ????                <1>     .jftSize    dw ?  ;JFT array size, 20 => PSP JFT in use
   422 00000050 ??????              <1>     .unixEntry  db 3 dup (?)  ;Must always be CDh 21h CBh, same place as DOS
   423 00000053 ????????????????    <1>     .prevPSP    dq ?  ;Pointer to the previous PSP in chain (used by SHARE)
   424 0000005B ??                  <1>                 db ?  ;Reserved byte
   425                              <1> ;The below are in the same place as in DOS.
   426                              <1>     .cmdLineArgPtr: ;Symbol for future use
   427 0000005C <res 10h>           <1>     .fcb1       db 16 dup (?)  ;First FCB,    argument 1 
   428 0000006C <res 14h>           <1>     .fcb2       db 20 dup (?)  ;Second FCB,   argument 2
   429                              <1>     .dta:   ;Pointer to the default DTA in the PSP
   430 00000080 ??                  <1>     .parmList   db ?   ;Number of characters in command tail
   431 00000081 <res 7Fh>           <1>     .progTail   db 127 dup (?) ;Default DTA/Program tail
   432                              <1> endstruc
   433                              <1> 
   434                              <1> struc clkStruc
   435 00000000 ????                <1>     .dateWord   dw ?
   436 00000002 ??                  <1>     .minutes    db ?
   437 00000003 ??                  <1>     .hours      db ?
   438 00000004 ??                  <1>     .hseconds   db ?  ;Hundreths of seconds
   439 00000005 ??                  <1>     .seconds    db ?
   440                              <1> endstruc
   441                              <1> 
   442                              <1> 
   443                              <1> struc extCtryStruc
   444 00000000 ??                  <1>     .infoIDCode db ?    ;Information ID code (01h)
   445 00000001 ????                <1>     .strucSize  dw ?    ;Length of the structure  (42 or less)
   446 00000003 ????                <1>     .ctryID     dw ?    ;Country ID number
   447 00000005 ????                <1>     .cpNumber   dw ?    ;Code page number
   448 00000007 ????                <1>     .dtfmt      dw ?    ;Date time format (2 bytes)
   449                              <1>                         ;0 = month day year hh:mm:ss
   450                              <1>                         ;1 = day month year hh:mm:ss
   451                              <1>                         ;2 = year month day hh:mm:ss
   452 00000009 ??????????          <1>     .curr       db 5 dup (?)   ;ASCIIZ Currency symbol (5 chars)
   453 0000000E ????                <1>     .thouSep    db 2 dup (?)   ;ASCIIZ Thousands separator
   454 00000010 ????                <1>     .dcmlSep    db 2 dup (?)   ;ASCIIZ Decimal separator
   455 00000012 ????                <1>     .dateSep    db 2 dup (?)   ;ASCIIZ Date separator
   456 00000014 ????                <1>     .timeSep    db 2 dup (?)   ;ASCIIZ Time separator
   457 00000016 ??                  <1>     .currFmt    db ?    ;Currency Format
   458                              <1>                         ;0 = Symbol leads, without space
   459                              <1>                         ;1 = Symbol follows, without space
   460                              <1>                         ;2 = Symbol leads, one space
   461                              <1>                         ;3 = Symbol follows, one space
   462                              <1>                         ;4 = Symbol replace decimal separator
   463 00000017 ??                  <1>     .digtdpt    db ?    ;Number of digits after the decimal point
   464 00000018 ??                  <1>     .timefmt    db ?    ;Time format, Bit 0 = 0 => 12 hour, = 1 => 24 hour clock
   465 00000019 ????????????????    <1>     .mapptr     db 8 dup (?)  ;Case map address (0 is nulptr), needs fixing up
   466 00000021 ????                <1>     .dataSep    db 2 dup (?)  ;Data list separator
   467 00000023 <res Ah>            <1>     .resv       db 10 dup (?) ;Reserve 10 bytes
   468                              <1> endstruc
   469                              <1> 
   470                              <1> struc countryStruc
   471 00000000 ????                <1>     .dtfmt      dw ?    ;Date time format (2 bytes)
   472                              <1>                         ;0 = month day year hh:mm:ss
   473                              <1>                         ;1 = day month year hh:mm:ss
   474                              <1>                         ;2 = year month day hh:mm:ss
   475 00000002 ??????????          <1>     .curr       db 5 dup (?)   ;ASCIIZ Currency symbol (5 chars)
   476 00000007 ????                <1>     .thouSep    db 2 dup (?)   ;ASCIIZ Thousands separator
   477 00000009 ????                <1>     .dcmlSep    db 2 dup (?)   ;ASCIIZ Decimal separator
   478 0000000B ????                <1>     .dateSep    db 2 dup (?)   ;ASCIIZ Date separator
   479 0000000D ????                <1>     .timeSep    db 2 dup (?)   ;ASCIIZ Time separator
   480 0000000F ??                  <1>     .currFmt    db ?    ;Currency Format
   481                              <1>                         ;0 = Symbol leads, without space
   482                              <1>                         ;1 = Symbol follows, without space
   483                              <1>                         ;2 = Symbol leads, one space
   484                              <1>                         ;3 = Symbol follows, one space
   485                              <1>                         ;4 = Symbol replace decimal separator
   486 00000010 ??                  <1>     .digtdpt    db ?    ;Number of digits after the decimal point
   487 00000011 ??                  <1>     .timefmt    db ?    ;Time format, Bit 0 = 0 => 12 hour, = 1 => 24 hour clock
   488 00000012 ????????????????    <1>     .mapptr     db 8 dup (?)  ;Case map address (0 is nulptr), needs fixing up
   489 0000001A ????                <1>     .dataSep    db 2 dup (?)  ;Data list separator
   490 0000001C <res Ah>            <1>     .resv       db 10 dup (?) ;Reserve 10 bytes
   491                              <1> endstruc
   492                              <1> 
   493                              <1> ;Critical Error AH bitfield equates
   494                              <1> critRead    equ 0h
   495                              <1> critWrite   equ 1h
   496                              <1> critDOS     equ 0h
   497                              <1> critFAT     equ 2h
   498                              <1> critDir     equ 4h
   499                              <1> critData    equ 6h
   500                              <1> critFailOK  equ 8h
   501                              <1> critRetryOK equ 10h
   502                              <1> critIgnorOK equ 20h
   503                              <1> critCharDev equ 80h
   504                              <1> 
   505                              <1> critIgnore  equ 0
   506                              <1> critRetry   equ 1
   507                              <1> critAbort   equ 2
   508                              <1> critFail    equ 3
   509                              <1> 
   510                              <1> ;MISC ASCII control chars
   511                              <1> NUL equ 00h ;^@         | ASCII Null
   512                              <1> ETX equ 03h ;^C         | ASCII Break (End of Text) 
   513                              <1> ACK equ 06h ;^F         | ASCII Acknowledgement
   514                              <1> BEL equ 07h ;^G         | ASCII Bell
   515                              <1> BSP equ 08h ;^H         | ASCII Backspace
   516                              <1> TAB equ 09h ;^I         | ASCII Horizontal Tab
   517                              <1> LF  equ 0Ah ;^J         | ASCII Line Feed
   518                              <1> CR  equ 0Dh ;^M         | ASCII Carriage Return
   519                              <1> DLE equ 10h ;^P         | ASCII Data Link End (Toggle Print Echo)
   520                              <1> DC3 equ 13h ;^S         | ASCII Device Control 3 (Toggle Scroll Lock)
   521                              <1> DC4 equ 14h ;^T         | ASCII Device Control 4
   522                              <1> NAK equ 15h ;^U         | ASCII Negative Acknowledgement
   523                              <1> ETB equ 17h ;^W         | ASCII End of Transmission Block
   524                              <1> EOF equ 1Ah ;^Z         | ASCII Substitute character (End of File)
   525                              <1> ESC equ 1Bh ;           | ASCII Escape char, used for ANSI.SYS
   526                              <1> SPC equ 20h ;Printable  | ASCII Space
   527                              <1> ;This last one is NEVER printed with a caret as it is a console control char
   528                              <1> DEL equ 7Fh ;^?         | ASCII Rubout (Del char and dec cursor)
   529                              <1> 
   530                              <1> asciiCaret  equ 20h ;Used to check which chars need to be printed with caret
   531                              <1> ;Extended Ascii Codes
   532                              <1> eF1     equ 3Bh ;F1 second byte
   533                              <1> eF2     equ 3Ch ;F2 second byte
   534                              <1> eF3     equ 3Dh ;F3 second byte
   535                              <1> eF4     equ 3Eh ;F4 second byte
   536                              <1> eF5     equ 3Fh ;F5 second byte
   537                              <1> eF6     equ 40h ;F6 second byte
   538                              <1> eF7     equ 41h ;F7 second byte
   539                              <1> eCursL  equ 4Bh ;Cursor Left second byte
   540                              <1> eCursR  equ 4Dh ;Cursor Right second byte
   541                              <1> eIns    equ 52h ;Insert second byte
   542                              <1> eDel    equ 53h ;DEL second byte (not necessarily delete key)
   543                              <1> 
   544                              <1> ;Default Configuration for the system
   545                              <1> 
   546                              <1> buffersDefault  equ 30
   547                              <1> filesDefault    equ 20
   548                              <1> fcbsDefault     equ 4
   549                              <1> safeFcbsDeflt   equ 0
   550                              <1> lastDriveDeflt  equ 5   
   551                              <1> 
   552                              <1> ;ASCII char property table equates. If such a bit is clear in signature in table
   553                              <1> ; then the char has this property.
   554                              <1> badChar     equ 1   ;Bad ASCIIZ filename char
   555                              <1> termChar    equ 2   ;Terminator char type
   556                              <1> sepChar     equ 4   ;Separator char type
   557                              <1> badFCBChar  equ 8   ;FCB filename char
     9                                  %include "./inc/fcbStruc.inc"
     1                              <1> ;FCB related structures
     2                              <1> 
     3                              <1> ;Note: If record size > 64, high byte of randRecrd is ignored.
     4                              <1> ;This field also used for random read/write ops to find the right record
     5                              <1> struc fcb
     6 00000000 ??                  <1>     .driveNum   db ?  ;0 based drive number
     7 00000001 ????????????????    <1>     .filename   dq ?
     8 00000009 ??????              <1>     .fileext    db 3 dup (?)
     9 0000000C ????                <1>     .curBlock   dw ?  ;Current block number relative to 0
    10                              <1> ;One block consists of 128 records, of size denoted in the below
    11 0000000E ????                <1>     .recordSize dw ?  ;Record size, default 80h
    12 00000010 ????????            <1>     .fileSize   dd ?  ;File size, in bytes
    13 00000014 ????                <1>     .fileDate   dw ?  ;Standard date format
    14 00000016 ????                <1>     .fileTime   dw ?  ;Standard time format
    15                              <1>     ;----------------------------------------
    16                              <1>     ;Internal Records
    17 00000018 ??                  <1>     .sftNdx     db ?  ;Internal, SFT ndx number
    18 00000019 ??                  <1>     .fcbMode    db ?  ;Internal byte, to indicate format of special field
    19 0000001A ????????????        <1>     .special    db 6 dup (?)  ;For use with below internal structures
    20                              <1>     ;----------------------------------------
    21 00000020 ??                  <1>     .recordNum  db ?  ;Current record in block
    22 00000021 ????????            <1>     .randRecrd  dd ?  ;Relative record number, relative to start of file
    23                              <1> endstruc
    24                              <1> 
    25                              <1> struc exFcb
    26 00000000 ??                  <1>     .extSig     db ?  ;If the first byte is -1, signals an exFCB
    27 00000001 ??????????          <1>     .reserved   db 5 dup (?)  
    28 00000006 ??                  <1>     .attribute  db ?  ;File attribute byte
    29 00000007 ??                  <1>     .driveNum   db ?  ;1 based drive number 
    30 00000008 ????????????????    <1>     .filename   dq ?
    31 00000010 ??????              <1>     .fileext    db 3 dup (?)
    32 00000013 ????                <1>     .curBlock   dw ?  ;Current block number relative to 0
    33                              <1> ;One block consists of 128 records, of size denoted in the below
    34 00000015 ????                <1>     .recordSize dw ?  ;Record size, default 80h
    35 00000017 ????????            <1>     .fileSize   dd ?  ;File size, in bytes
    36 0000001B ????                <1>     .fileDate   dw ?  ;Standard date format
    37 0000001D ????                <1>     .fileTime   dw ?  ;Standard time format
    38                              <1>     ;----------------------------------------
    39                              <1>     ;Internal Records
    40 0000001F ??                  <1>     .sftNdx     db ?  ;Internal, SFT ndx number
    41 00000020 ??                  <1>     .fcbMode    db ?  ;Internal byte, to indicate format of special field
    42 00000021 ????????????        <1>     .special    db 6 dup (?)  ;For use with below internal structures
    43                              <1>     ;----------------------------------------
    44 00000027 ??                  <1>     .recordNum  db ?  ;Current record in block
    45 00000028 ????????            <1>     .randRecrd  dd ?  ;Relative record number, relative to start of file
    46                              <1> endstruc
    47                              <1> 
    48                              <1> struc renameFcb
    49                              <1> ;Used for accessing the names and drive letter for renaming
    50                              <1> ;The fcb ptr must be pointing to the drivenumber even if the passed fcb was ext
    51 00000000 ??                  <1>     .driveNum   db ?
    52 00000001 ????????????????    <1>     .filename   dq ?
    53 00000009 ??????              <1>     .fileext    db 3 dup (?)
    54 0000000C ????????            <1>     .reserved   dd ?  ;Alignment bytes, cleared by AH=29h
    55 00000010 ??                  <1>     .resDrvNum  db ?  ;Always zero, used by AH=29h for the drive letter
    56 00000011 ????????????????    <1>     .newName    dq ?
    57 00000019 ??????              <1>     .newExt     db 3 dup (?)
    58 0000001C ????????            <1>     .reserved2  dd ?  ;Alignment bytes, cleared by AH=29h
    59                              <1> endstruc
    60                              <1> 
    61                              <1> struc exRenFcb
    62                              <1> ;Used for accessing the names and drive letter for renaming
    63                              <1> ;The fcb ptr must be pointing to the drivenumber even if the passed fcb was ext
    64 00000000 ??                  <1>     .extSig     db ?  ;If the first byte is -1, signals an exFCB
    65 00000001 ??????????          <1>     .res0       db 5 dup (?)  
    66 00000006 ??                  <1>     .attribute  db ?  ;File attribute byte
    67 00000007 ??                  <1>     .driveNum   db ?
    68 00000008 ????????????????    <1>     .filename   dq ?
    69 00000010 ??????              <1>     .fileext    db 3 dup (?)
    70 00000013 ????????            <1>     .reserved   dd ?  ;Alignment bytes, cleared by AH=29h
    71 00000017 ??                  <1>     .resDrvNum  db ?  ;Always zero, used by AH=29h for the drive letter
    72 00000018 ????????????????    <1>     .newName    dq ?
    73 00000020 ??????              <1>     .newExt     db 3 dup (?)
    74 00000023 ????????            <1>     .reserved2  dd ?  ;Alignment bytes, cleared by AH=29h
    75                              <1> endstruc
    76                              <1> 
    77                              <1> ;FCBmode equates:
    78                              <1> ;Bit 7 = Set => Share loaded, Clear => Share not loaded
    79                              <1> ;Bit 6 = Set => Char device, Clear => Disk file
    80                              <1> ;Bits [5,0] = Low 6 bits of device attribute word 
    81                              <1> fcbShareOn  equ 80h
    82                              <1> fcbCharDev  equ 40h
    83                              <1> fcbLocal    equ 40h
    84                              <1> 
    85                              <1> ;Structures of the special 6 bytes
    86                              <1> 
    87                              <1> ;Used when share is NOT loaded (fcbMode = 0xxxxxxxb)
    88                              <1> struc noShare   
    89 00000000 ??                  <1>     .attribWord db ?  ;(lowbyte DevAttrWord && 0Ch) || open mode
    90 00000001 ????                <1>     .startClust dw ?  ;Starting cluster of file (too small for FAT32)
    91 00000003 ????                <1>     .dirSect    dw ?  ;Sector containing dir entry (too small for FAT32)
    92 00000005 ??                  <1>     .dirEntry   db ?  ;Number of 32 byte directory entry IN sector
    93                              <1> endstruc
    94                              <1> 
    95                              <1> ;Used when the volume is local and share is loaded (fcbMode = 11xxxxxxb)
    96                              <1> struc shareLocal    
    97 00000000 ????                <1>     .strtClust  dw ?  ;Starting cluster on disk of file (too small for FAT32)
    98 00000002 ????                <1>     .shareSig   dw ?  ;Share record number for this file (to find record)
    99 00000004 ????                <1>     .fileAttr   dw ?  ;File attribute (accessed as a byte)
   100                              <1> endstruc
   101                              <1> 
   102                              <1> ;Used when the volume is remote and share is loaded (fcbMode = 10xxxxxxb)
   103                              <1> struc shareNet
   104                              <1> ;All three fields too small for FAT32
   105 00000000 ????                <1>     .dirSect    dw ?  ;Sector number containing dir entry
   106 00000002 ????                <1>     .relClust   dw ?  ;File relative cluster of last cluster accessed
   107 00000004 ????                <1>     .absClust   dw ?  ;Disk relative cluster of last cluster accessed
   108                              <1> endstruc
    10                                  %include "./inc/dosError.inc"
     1                              <1> ;DOS Error codes
     2                              <1> 
     3                              <1> ;Extended Error Codes
     4                              <1> errInvFnc   equ 1   ;Invalid function number
     5                              <1> errFnf      equ 2   ;File not found
     6                              <1> errPnf      equ 3   ;Path not found
     7                              <1> errNhl      equ 4   ;Too many open handles, no handles left
     8                              <1> errAccDen   equ 5   ;Access denied (to resource)
     9                              <1> errBadHdl   equ 6   ;Invalid handle
    10                              <1> errMCBbad   equ 7   ;MCB's destroyed
    11                              <1> errNoMem    equ 8   ;Insufficient memory
    12                              <1> errMemAddr  equ 9   ;Invalid Memory Block Address
    13                              <1> errBadEnv   equ 10  ;Invalid environment
    14                              <1> errBadFmt   equ 11  ;Invalid format (path etc)
    15                              <1> errAccCde   equ 12  ;Invalid Access Code    ?
    16                              <1> errInvDat   equ 13  ;Invalid data
    17                              <1> ;           equ 14  ;Reserved
    18                              <1> errBadDrv   equ 15  ;Invalid drive specified
    19                              <1> errDelCD    equ 16  ;Attempt to delete the current directory
    20                              <1> errDevUnk   equ 17  ;Not the same device (Device Unknown)
    21                              <1> errNoFil    equ 18  ;No more files, no match found
    22                              <1> ;The following are Driver error codes + 19
    23                              <1> drvErrShft  equ 19  ;Used to shift Driver error codes to extended error codes
    24                              <1> errWpd      equ 19  ;Attempt to write on write protected disk
    25                              <1> errUnkUnt   equ 20  ;Unknown Unit
    26                              <1> errDrvNR    equ 21  ;Drive not ready
    27                              <1> errUnkCmd   equ 22  ;Unknown Command
    28                              <1> errCRCerr   equ 23  ;Data (CRC) error
    29                              <1> errBadRLn   equ 24  ;Bad request structure length
    30                              <1> errSekErr   equ 25  ;Seek error
    31                              <1> errUnkMed   equ 26  ;Unknown media type
    32                              <1> errSecNF    equ 27  ;Sector not Found
    33                              <1> errNoPap    equ 28  ;Printer out of paper
    34                              <1> errWF       equ 29  ;Write fault
    35                              <1> errRF       equ 30  ;Read fault
    36                              <1> errGF       equ 31  ;General fault
    37                              <1> ;----------------------------------------------
    38                              <1> ;The following two go inbetween the Disk errors
    39                              <1> errShrVio   equ 32  ;Sharing violations
    40                              <1> errLokVio   equ 33  ;File Lock violation
    41                              <1> ;----------------------------------------------
    42                              <1> errIDC      equ 34  ;Driver code, Invalid Disk Change
    43                              <1> errNoFCB    equ 35  ;FCB unavailable
    44                              <1> errShrFul   equ 36  ;Sharing buffer full
    45                              <1> 
    46                              <1> errNoNet    equ 50  ;Network request not supported, generic net fail
    47                              <1> 
    48                              <1> errFilExist equ 80  ;File already exists
    49                              <1> errDirExist equ 82  ;Directory already exists
    50                              <1> errFI24     equ 83  ;Fail on Int 24h
    51                              <1> errRedir    equ 84  ;Too many levels of redirection
    52                              <1> errDupRedir equ 85  ;Trying to redirect a redirection
    53                              <1> errBadPass  equ 86  ;Bad password
    54                              <1> errBadParam equ 87  ;Bad parameter passed to request
    55                              <1> errNetWrite equ 88  ;Network Write Fault
    56                              <1> ;-----------------------------------------------------------------------------
    57                              <1> ;Error Loci
    58                              <1> eLocUnk     equ 1   ;Unknown locus, nonspecific or not appropriate
    59                              <1> eLocDsk     equ 2   ;Disk, related to Random Access to a disk or block device
    60                              <1> eLocNet     equ 3   ;Network related issues, shouldnt affect us (yet!)
    61                              <1> eLocChr     equ 4   ;Serial/Character Device error
    62                              <1> eLocMem     equ 5   ;Related to RAM
    63                              <1> ;-----------------------------------------------------------------------------
    64                              <1> ;Error Actions
    65                              <1> eActRet     equ 1   ;Retry
    66                              <1> eActDRet    equ 2   ;Delay then retry (Try again later)
    67                              <1> eActUsr     equ 3   ;Ask user to re-input data, i.e. bad filename or something
    68                              <1> eActAbt     equ 4   ;Abort with cleanup
    69                              <1> eActKil     equ 5   ;Abort without cleanup
    70                              <1> eActIgn     equ 6   ;Ignore error
    71                              <1> eActRetUsr  equ 7   ;Retry after user intervention (i.e swap remdev)
    72                              <1> ;-----------------------------------------------------------------------------
    73                              <1> ;Error classes
    74                              <1> eClsOoR     equ 1   ;Out of resources, no mem or handles
    75                              <1> eClsTS      equ 2   ;Temp sitch, should go away
    76                              <1> eClsAuth    equ 3   ;Authorisation, e.g. file permission error 
    77                              <1> eClsInt     equ 4   ;Internal DOS error or bug
    78                              <1> eClsHrdFlt  equ 5   ;Hardware Failure
    79                              <1> eClsSysFlt  equ 6   ;System Failure, i.e. missing or bad cfg files
    80                              <1> eClsAppFlt  equ 7   ;Application Program error, inconsistent requests etc...
    81                              <1> eClsNotFnd  equ 8   ;Resource not found (such as free SFT entry etc...)
    82                              <1> eClsBadFmt  equ 9   ;Bad format for resource
    83                              <1> eClsLocked  equ 10  ;Resource Locked
    84                              <1> eClsMedia   equ 11  ;Error is on medium, i.e. wrong or damaged remdev
    85                              <1> eClsClash   equ 12  ;Resource already exists!
    86                              <1> eClsUnk     equ 13  ;Unknown class
    11                                  %include "./inc/cmdEqu.inc"
     1                              <1> ;Data equates and struct declarations
     2                              <1> 
     3                              <1> cmdBufferL  equ 130 ;Length of a command line buffer (add two bytes for padding)
     4                              <1> driveSpecL  equ 2   ;Space for X:
     5                              <1> dirPathL    equ 64  ;Length of a directory path
     6                              <1> fcbNameL    equ 11  ;8.3 => 11 chars in name
     7                              <1> filenameL   equ fcbNameL + 1 ;Add a dot for the name.ext separator
     8                              <1> fileNameZL  equ filenameL + 1   ;Add a space for a terminating null
     9                              <1> fullDirPathL equ driveSpecL + dirPathL
    10                              <1> fullDirPathZL equ fullDirPathL + 1   ;Add one for terminating null
    11                              <1> fileSpecZL  equ fullDirPathL + fileNameZL ;One full asciiz pathspec
    12                              <1> cmdNameL    equ 1 + fileNameZL  ;1 for the count prefix
    13                              <1> 
    14                              <1> ;Use PSP FCB's for switch buffers
    15                              <1> fcb1        equ psp.fcb1
    16                              <1> fcb2        equ psp.fcb2
    17                              <1> ;Use the dta as the built command line buffer.
    18                              <1> cmdTail     equ psp.parmList
    19                              <1> cmdLineCnt  equ psp.parmList
    20                              <1> cmdLine     equ psp.progTail
    21                              <1> 
    22                              <1> 
    23                              <1> ;Struct Declarations
    24                              <1> ;In batch, for pointers, 0 means NULL.
    25                              <1> ;FOR/CALL not priorities for implementation right now.
    26                              <1> struc batBlockHdr
    27 00000000 ??                  <1>     .zero       db ?    ;Always null
    28 00000001 ??                  <1>     .bEchoFlg   db ?    ;Echo flag on entry to batch. 1 if echo on!
    29 00000002 ????????????????    <1>     .pLink      dq ?    ;Pointer to the previous batch block when CALLed
    30                              <1> ;    .pForBlk    dq ?    ;Pointer to the active FOR block
    31 0000000A ??                  <1>     .bStatFlg   db ?    ;Indicates type of command currently active
    32                              <1> .qBatOff:
    33 0000000B ????????            <1>     .dBatOffLo  dd ?    ;LSEEK Low dword of the batch offset
    34 0000000F ????????            <1>     .dBatOffHi  dd ?    ;LSEEK High dword of the batch offset (0 unless net FS)
    35 00000013 <res 14h>           <1>     .wArgs      dw 10 dup (?) ;Offsets of parameters %0-%9. -1 means no param
    36                              <1>     .cmdLine:   ;0 terminated path (%0) followed by cmd line params.
    37                              <1>     ;We include terminating CR. Add null at the end to mean end of params.
    38                              <1> endstruc
    39                              <1> bbNoParam   equ -1
    40                              <1> bbNull      equ 0
    41                              <1> bbEchoOn    equ 1
    42                              <1> bbEchoOff   equ 0
    43                              <1> bbMaxAlloc  equ batBlockHdr_size + cmdBufferL + 1 ;Add 1 for good measure :)
    44                              <1> batNoEchoChar   equ "@" ;If a line starts with this, no echo!
    45                              <1> 
    46                              <1> struc forBlk
    47                              <1> ;forBlk.sListv is double null terminated at the end of the string
    48 00000000 ??                  <1>     .bListc     db ?    ;Number of elements in the list
    49 00000001 <res 82h>           <1>     .sListBlk   db cmdBufferL dup (?)   ;Null terminated entries of list.
    50 00000083 ??                  <1>     .bCmdWC     db ?    ;Set if the list entry has a wildcard
    51 00000084 ??                  <1>     .bArgNum    db ?    ;Number of the current argument
    52 00000085 ????????????????    <1>     .pLstCurr   dq ?    ;Ptr to current list element we are treating
    53 0000008D ????????????????    <1>     .pCmd       dq ?    ;Ptr to command string
    54 00000095 <res 82h>           <1>     .sCmdLine   db cmdBufferL dup (?)   ;Copy of cmdline to execute with %<var> 
    55 00000117 <res 43h>           <1>     .sNameBuf   db fullDirPathZL dup (?)    ;Used for building a search spec.
    56 0000015A <res 2Bh>           <1>     .sFFBuffer  db ffBlock_size dup (?) ;ffblock for searching list elements
    57 00000185 ??                  <1>     .bLpVar     db ?    ;Char of loop var
    58                              <1> endstruc
    59                              <1> 
    60                              <1> 
    61                              <1> struc drvHdr  ;Device Driver Header for character and block devices
    62 00000000 ????????????????    <1>     .nxtPtr dq ?  ;Pointer to the next driver header, -1 if at the end
    63 00000008 ????                <1>     .attrib dw ?  ;Attribute Word
    64 0000000A ????????????????    <1>     .strPtr dq ?  ;Strategy Entry Pointer
    65 00000012 ????????????????    <1>     .intPtr dq ?  ;Interrupt Entry Pointer
    66 0000001A ????????????????    <1>     .drvNam db 8 dup (?)  ;Driver name (Char) or Number of units byte (Block)
    67                              <1> endstruc
    68                              <1> 
    69                              <1> struc execProg  ;For use with EXEC-ing a child task
    70 00000000 ????????????????    <1>     .pEnv       dq ?  ;Ptr to environment block (or 0 => copy parent env)
    71 00000008 ????????????????    <1>     .pCmdLine   dq ?  ;Ptr to the command line to be placed at PSP + 80h
    72 00000010 ????????????????    <1>     .pfcb1      dq ?  ;Ptr to the first FCB (parsed argument 1)
    73 00000018 ????????????????    <1>     .pfcb2      dq ?  ;Ptr to the second FCB  (parsed argument 2)
    74                              <1> endstruc
    75                              <1> 
    76                              <1> ;Directory attribute equates
    77                              <1>     dirReadOnly     equ 01h
    78                              <1>     dirHidden       equ 02h
    79                              <1>     dirSystem       equ 04h
    80                              <1>     dirVolumeID     equ 08h
    81                              <1>     dirDirectory    equ 10h
    82                              <1>     dirArchive      equ 20h
    83                              <1>     dirCharDev      equ 40h ;Never written to disk, used to represent a Char Dev
    84                              <1>     dirLongName     equ dirReadOnly | dirHidden | dirSystem | dirVolumeID
    85                              <1>     ;If any of the three bits are set, then ALL three bits are set
    86                              <1>     ; in addition to whatever the user passed to search for.
    87                              <1>     dirInclusive    equ dirHidden | dirSystem | dirDirectory
    88                              <1>     dirIncFiles     equ dirHidden | dirSystem
    12                                  
    13                                      ORG 100h    ;Allows for r8 to be used as a base pointer for section reloc
    14                                  Segment cmd align=1 valign=1
    15                                  %define currSegVBase 0
    16                                  %include "./dat/cmdData.asm"
     1                              <1> ;Static Data Area for COMMAND.COM    
     2                              <1> startLbl:   ;Start symbol, this is the entry point
     3                              <1> pPSP:       ;Internal pointer to the task PSP
     4 00000000 E9CB4D0000          <1>     jmp cmdLdrE
     5 00000005 CCCCCC              <1>     db 3 dup (0CCh) ;So add three bytes to turn it into a variable after use
     6 00000008 1400                <1> numHdls     dw 20   ;Get number of handles permitted
     7 0000000A 5C                  <1> pathSep     db "\"  ;Default path sep
     8 0000000B 2F                  <1> switchChar  db "/"  ;Default switch char
     9 0000000C FF                  <1> failDrv     db -1   ;0 based drive number. Used to identify if drv bad
    10 0000000D 01                  <1> echoFlg     db 1    ;Global Echo flag, starts up! 1 means on
    11 0000000E FFFF                <1> errHdls     dw -1   ;Set to the STDIO handles. Non -1 => Handles swapped
    12                              <1> ;Volume static FCB for filesearches
    13                              <1> volFcb:
    14                              <1>     istruc exFcb
    15 00000010 FF                  <1>     at exFcb.extSig,    db -1   ;Indicate extended FCB
    16 00000011 00<rep 5h>08        <1>     at exFcb.attribute, db dirVolumeID
    17 00000017 00                  <1>     at exFcb.driveNum,  db 0    ;Current drive
    18 00000018 3F3F3F3F3F3F3F3F    <1>     at exFcb.filename,  db "????????"
    19 00000020 3F3F3F              <1>     at exFcb.fileext,   db "???"
    20 00000023 00000000            <1>     at exFcb.curBlock,  dd 0
    21 00000027 00<rep 15h>         <1>     iend 
    22                              <1> 
    23                              <1> ;The string for Y/N prompt for batch ^C handler
    24 0000003C 0201200D            <1> batYNstr    db 2,1," ",CR           ;String for buffered Y/N input
    25                              <1> ;==============================================================================
    26                              <1> ; Do not split the blocks below!
    27                              <1> ;++++++++++++++++++++++++++++++++++++++++++++++++++++++++++++++++++++++++++++++
    28                              <1> cmdLineStatePtr:
    29 00000040 00                  <1> pipeFlag    db 0    ;If set, we fired up a pipe for this command line
    30 00000041 FFFF                <1> pipeSTDIN   dw -1   ;The handle to replace STDIN with once all piping complete
    31 00000043 FFFF                <1> pipeSTDOUT  dw -1   ;The handle to replace STDOUT with once all piping complete
    32                              <1> ;These variables are valid for a SINGLE command in a command line
    33                              <1> ;Next two bytes, if set to -1, flags error
    34 00000045 00                  <1> redirIn     db 0    ;If set, we are redirecting input from a file
    35 00000046 00                  <1> redirOut    db 0    ;If 1, we are redirecting output to a file, destructively
    36                              <1> ;                    If 2, we are redirecting output to a file, by appending
    37 00000047 FFFF                <1> redirSTDIN  dw -1   ;The handle to replace STDIN with once redir complete
    38 00000049 FFFF                <1> redirSTDOUT dw -1   ;The handle to replace STDOUT with once all redir complete
    39                              <1> ;------------------------------------------------------------------------------
    40                              <1> cmdStatePtr:   ;Symbol to use for clearing command state variables
    41 0000004B 00                  <1> arg1Flg     db 0    ;Set if there was a first argument
    42 0000004C 00                  <1> arg1Off     db 0    ;Offset into cmdBuffer to the argument
    43 0000004D 00                  <1> arg1FCBret  db 0    ;AL on return from parse filename for argument 1
    44                              <1> 
    45 0000004E 00                  <1> arg2Flg     db 0    ;Set if there was a second argument
    46 0000004F 00                  <1> arg2Off     db 0    ;Offset into cmdBuffer to the argument
    47 00000050 00                  <1> arg2FCBret  db 0    ;AL on return from parse filename for argument 2
    48                              <1> 
    49 00000051 00                  <1> switchFnd   db 0    ;Set if a switch char is found
    50                              <1> cmdStateL equ $ - cmdStatePtr
    51                              <1> cmdLineStateL equ $ - cmdLineStatePtr
    52                              <1> ;------------------------------------------------------------------------------
    53                              <1> ;++++++++++++++++++++++++++++++++++++++++++++++++++++++++++++++++++++++++++++++
    17                                  %include "./dat/cmdTable.asm"
     1                              <1> ;Function dispatch table
     2                              <1> functionTable:
     3                              <1> ;Use Pascal strings with each row of hte table having three columns:
     4                              <1> ; Col 1, BYTE, Length of command
     5                              <1> ; Col 2, String, String representing the user input
     6                              <1> ; Col 3, WORD, Offset from the startLbl into COMMAND.COM of the function
     7 00000052 03444952            <1>     db 3, "DIR"
     8 00000056 BF1A                <1>     dw dir - startLbl
     9                              <1> 
    10 00000058 024344              <1>     db 2, "CD"
    11 0000005B DA1F                <1>     dw chdir - startLbl
    12                              <1> 
    13 0000005D 054348444952        <1>     db 5, "CHDIR"
    14 00000063 DA1F                <1>     dw chdir - startLbl
    15                              <1> 
    16 00000065 024D44              <1>     db 2, "MD"
    17 00000068 1320                <1>     dw mkdir - startLbl
    18                              <1> 
    19 0000006A 054D4B444952        <1>     db 5, "MKDIR"
    20 00000070 1320                <1>     dw mkdir - startLbl
    21                              <1> 
    22 00000072 025244              <1>     db 2, "RD"
    23 00000075 5C20                <1>     dw rmdir - startLbl
    24                              <1> 
    25 00000077 05524D444952        <1>     db 5, "RMDIR"
    26 0000007D 5C20                <1>     dw rmdir - startLbl
    27                              <1> 
    28 0000007F 0344454C            <1>     db 3, "DEL"
    29 00000083 7929                <1>     dw erase - startLbl
    30                              <1> 
    31 00000085 054552415345        <1>     db 5, "ERASE"
    32 0000008B 7929                <1>     dw erase - startLbl
    33                              <1> 
    34 0000008D 0444415445          <1>     db 4, "DATE"
    35 00000092 922A                <1>     dw date - startLbl
    36                              <1> 
    37 00000094 0454494D45          <1>     db 4, "TIME"
    38 00000099 402C                <1>     dw time - startLbl
    39                              <1> 
    40 0000009B 04434F5059          <1>     db 4, "COPY"
    41 000000A0 A620                <1>     dw copy - startLbl
    42                              <1> 
    43 000000A2 0443545459          <1>     db 4, "CTTY"
    44 000000A7 692D                <1>     dw ctty - startLbl
    45                              <1> 
    46 000000A9 03434C53            <1>     db 3, "CLS"
    47 000000AD 102E                <1>     dw cls - startLbl
    48                              <1> 
    49 000000AF 05425245414B        <1>     db 5, "BREAK"
    50 000000B5 942E                <1>     dw break - startLbl
    51                              <1> 
    52 000000B7 06564552494659      <1>     db 6, "VERIFY"
    53 000000BE 152F                <1>     dw verify - startLbl
    54                              <1> 
    55 000000C0 0652454E414D45      <1>     db 6, "RENAME"
    56 000000C7 922F                <1>     dw rename - startLbl
    57                              <1> 
    58 000000C9 0352454E            <1>     db 3, "REN"
    59 000000CD 922F                <1>     dw rename - startLbl
    60                              <1>     
    61 000000CF 08545255454E414D45  <1>     db 8, "TRUENAME"
    62 000000D8 C931                <1>     dw truename - startLbl
    63                              <1> 
    64 000000DA 03564552            <1>     db 3, "VER"
    65 000000DE 0933                <1>     dw version - startLbl
    66                              <1> 
    67 000000E0 03564F4C            <1>     db 3, "VOL"
    68 000000E4 4F32                <1>     dw volume - startLbl
    69                              <1> 
    70 000000E6 034D454D            <1>     db 3, "MEM"
    71 000000EA 4D33                <1>     dw memory - startLbl
    72                              <1> 
    73 000000EC 0445584954          <1>     db 4, "EXIT"
    74 000000F1 4F35                <1>     dw exit - startLbl
    75                              <1> 
    76 000000F3 0454595045          <1>     db 4, "TYPE"
    77 000000F8 9C34                <1>     dw type - startLbl
    78                              <1> 
    79 000000FA 0450415448          <1>     db 4, "PATH"
    80 000000FF 8D38                <1>     dw pathEdit - startLbl
    81                              <1> 
    82 00000101 03534554            <1>     db 3, "SET"
    83 00000105 7937                <1>     dw set - startLbl
    84                              <1> 
    85 00000107 0650524F4D5054      <1>     db 6, "PROMPT"
    86 0000010E 6C39                <1>     dw prompt - startLbl
    87                              <1> 
    88                              <1> ;BATCH ORIENTED COMMANDS HERE
    89 00000110 044543484F          <1>     db 4, "ECHO"
    90 00000115 DC39                <1>     dw echo - startLbl
    91                              <1> 
    92 00000117 055041555345        <1>     db 5, "PAUSE"
    93 0000011D 943A                <1>     dw pauza - startLbl
    94                              <1> 
    95 0000011F 0352454D            <1>     db 3, "REM"
    96 00000123 DD3A                <1>     dw remark - startLbl
    97                              <1> 
    98 00000125 04474F544F          <1>     db 4, "GOTO"
    99 0000012A 2B3B                <1>     dw goto - startLbl
   100                              <1> 
   101 0000012C 055348494654        <1>     db 5, "SHIFT"
   102 00000132 DE3A                <1>     dw shift - startLbl
   103                              <1> 
   104 00000134 024946              <1>     db 2, "IF"
   105 00000137 673C                <1>     dw ifCmd - startLbl
   106                              <1> 
   107 00000139 03464F52            <1>     db 3, "FOR"
   108 0000013D 773D                <1>     dw forCmd - startLbl
   109                              <1> 
   110 0000013F 0443414C4C          <1>     db 4, "CALL"
   111 00000144 8840                <1>     dw callCmd - startLbl
   112                              <1> ;-----------------------------
   113 00000146 FF                  <1>     db -1   ;End of table
   114                              <1> 
   115                              <1> ;Easy table to use, 13 entries, 3 bytes per entry
   116                              <1> pTbl:
   117 00000147 42                  <1>     db "B", 
   118 00000148 0342                <1>     dw putPipeInPrompt - pTbl     ;Pipe char
   119 0000014A 44                  <1>     db "D", 
   120 0000014B F342                <1>     dw printFmtDate - pTbl        ;Current date
   121 0000014D 45                  <1>     db "E", 
   122 0000014E F741                <1>     dw putEscInPrompt - pTbl      ;ANSI Escape char
   123 00000150 47                  <1>     db "G", 
   124 00000151 0742                <1>     dw putGTinPrompt - pTbl       ;Greater than char
   125 00000153 48                  <1>     db "H", 
   126 00000154 0F42                <1>     dw putBSPinPrompt - pTbl      ;Backspace
   127 00000156 4C                  <1>     db "L", 
   128 00000157 0B42                <1>     dw putLTinPrompt - pTbl       ;Less than char
   129 00000159 4E                  <1>     db "N", 
   130 0000015A 2842                <1>     dw putDriveInPrompt - pTbl    ;Current drive letter
   131 0000015C 50                  <1>     db "P", 
   132 0000015D 3642                <1>     dw putCWDInPrompt - pTbl      ;Current drive and path
   133 0000015F 51                  <1>     db "Q", 
   134 00000160 FF41                <1>     dw putEquInPrompt - pTbl      ;Equals char
   135 00000162 54                  <1>     db "T", 
   136 00000163 8A42                <1>     dw printFmtTime - pTbl        ;Current time in hh:mm:ss.hh fmt
   137 00000165 56                  <1>     db "V", 
   138 00000166 C941                <1>     dw putVersionInPrompt - pTbl  ;DOS version number
   139 00000168 5F                  <1>     db "_", 
   140 00000169 BA41                <1>     dw printCRLF - pTbl           ;CRLF pair
   141 0000016B 24                  <1>     db "$", 
   142 0000016C FB41                <1>     dw putMoneyInPrompt - pTbl    ;Dollar sign
   143                              <1> pTblL equ $ - pTbl
    18                                  %include "./dat/cmdStr.asm"
     1                              <1> ;COMMAND.COM Messages and strings
     2 0000016E 0D0A24              <1> crlf    db  CR,LF,"$"
     3 00000171 0D0A0D0A24          <1> crlf2   db  CR,LF,CR,LF,"$"
     4 00000176 0D0A42617463682066- <1> badBat  db  CR,LF,"Batch file missing",CR,LF,"$"    ;Used in BAT
     4 0000017F 696C65206D69737369- <1>
     4 00000188 6E670D0A24          <1>
     5 0000018D 0D0A496E7365727420- <1> needBat db  CR,LF,"Insert disk with batch file"     ;Used in BAT
     5 00000196 6469736B2077697468- <1>
     5 0000019F 206261746368206669- <1>
     5 000001A8 6C65                <1>
     6 000001AA 0D0A616E6420707265- <1>         db  CR,LF,"and press any key when ready",CR,LF,"$"
     6 000001B3 737320616E79206B65- <1>
     6 000001BC 79207768656E207265- <1>
     6 000001C5 6164790D0A24        <1>
     7 000001CB 0D0A5465726D696E61- <1> batFail db  CR,LF,"Terminate batch job (Y/N)? $"
     7 000001D4 746520626174636820- <1>
     7 000001DD 6A6F622028592F4E29- <1>
     7 000001E6 3F2024              <1>
     8 000001E9 42616420636F6D6D61- <1> badCmd  db  "Bad command or file name",CR,LF,"$"
     8 000001F2 6E64206F722066696C- <1>
     8 000001FB 65206E616D650D0A24  <1>
     9 00000204 4475706C6963617465- <1> dupName db  "Duplicate file name or "
     9 0000020D 2066696C65206E616D- <1>
     9 00000216 65206F7220          <1>
    10 0000021B 46696C65206E6F7420- <1> fnfMsg  db  "File not found",CR,LF,"$"
    10 00000224 666F756E640D0A24    <1>
    11 0000022C 496E73756666696369- <1> noSpace db  "Insufficient disk space",CR,LF,"$"     ;Disk full.
    11 00000235 656E74206469736B20- <1>
    11 0000023E 73706163650D0A24    <1>
    12 00000246 4F7574206F6620656E- <1> noEnvSpace  db  "Out of environment space",CR,LF,"$"
    12 0000024F 7669726F6E6D656E74- <1>
    12 00000258 2073706163650D0A24  <1>
    13 00000261 46696C652063726561- <1> fulRootDir  db  "File creation error",CR,LF,"$"
    13 0000026A 74696F6E206572726F- <1>
    13 00000273 720D0A24            <1>
    14 00000277 46696C652063616E6E- <1> noSelfCopy  db  "File cannot be copied onto itself",CR,LF,"$"
    14 00000280 6F7420626520636F70- <1>
    14 00000289 696564206F6E746F20- <1>
    14 00000292 697473656C660D0A24  <1>
    15 0000029B 436F6E74656E74206F- <1> filLostErr  db  "Content of destination lost before copy",CR,LF,"$"
    15 000002A4 662064657374696E61- <1>
    15 000002AD 74696F6E206C6F7374- <1>
    15 000002B6 206265666F72652063- <1>
    15 000002BF 6F70790D0A24        <1>
    16                              <1> ;Copy end message. First write # files copied then this message 
    17 000002C5 2046696C6528732920- <1> copyOk  db  " File(s) copied",CR,LF, "$"
    17 000002CE 636F706965640D0A24  <1>
    18 000002D7 4E6F7420656E6F7567- <1> cpNoMem db  "Not enough memory for COPY",CR,LF,"$"      ;Never should happen
    18 000002E0 68206D656D6F727920- <1>
    18 000002E9 666F7220434F50590D- <1>
    18 000002F2 0A24                <1>
    19                              <1> ;Dir end1 msg. First write # files in dir then this
    20 000002F4 2046696C6528732920- <1> dirOk   db  " File(s) $"
    20 000002FD 24                  <1>
    21                              <1> ;Dir end2 msg. First write # bytes free then this message
    22 000002FE 206279746573206672- <1> bytesOk db  " bytes free",CR,LF, "$"
    22 00000307 65650D0A24          <1>
    23 0000030C 203C4449523E202024  <1> dirLbl  db  " <DIR>  $"
    24                              <1> 
    25 00000315 496E76616C69642064- <1> badDrv  db  "Invalid drive specification",CR,LF,"$"
    25 0000031E 726976652073706563- <1>
    25 00000327 696669636174696F6E- <1>
    25 00000330 0D0A24              <1>
    26 00000333 537472696B65206120- <1> pauseMes     db  "Strike a key when ready . . . $"
    26 0000033C 6B6579207768656E20- <1>
    26 00000345 7265616479202E202E- <1>
    26 0000034E 202E2024            <1>
    27 00000352 496E76616C69642070- <1> badParm db  "Invalid parameter",CR,LF,"$"
    27 0000035B 6172616D657465720D- <1>
    27 00000364 0A24                <1>
    28                              <1> 
    29 00000366 53756E4D6F6E547565- <1> dayName db  "SunMonTueWedThuFriSat"
    29 0000036F 576564546875467269- <1>
    29 00000378 536174              <1>
    30 0000037B 0D0A496E76616C6964- <1> badDate db  CR,LF,"Invalid date$"
    30 00000384 206461746524        <1>
    31 0000038A 43757272656E742064- <1> curDate db  "Current date is $"
    31 00000393 6174652069732024    <1>
    32 0000039B 0D0A456E746572206E- <1> newDate db  CR,LF,"Enter new date $"
    32 000003A4 657720646174652024  <1>
    33 000003AD 286D6D2D64642D7979- <1> usDate  db  "(mm-dd-yy): $"
    33 000003B6 293A2024            <1>
    34 000003BA 2864642D6D6D2D7979- <1> ukDate  db  "(dd-mm-yy): $"
    34 000003C3 293A2024            <1>
    35 000003C7 2879792D6D6D2D6464- <1> jpDate  db  "(yy-mm-dd): $"
    35 000003D0 293A2024            <1>
    36 000003D4 0D0A496E76616C6964- <1> badTime db  CR,LF,"Invalid time$"
    36 000003DD 2074696D6524        <1>
    37 000003E3 43757272656E742074- <1> curTime db  "Current time is $"
    37 000003EC 696D652069732024    <1>
    38 000003F4 0D0A456E746572206E- <1> newTime db  CR,LF,"Enter new time: $"
    38 000003FD 65772074696D653A20- <1>
    38 00000406 24                  <1>
    39                              <1> 
    40 00000407 41726520796F752073- <1> ynMes   db  "Are you sure (Y/N)? $"
    40 00000410 7572652028592F4E29- <1>
    40 00000419 3F2024              <1>
    41                              <1> 
    42 0000041C 205343502F444F5320- <1> dosVer  db " SCP/DOS Version $"
    42 00000425 56657273696F6E2024  <1>
    43                              <1> 
    44 0000042E 20566F6C756D652069- <1> volMes  db " Volume in drive $"
    44 00000437 6E2064726976652024  <1>
    45 00000440 2069732024          <1> volOk   db " is $"
    46 00000445 20686173206E6F206C- <1> volNo   db " has no label$"
    46 0000044E 6162656C24          <1>
    47                              <1> 
    48 00000453 496E76616C69642044- <1> badDir  db "Invalid Directory", CR,LF, "$"
    48 0000045C 69726563746F72790D- <1>
    48 00000465 0A24                <1>
    49 00000467 556E61626C6520746F- <1> badMD   db "Unable to create directory",CR,LF,"$"
    49 00000470 206372656174652064- <1>
    49 00000479 69726563746F72790D- <1>
    49 00000482 0A24                <1>
    50 00000484 496E76616C69642070- <1> badRD   db "Invalid path, not directory,",CR,LF
    50 0000048D 6174682C206E6F7420- <1>
    50 00000496 6469726563746F7279- <1>
    50 0000049F 2C0D0A              <1>
    51 000004A2 6F7220646972656374- <1>         db "or directory not empty",CR,LF,"$"
    51 000004AB 6F7279206E6F742065- <1>
    51 000004B4 6D7074790D0A24      <1>
    52 000004BB 204469726563746F72- <1> dirMain db " Directory of  $"
    52 000004C4 79206F66202024      <1>
    53 000004CB 4E6F20506174682024  <1> noPath  db "No Path $"
    54 000004D4 416363657373206465- <1> accDenMsg  db "Access denied",CR,LF,"$"
    54 000004DD 6E6965640D0A24      <1>
    55 000004E4 43757272656E742064- <1> badDrvMsg db "Current drive is no longer valid$"
    55 000004ED 72697665206973206E- <1>
    55 000004F6 6F206C6F6E67657220- <1>
    55 000004FF 76616C696424        <1>
    56                              <1> ;badDrvSrch  db "Invalid drive in search path",CR,LF,"$"        ;MAY REMOVE
    57 00000505 496E76616C69642064- <1> badDev  db "Invalid device",CR,LF,"$"
    57 0000050E 65766963650D0A24    <1>
    58 00000516 4C6162656C206E6F74- <1> badLbl  db "Label not found",CR,LF,"$"  ;Used in BAT
    58 0000051F 20666F756E640D0A24  <1>
    59 00000528 53796E746178206572- <1> syntaxErr   db "Syntax error",CR,LF,"$"
    59 00000531 726F720D0A24        <1>
    60 00000537 0D464F522063616E6E- <1> forNest db CR,"FOR cannot be nested",CR,LF,"$"    ;Used in BAT
    60 00000540 6F74206265206E6573- <1>
    60 00000549 7465640D0A24        <1>
    61 0000054F 464F5200            <1> forStr  db "FOR",0
    62 00000553 496E7465726D656469- <1> pipeErr db "Intermediate file error during pipe",CR,LF,"$"
    62 0000055C 6174652066696C6520- <1>
    62 00000565 6572726F7220647572- <1>
    62 0000056E 696E6720706970650D- <1>
    62 00000577 0A24                <1>
    63 00000579 43616E6E6F7420646F- <1> binDevErr   db "Cannot do binary reads from a device",CR,LF,"$"
    63 00000582 2062696E6172792072- <1>
    63 0000058B 656164732066726F6D- <1>
    63 00000594 206120646576696365- <1>
    63 0000059D 0D0A24              <1>
    64 000005A0 6F66660D0A24        <1> offMes  db "off",CR,LF,"$"
    65 000005A6 4F464600            <1> offStr  db "OFF",0
    66 000005AA 6F6E0D0A24          <1> onMes   db "on",CR,LF,"$"
    67 000005AF 4F4E00              <1> onStr   db "ON",0
    68 000005B2 425245414B20697320- <1> breakIs db "BREAK is $"
    68 000005BB 24                  <1>
    69 000005BC 564552494659206973- <1> verifyIs    db "VERIFY is $"
    69 000005C5 2024                <1>
    70 000005C7 4543484F2069732024  <1> echoIs  db "ECHO is $"  
    71 000005D0 496E76616C69642070- <1> badSpec db "Invalid path or file name",CR,LF,"$"
    71 000005D9 617468206F72206669- <1>
    71 000005E2 6C65206E616D650D0A- <1>
    71 000005EB 24                  <1>
    72 000005EC 496E76616C6964206E- <1> badArgs db "Invalid number of parameters",CR,LF,"$"
    72 000005F5 756D626572206F6620- <1>
    72 000005FE 706172616D65746572- <1>
    72 00000607 730D0A24            <1>
    73 0000060B 4572726F7220777269- <1> devWriteErr db "Error writing to device"
    73 00000614 74696E6720746F2064- <1>
    73 0000061D 6576696365          <1>
    74 00000622 08200800            <1> backSpace   db BSP," ",BSP,NUL
    75 00000626 50726F6772616D2074- <1> noMemMsg    db "Program too big to fit in memory",CR,LF,"$"
    75 0000062F 6F6F2062696720746F- <1>
    75 00000638 2066697420696E206D- <1>
    75 00000641 656D6F72790D0A24    <1>
    76 00000649 4E4F5400            <1> notString   db "NOT",0
    77 0000064D 4552524F524C455645- <1> errlvlStr   db "ERRORLEVEL",0
    77 00000656 4C00                <1>
    78 00000658 455849535400        <1> existStr    db "EXIST",0
    79 0000065E 494E00              <1> inStr       db "IN",0
    80 00000661 444F00              <1> doStr       db "DO",0
    81 00000664 2800                <1> listOpenStr db "(",0
    82 00000666 2900                <1> listClosStr db ")",0
    83                              <1> 
    84 00000668 0D0A20202020202020- <1> memSys  db CR,LF,"              Total system memory: $"
    84 00000671 20202020202020546F- <1>
    84 0000067A 74616C207379737465- <1>
    84 00000683 6D206D656D6F72793A- <1>
    84 0000068C 2024                <1>
    85 0000068E 0D0A20202020202020- <1> memDOS  db CR,LF,"               Memory used by DOS: $"
    85 00000697 20202020202020204D- <1>
    85 000006A0 656D6F727920757365- <1>
    85 000006A9 6420627920444F533A- <1>
    85 000006B2 2024                <1>
    86 000006B4 0D0A2020202020204D- <1> memApp  db CR,LF,"      Memory used by applications: $"
    86 000006BD 656D6F727920757365- <1>
    86 000006C6 64206279206170706C- <1>
    86 000006CF 69636174696F6E733A- <1>
    86 000006D8 2024                <1>
    87 000006DA 0D0A2020202020204D- <1> memHole db CR,LF,"      Memory reserved by hardware: $"
    87 000006E3 656D6F727920726573- <1>
    87 000006EC 657276656420627920- <1>
    87 000006F5 68617264776172653A- <1>
    87 000006FE 2024                <1>
    88 00000700 0D0A20202020202020- <1> memFree db CR,LF,"                      Memory free: $"
    88 00000709 202020202020202020- <1>
    88 00000712 2020202020204D656D- <1>
    88 0000071B 6F727920667265653A- <1>
    88 00000724 2024                <1>
    89 00000726 20627974657324      <1> memByte db " bytes$"
    90 0000072D 0D0A436F756C64204E- <1> memBad0 db CR,LF,"Could Not Assertain DOS Entry Point$"
    90 00000736 6F7420417373657274- <1>
    90 0000073F 61696E20444F532045- <1>
    90 00000748 6E74727920506F696E- <1>
    90 00000751 7424                <1>
    91 00000753 0D0A4D656D6F727920- <1> memBad1 db CR,LF,"Memory Allocation Error$"
    91 0000075C 416C6C6F636174696F- <1>
    91 00000765 6E204572726F7224    <1>
    92 0000076D 0D0A4D656D6F727920- <1> memBad2 db CR,LF,"Memory Error$"
    92 00000776 4572726F7224        <1>
    93 0000077C 0D0A53797374656D20- <1> memBad3 db CR,LF,"System halted$"
    93 00000785 68616C74656424      <1>
    94                              <1> 
    95 0000078C 556E61626C6520746F- <1> pipeErrMsg  db "Unable to create pipe",CR,LF
    95 00000795 206372656174652070- <1>
    95 0000079E 6970650D0A          <1>
    96                              <1> pipeErrMsgL equ $ - pipeErrMsg
    97 000007A3 526564697265637469- <1> redirErrMsg db "Redirection error",CR,LF
    97 000007AC 6F6E206572726F720D- <1>
    97 000007B5 0A                  <1>
    98                              <1> redirErrMsgL   equ $ - redirErrMsg
    99                              <1> 
   100 000007B6 1B5B324A            <1> ansiCls  db ESC,"[2J" ;ANSI CLS sequence, 4 chars long
   101 000007BA 20                  <1> fourSpc  db SPC
   102 000007BB 20202024            <1> threeSpc db SPC, SPC, SPC,"$"
   103                              <1> 
   104 000007BF 4D7573742073706563- <1> badOnOff db "Must specify ON or OFF",CR,LF,"$"
   104 000007C8 696679204F4E206F72- <1>
   104 000007D1 204F46460D0A24      <1>
   105                              <1> 
   106 000007D8 50524F4D50543D0D    <1> promptEVar  db "PROMPT=",CR     ;Must be CR terminated!
   107 000007E0 434F4D455845424154  <1> extStr  db "COMEXEBAT"  ;Used for extension searches
   108                              <1> ;If anything goes wrong with piping or redirecting just close first two 
   109                              <1> ; handles and reopen this device. Defaults to CON
   110 000007E9 434F4E000000000000  <1> devName db "CON", 6 dup (0) ;8 chars + space for null terminator
   111 000007F2 5F3A5C4155544F4558- <1> autoSpec    db "_:\AUTOEXEC.BAT",0
   111 000007FB 45432E42415400      <1>
   112                              <1> autoSpecL equ $ - autoSpec
   113 00000802 504154483D00        <1> pathEVar    db "PATH=",0
   114 00000808 434F4D535045433D00  <1> comspecEVar db "COMSPEC=",0
   115 00000811 434F4D4D414E442E43- <1> cspec   db "COMMAND.COM", 0
   115 0000081A 4F4D00              <1>
   116                              <1> 
   117                              <1> ;Int 24h strings
   118                              <1> errMsgPtrTbl:
   119 0000081D 2400                <1>     dw errorMsgTbl.0 - errMsgPtrTbl
   120 0000081F 3400                <1>     dw errorMsgTbl.1 - errMsgPtrTbl
   121 00000821 4200                <1>     dw errorMsgTbl.2 - errMsgPtrTbl
   122 00000823 4D00                <1>     dw errorMsgTbl.3 - errMsgPtrTbl
   123 00000825 5E00                <1>     dw errorMsgTbl.4 - errMsgPtrTbl
   124 00000827 6400                <1>     dw errorMsgTbl.5 - errMsgPtrTbl
   125 00000829 7100                <1>     dw errorMsgTbl.6 - errMsgPtrTbl
   126 0000082B 7700                <1>     dw errorMsgTbl.7 - errMsgPtrTbl
   127 0000082D 8600                <1>     dw errorMsgTbl.8 - errMsgPtrTbl
   128 0000082F 9800                <1>     dw errorMsgTbl.9 - errMsgPtrTbl
   129 00000831 A600                <1>     dw errorMsgTbl.A - errMsgPtrTbl
   130 00000833 B300                <1>     dw errorMsgTbl.B - errMsgPtrTbl
   131 00000835 BF00                <1>     dw errorMsgTbl.C - errMsgPtrTbl
   132 00000837 D000                <1>     dw errorMsgTbl.D - errMsgPtrTbl
   133 00000839 E300                <1>     dw errorMsgTbl.E - errMsgPtrTbl
   134 0000083B F300                <1>     dw errorMsgTbl.F - errMsgPtrTbl
   135 0000083D 2901                <1>     dw errorMsgTbl.10 - errMsgPtrTbl
   136 0000083F 3A01                <1>     dw errorMsgTbl.11 - errMsgPtrTbl
   137                              <1> errorMsgTbl:
   138 00000841 57726974652050726F- <1> .0: db "Write Proctect $"       ;Driver Error 0 / DOS Error 013h
   138 0000084A 63746563742024      <1>
   139 00000851 556E6B6E6F776E2055- <1> .1: db "Unknown Unit $"         ;Driver Error 1 / DOS Error 014h
   139 0000085A 6E69742024          <1>
   140 0000085F 4E6F74205265616479- <1> .2: db "Not Ready $"            ;Driver Error 2 / DOS Error 015h
   140 00000868 2024                <1>
   141 0000086A 556E6B6E6F776E2043- <1> .3: db "Unknown Command $"      ;Driver Error 3 / DOS Error 016h
   141 00000873 6F6D6D616E642024    <1>
   142 0000087B 446174612024        <1> .4: db "Data $"                 ;Driver Error 4 / DOS Error 017h
   143 00000881 426164205265717565- <1> .5: db "Bad Request $"          ;Driver Error 5 / DOS Error 018h
   143 0000088A 73742024            <1>
   144 0000088E 5365656B2024        <1> .6: db "Seek $"                 ;Driver Error 6 / DOS Error 019h
   145 00000894 556E6B6E6F776E204D- <1> .7: db "Unknown Media $"        ;Driver Error 7 / DOS Error 01Ah
   145 0000089D 656469612024        <1>
   146 000008A3 536563746F72204E6F- <1> .8: db "Sector Not Found $"     ;Driver Error 8 / DOS Error 01Bh
   146 000008AC 7420466F756E642024  <1>
   147 000008B5 4F7574204F66205061- <1> .9: db "Out Of Paper $"         ;Driver Error 9 / DOS Error 01Ch
   147 000008BE 7065722024          <1>
   148 000008C3 577269746520466175- <1> .A: db "Write Fault $"          ;Driver Error A / DOS Error 01Dh
   148 000008CC 6C742024            <1>
   149 000008D0 52656164204661756C- <1> .B: db "Read Fault $"           ;Driver Error B / DOS Error 01Eh
   149 000008D9 742024              <1>
   150 000008DC 47656E6572616C2046- <1> .C: db "General Failure $"      ;Driver Error C / DOS Error 01Fh
   150 000008E5 61696C7572652024    <1>
   151 000008ED 53686172696E672076- <1> .D: db "Sharing violation $"    ;SHARE Error / DOS Error 020h
   151 000008F6 696F6C6174696F6E20- <1>
   151 000008FF 24                  <1>
   152 00000900 4C6F636B2076696F6C- <1> .E: db "Lock violation $"       ;SHARE Error / DOS Error 021h
   152 00000909 6174696F6E2024      <1>
   153                              <1> ;Driver Error F / DOS Error 022h
   154 00000910 496E76616C69642044- <1> .F: db "Invalid Disk Change",CR,LF,"Please Insert disk "    
   154 00000919 69736B204368616E67- <1>
   154 00000922 650D0A506C65617365- <1>
   154 0000092B 20496E736572742064- <1>
   154 00000934 69736B20            <1>
   155 00000938 202020202020202020- <1> .FVol:  db 11 dup (" ")         ; Volume name for disk. Setup before print
   155 00000941 2020                <1>
   156 00000943 0D0A24              <1>         db CR,LF,"$"
   157                              <1> ;Next two strings dont print any more information, such as reading/writing etc
   158 00000946 46434220756E617661- <1> .10:    db "FCB unavailable $"      ;FCB Error / DOS Error 023h - RESERVED
   158 0000094F 696C61626C652024    <1>
   159 00000957 53686172696E672062- <1> .11:    db "Sharing buffer error $" ;SHARE Error / Error 024h
   159 00000960 756666657220657272- <1>
   159 00000969 6F722024            <1>
   160                              <1> 
   161                              <1> ;Anything above this is a generic network error.
   162 0000096D 47656E6572616C204E- <1> genNetErr   db "General Network Error $"    ;All NET errors codes [32h, 58h]
   162 00000976 6574776F726B204572- <1>
   162 0000097F 726F722024          <1>
   163                              <1> 
   164                              <1> ;Rest of the Int 24h error messages go here
   165 00000984 64726976652024      <1> drvMsg      db "drive $"
   166 0000098B 6572726F7220726561- <1> readMsg     db "error reading $"
   166 00000994 64696E672024        <1>
   167 0000099A 6572726F7220777269- <1> writeMsg    db "error writing $"
   167 000009A3 74696E672024        <1>
   168 000009A9 41626F727424        <1> abortMsg    db "Abort$" 
   169 000009AF 49676E6F726524      <1> ignoreMsg   db "Ignore$"
   170 000009B6 526574727924        <1> retryMsg    db "Retry$"
   171 000009BC 4661696C24          <1> failMsg     db "Fail$"
   172 000009C1 2C2024              <1> betweenMsg  db ", $"
   173 000009C4 3F2024              <1> endMsg      db "? $"
   174 000009C7 49524146            <1> i24Resp     db "IRAF"   ;Abort Retry Ignore Fail
    19                                  %include "./src/cmdMain.asm"
     1                              <1> commandStart:
     2                              <1> ;Jumped to with edx=0 means no autoexec. edx=-1 means autoexec.
     3                              <1> ;Now resize the allocation
     4 000009CB 488D1D(50060000)    <1>     lea rbx, endOfAlloc
     5 000009D2 4C29C3              <1>     sub rbx, r8 ;Get # of bytes for COMMAND.COM and stack
     6 000009D5 81C30F000000        <1>     add ebx, 0Fh    ;Round up paragraph
     7 000009DB C1EB04              <1>     shr ebx, 4  ;Convert to paragraphs
     8 000009DE B8004A0000          <1>     mov eax, 4A00h ;Realloc
     9 000009E3 CD21                <1>     int 21h
    10 000009E5 85D2                <1>     test edx, edx   ;If zero, no autoexec or single command
    11 000009E7 7435                <1>     jz commandMain
    12 000009E9 E8460A0000          <1>     call getSetMainState    ;Ensure the buffers are ready to be used 
    13                              <1> ;If inSingle is set, cmd already in buffer and ready for processing  
    14 000009EE F605(1A000000)04    <1>     test byte [statFlg1], inSingle
    15 000009F5 0F85B0000000        <1>     jnz commandMain.goSingle 
    16                              <1>     ;Only enter here if we are autoexec :)
    17 000009FB C605(C4010000)0F    <1>     mov byte [cLineBuffer + 1], autoSpecL - 1  ;Drop one from the count for CR
    18 00000A02 488D35E9FDFFFF      <1>     lea rsi, autoSpec
    19 00000A09 488D3D(C5010000)    <1>     lea rdi, cLineBuffer + 2
    20 00000A10 E8F13A0000          <1>     call strcpy
    21 00000A15 C647FF0D            <1>     mov byte [rdi - 1], CR  ;Store a CR over the terminating null
    22 00000A19 E984000000          <1>     jmp commandMain.batProceed
    23                              <1> commandMain:
    24 00000A1E 488D25(40060000)    <1>     lea rsp, stackTop   ;Reset internal stack pointer pos
    25 00000A25 E80A0A0000          <1>     call getSetMainState
    26                              <1> .inputMain:         ;Only reset once per line!
    27 00000A2A F605(1A000000)04    <1>     test byte [statFlg1], inSingle   ;If we here in single mode, time to exit
    28 00000A31 0F85182B0000        <1>     jnz exit
    29 00000A37 E8BC380000          <1>     call printCRLFecho  ;Command complete, indicate with new line!
    30 00000A3C B8095D0000          <1>     mov eax, 5D09h  ;Flush network printers
    31 00000A41 CD21                <1>     int 21h
    32 00000A43 B8085D0000          <1>     mov eax, 5D08h  ;Set net printer state
    33 00000A48 BA01000000          <1>     mov edx, 1      ;Start new print job
    34 00000A4D CD21                <1>     int 21h
    35                              <1> .inputGetAgain:
    36 00000A4F E8223B0000          <1>     call clearCommandLineState      ;Cleans all handles 5->MAX
    37                              <1> .inputGetCmdlineAgain:
    38 00000A54 F605(74000000)FF    <1>     test byte [forFlg], -1  ;If we are in a FOR loop, proceed with for
    39 00000A5B 0F857A340000        <1>     jne forProceed
    40 00000A61 F605(1A000000)08    <1>     test byte [statFlg1], inBatch   ;If batch on, get the next line to execute
    41 00000A68 0F85EA0C0000        <1>     jnz batNextLine
    42 00000A6E C605(73000000)00    <1>     mov byte [callFlg], 0   ;If we need to get input from cmdline, no more call!
    43 00000A75 E80C380000          <1>     call printPrompt    ;Ok we are gonna get more input, output prompt
    44 00000A7A 488D15(41010000)    <1>     lea rdx, inBuffer
    45 00000A81 B8000A0000          <1>     mov eax, 0A00h      ;Do Buffered input
    46 00000A86 CD21                <1>     int 21h
    47                              <1> ;Copy over the input text
    48 00000A88 488D35(41010000)    <1>     lea rsi, inBuffer       ;Preserve what was input
    49 00000A8F 488D3D(C3010000)    <1>     lea rdi, cLineBuffer
    50 00000A96 B982000000          <1>     mov ecx, cmdBufferL     ;Copy the buffer over to manipulate
    51 00000A9B F3A4                <1>     rep movsb
    52                              <1> .batProceedCrlf:
    53 00000A9D E85F380000          <1>     call printCRLF      ;Note we have accepted input
    54                              <1> .batProceed:            ;Jump here to copy the batch input line 
    55                              <1> ;First check we had something typed in of length greater than 0
    56 00000AA2 803D(C4010000)00    <1>     cmp byte [cLineBuffer + 1], 0  ;Check input length valid
    57 00000AA9 74A9                <1>     je .inputGetCmdlineAgain  ;If not, keep looping input
    58                              <1> .goSingle:
    59 00000AAB E87A000000          <1>     call makeCmdBuffer      ;Preprocess the redir, make cmd buffer
    60                              <1>     ;Now check we aren't starting with a pipe or <CR> and treat differently
    61 00000AB0 488D35(47020000)    <1>     lea rsi, cmdBuffer + 2
    62 00000AB7 E8883A0000          <1>     call skipDelimiters
    63 00000ABC 803E0D              <1>     cmp byte [rsi], CR      ;If the first non-delim is a CR, reject input!
    64 00000ABF 748E                <1>     je .inputGetAgain       ;Wipe redir flags and reobtain input!
    65 00000AC1 803E7C              <1>     cmp byte [rsi], "|"     ;If the first non-delim is a pipe, syntax error!
    66 00000AC4 0F8416040000        <1>     je hardSynErr
    67                              <1> .pipeLoop:
    68 00000ACA 4C8B052FF5FFFF      <1>     mov r8, qword [pPSP]  ;Point back to home segment
    69 00000AD1 E8AE000000          <1>     call makeCmdString      ;Makes the CR delimited command in psp
    70                              <1>     ;ZF here indicates if we are at the end of the command or nots
    71 00000AD6 E857350000          <1>     call forPrintCmd        ;Print cmd if in a FOR loop. Flag preserved.
    72 00000ADB E898070000          <1>     call setupRedirandPipes ;Setup/advance pipes and redir as appropriate
    73 00000AE0 E8F8000000          <1>     call analyseCmdline     ;Setup cmdName and fcb for cmdBuffer portion
    74 00000AE5 E85F3D0000          <1>     call setDTA             ;Set the DTA back to us before we proceed!
    75 00000AEA E875020000          <1>     call doCommandLine      ;This preps and executes the command portion.
    76                              <1> .okRet:                     ;Normal return point for processing
    77 00000AEF E889050000          <1>     call advanceRedir       ;Now advance and end redir if needed
    78 00000AF4 F60545F5FFFFFF      <1>     test byte [pipeFlag], -1    ;If no pipes, reset state, accept new input
    79 00000AFB 0F8429FFFFFF        <1>     jz .inputMain
    80                              <1>     ;Now we pull the commandline forwards. 
    81 00000B01 E87E000000          <1>     call makeCmdString  ;Get offset into cmdBuffer + 2 of pipe in rsi
    82 00000B06 488D3D(47020000)    <1>     lea rdi, cmdBuffer + 2
    83 00000B0D 4889F1              <1>     mov rcx, rsi
    84 00000B10 4829F9              <1>     sub rcx, rdi    ;Get the number of chars to erase from cmd line 
    85 00000B13 280D(46020000)      <1>     sub byte [cmdBuffer + 1], cl    ;And erase from the count
    86 00000B19 8A0D(46020000)      <1>     mov cl, byte [cmdBuffer + 1]
    87 00000B1F FFC1                <1>     inc ecx     ;One more for the terminating char
    88 00000B21 F3A4                <1>     rep movsb   ;Move the chars over    
    89 00000B23 E83D3A0000          <1>     call clearCommandState  ;Else, clear the command state and start again
    90 00000B28 EBA0                <1>     jmp short .pipeLoop     ;Doesn't close handles above 5 until end of pipe!
    91                              <1> 
    92                              <1> makeCmdBuffer:
    93                              <1> ;Makes the command buffer, escapes quotes and peels off any redirs from the
    94                              <1> ; copy buffer. Called only once in a cycle.
    95                              <1> ;Throughout: CL has char count, CH has quote count
    96 00000B2A 488D35(C5010000)    <1>     lea rsi, [cLineBuffer + 2]    ;Goto copy buffer + 2
    97 00000B31 31C9                <1>     xor ecx, ecx
    98 00000B33 4889F7              <1>     mov rdi, rsi    ;Save the pointer
    99                              <1> .countQuotes:
   100 00000B36 AC                  <1>     lodsb
   101 00000B37 3C22                <1>     cmp al, '"'
   102 00000B39 7507                <1>     jne .notQuoteToCount
   103 00000B3B FEC5                <1>     inc ch      ;Keep count of number of quotes in ch
   104 00000B3D E9F4FFFFFF          <1>     jmp .countQuotes
   105                              <1> .notQuoteToCount:
   106 00000B42 3C0D                <1>     cmp al, CR  ;Keep searching for quotes until CR hit
   107 00000B44 75F0                <1>     jne .countQuotes
   108 00000B46 4889FE              <1>     mov rsi, rdi    ;Reset to the start of the buffer
   109 00000B49 488D3D(47020000)    <1>     lea rdi, cmdBuffer + 2   ;We build the cmdBuffer
   110                              <1> .getChar:
   111 00000B50 AC                  <1>     lodsb           ;Get char in buffer, advance rsi
   112 00000B51 3C22                <1>     cmp al, '"'     ;Is char a quote?
   113 00000B53 750E                <1>     jne .notQuote
   114 00000B55 FECD                <1>     dec ch          ;We have a quote, now decrement
   115 00000B57 740A                <1>     jz .notQuote    ;If we have an odd count of quotes, ignore the last one!
   116                              <1> .searchForClosingQuote:
   117                              <1>     ;Char was quote, now directly store all chars until we hit closing char
   118 00000B59 AA                  <1>     stosb   ;Store char and inc rdi
   119 00000B5A FEC1                <1>     inc cl
   120 00000B5C AC                  <1>     lodsb   ;Get next char
   121 00000B5D 3C22                <1>     cmp al, '"'
   122 00000B5F 75F8                <1>     jne .searchForClosingQuote ;If not, keep searching directly
   123 00000B61 FECD                <1>     dec ch  ;We hit another quote char, so dec the count
   124                              <1> .notQuote:
   125 00000B63 E8AF060000          <1>     call peelRedir      ;Intervene redir if needed
   126 00000B68 7204                <1>     jc .pipeHandle      ;Store the pipe if pipe
   127 00000B6A 7508                <1>     jnz .notRedir       ;Store the char as normal if not a redir
   128 00000B6C EBE2                <1>     jmp short .getChar  ;Get the next char if a < or > redir
   129                              <1> .pipeHandle:
   130                              <1>     ;Store the pipe char, al has the char. IF ZF=ZE, we error
   131 00000B6E 0F846C030000        <1>     jz hardSynErr ;We had double pipe symbol, syntax error and reset!
   132                              <1> .notRedir:
   133 00000B74 AA                  <1>     stosb       ;Store char and advance rdi
   134 00000B75 3C0D                <1>     cmp al, CR  ;Was this char a CR?
   135 00000B77 7404                <1>     je .exit
   136 00000B79 FEC1                <1>     inc cl      ;Increment char count
   137 00000B7B EBD3                <1>     jmp short .getChar    ;If not, get next char
   138                              <1> .exit:
   139 00000B7D 880D(46020000)      <1>     mov byte [cmdBuffer + 1], cl  ;Store the count of chars
   140                              <1>     return
    13                              <2> %%_ret:
    14 00000B83 C3                  <2>  ret
    15                              <2> %assign retOff %%_ret-$$
   141                              <1> 
   142                              <1> makeCmdString:
   143                              <1> ;Makes the command string from the cmdBuffer. This only copies to the first 
   144                              <1> ; pipe or the CR. Points at the CR or to the first char past the pipe.
   145                              <1> ; Copies into the psp.
   146                              <1> ;If we return ZF=ZE, then we are at end of pipe buffer. Else, setup pipe!
   147 00000B84 488D35(47020000)    <1>     lea rsi, [cmdBuffer + 2]    ;Goto pipe buffer + 2
   148 00000B8B 31C9                <1>     xor ecx, ecx
   149 00000B8D 4889F7              <1>     mov rdi, rsi    ;Save the pointer
   150                              <1> .countQuotes:
   151 00000B90 AC                  <1>     lodsb
   152 00000B91 3C22                <1>     cmp al, '"'
   153 00000B93 7507                <1>     jne .notQuoteToCount
   154 00000B95 FEC5                <1>     inc ch      ;Keep count of number of quotes in ch
   155 00000B97 E9F4FFFFFF          <1>     jmp .countQuotes
   156                              <1> .notQuoteToCount:
   157 00000B9C 3C0D                <1>     cmp al, CR  ;Keep searching for quotes until CR hit
   158 00000B9E 75F0                <1>     jne .countQuotes
   159 00000BA0 4889FE              <1>     mov rsi, rdi    ;Reset to the start of the buffer
   160 00000BA3 498DB881000000      <1>     lea rdi, qword [r8 + cmdLine]   ;We build the single command
   161                              <1> .getChar:
   162 00000BAA AC                  <1>     lodsb           ;Get char in buffer, advance rsi
   163 00000BAB 3C22                <1>     cmp al, '"'     ;Is char a quote?
   164 00000BAD 750E                <1>     jne .notQuote
   165 00000BAF FECD                <1>     dec ch          ;We have a quote, now decrement
   166 00000BB1 740A                <1>     jz .notQuote    ;If we have an odd count of quotes, ignore the last one!
   167                              <1> .searchForClosingQuote:
   168                              <1>     ;Char was quote, now directly store all chars until we hit closing char
   169 00000BB3 AA                  <1>     stosb   ;Store char and inc rdi
   170 00000BB4 FEC1                <1>     inc cl
   171 00000BB6 AC                  <1>     lodsb   ;Get next char
   172 00000BB7 3C22                <1>     cmp al, '"'
   173 00000BB9 75F8                <1>     jne .searchForClosingQuote ;If not, keep searching directly
   174 00000BBB FECD                <1>     dec ch  ;We hit another quote char, so dec the count
   175                              <1> .notQuote:
   176 00000BBD 3C7C                <1>     cmp al, "|"
   177 00000BBF 7505                <1>     jne .notPipe        ;Store the char as normal if not a pipe
   178 00000BC1 B00D                <1>     mov al, CR          ;Store the pipe char
   179 00000BC3 48FFC6              <1>     inc rsi             ;Ensure we remain one char past the pipe
   180                              <1> .notPipe:
   181 00000BC6 AA                  <1>     stosb       ;Store char and advance rdi
   182 00000BC7 3C0D                <1>     cmp al, CR  ;Was this char a CR?
   183 00000BC9 7404                <1>     je .exit
   184 00000BCB FEC1                <1>     inc cl      ;Increment char count
   185 00000BCD EBDB                <1>     jmp short .getChar    ;If not, get next char
   186                              <1> .exit:
   187 00000BCF 48FFCE              <1>     dec rsi ;Point to char past pipe or to the CR itself
   188 00000BD2 41888880000000      <1>     mov byte [r8 + cmdLineCnt], cl  ;Store the count of chars
   189 00000BD9 803E0D              <1>     cmp byte [rsi], CR  
   190                              <1>     return
    13                              <2> %%_ret:
    14 00000BDC C3                  <2>  ret
    15                              <2> %assign retOff %%_ret-$$
   191                              <1> 
   192                              <1> analyseCmdline:
   193                              <1> ;Flags first two arguments if they exist, copies the command into its buffer
   194                              <1> ; processes the command name into the FCB.  
   195 00000BDD C605(16030000)00    <1>     mov byte [cmdName], 0   ;Init this field to indicate no cmd
   196                              <1> ;Start by searching for any switch chars! Set byte if switch chars fnd!!
   197 00000BE4 498DB881000000      <1>     lea rdi, qword [r8 + cmdLine]   ;Go to the command line in the psp
   198 00000BEB 4889FE              <1>     mov rsi, rdi                    ;Prep rsi here too
   199 00000BEE 0FB64FFF            <1>     movzx ecx, byte [rdi - 1]       ;Get the count byte
   200 00000BF2 8A0513F4FFFF        <1>     mov al, byte [switchChar]
   201 00000BF8 F2AE                <1>     repne scasb                     ;Scan for the switch char
   202 00000BFA 7506                <1>     jne .noSwitchFnd
   203 00000BFC F6154FF4FFFF        <1>     not byte [switchFnd]            ;Set switch char fnd on!
   204                              <1> .noSwitchFnd:
   205 00000C02 E83D390000          <1>     call skipDelimiters     ;Skip any preceeding separators from rsi
   206 00000C07 803E0D              <1>     cmp byte [rsi], CR      ;We have no command? Return!
   207                              <1>     rete
    49                              <2> cret e
    19                              <3> %%_base:
    20                              <3> %assign baseVar %%_base-$$
    21                              <3>  %ifdef retOff
    22                              <3>  %if (baseVar - retOff <= 126) && (baseVar > retOff)
    23                              <3>  %ifdef currSegVBase
    24 00000C0A 74(DC)              <3>  j%+1 short (retOff+currSegVBase)
    25                              <3>  %else
    26                              <3>  j%+1 short retOff
    27                              <3>  %endif
    28                              <3>  %else
    29                              <3>  j%-1 short %%a
    30                              <3>  return
    31                              <3> %%a:
    32                              <3>  %endif
    33                              <3>  %else
    34                              <3>  j%-1 short %%a
    35                              <3>  return
    36                              <3> %%a:
    37                              <3>  %endif
   208 00000C0C 4889F3              <1>     mov rbx, rsi            ;Save the start of the text in rbx
   209                              <1> .plp:
   210 00000C0F 488D3D(E6000000)    <1>     lea rdi, cmdFcb         ;Loop on the commandFCB
   211 00000C16 B801290000          <1>     mov eax, 2901h
   212 00000C1B CD21                <1>     int 21h
   213 00000C1D 3CFF                <1>     cmp al, -1  ;If DOS returns -1, we have a bad drive specified, fail!
   214 00000C1F 0F8432010000        <1>     je .exitBadDrv
   215                              <1> .trailingDotLp:
   216                              <1> ;Reverse along trailing dots!
   217 00000C25 807EFF2E            <1>     cmp byte [rsi - 1], "." ;Is this a dot?
   218 00000C29 7505                <1>     jne .noTrailingDots
   219 00000C2B 48FFCE              <1>     dec rsi
   220 00000C2E EBF5                <1>     jmp short .trailingDotLp
   221                              <1> .noTrailingDots:
   222 00000C30 8A05D4F3FFFF        <1>     mov al, byte [pathSep]  
   223 00000C36 3806                <1>     cmp byte [rsi], al      ;Is the terminator a pathsep?
   224 00000C38 7525                <1>     jne .notPs
   225 00000C3A 48FFC6              <1>     inc rsi ;Go to the char after the pathsep
   226 00000C3D AC                  <1>     lodsb   ;Get this char
   227 00000C3E 48FFCE              <1>     dec rsi ;And move rsi back to where we were
   228 00000C41 3C20                <1>     cmp al, 20h     ;Is this char below 32?
   229 00000C43 7217                <1>     jb .delimfnd    ;Also a delimiter
   230 00000C45 3C5C                <1>     cmp al, "\"     ;If this is a second pathsep, we are done
   231 00000C47 7413                <1>     je .delimfnd
   232 00000C49 3C2F                <1>     cmp al, "/"     ;Or an alt pathsep?
   233 00000C4B 740F                <1>     je .delimfnd
   234 00000C4D 3C2E                <1>     cmp al, byte "."
   235 00000C4F 740B                <1>     je .delimfnd
   236 00000C51 3C22                <1>     cmp al, byte '"'
   237 00000C53 7407                <1>     je .delimfnd
   238 00000C55 E8F8380000          <1>     call isALdelimiter  ;Is this a delim char?
   239 00000C5A 75B3                <1>     jne .plp            ;If not, we loop again
   240                              <1> .delimfnd:
   241 00000C5C 48FFCE              <1>     dec rsi             ;Point rsi to end of the command
   242                              <1> .notPs:
   243                              <1> ;Now we have reached the end of the command, rsi points to the first char
   244                              <1> ; after the command, whether a delimiter or not.
   245 00000C5F 4889F1              <1>     mov rcx, rsi
   246 00000C62 4829D9              <1>     sub rcx, rbx    ;Get the number of chars in the command ONLY
   247 00000C65 0F84E4000000        <1>     jz .exitBad     ;If this is zero, exit fail!
   248 00000C6B 4887DE              <1>     xchg rbx, rsi   ;Swap the start and end of the commands!!!
   249 00000C6E 488D3D(C7020000)    <1>     lea rdi, cmdPathSpec
   250 00000C75 F3A4                <1>     rep movsb
   251 00000C77 31C0                <1>     xor eax, eax
   252 00000C79 AA                  <1>     stosb   ;Store a terminating null
   253 00000C7A 4889DE              <1>     mov rsi, rbx
   254                              <1> ;Now we compute the offsets for the first two arguments!
   255 00000C7D 498D9881000000      <1>     lea rbx, qword [r8 + cmdLine]   ;Measure from the start of the buf!
   256 00000C84 E8BB380000          <1>     call skipDelimiters    ;Skip it forwards 
   257 00000C89 4889F1              <1>     mov rcx, rsi
   258 00000C8C 4829D9              <1>     sub rcx, rbx            ;rbx points to the start of the buffer
   259                              <1> .goArg1End:
   260                              <1> ;Now we move rsi past the first argument.
   261 00000C8F AC                  <1>     lodsb       ;Now we advance the pointer to the second argument or CR
   262 00000C90 48FFCE              <1>     dec rsi     ;Go back to the char we just checked
   263 00000C93 3C0D                <1>     cmp al, CR  ;If CR, we are done!
   264 00000C95 740F                <1>     je .doArg2
   265 00000C97 48FFC6              <1>     inc rsi     ;Else accept the char and inc the ptr
   266 00000C9A E8B3380000          <1>     call isALdelimiter
   267 00000C9F 75EE                <1>     jne .goArg1End          ;If not a delimiter, it is part of arg1
   268                              <1> ;Now we skip the delimiters between arg1 and arg2
   269 00000CA1 E89E380000          <1>     call skipDelimiters     ;Now skip all the delimiters
   270                              <1> .doArg2:
   271 00000CA6 4889F2              <1>     mov rdx, rsi            
   272 00000CA9 4829DA              <1>     sub rdx, rbx            ;rbx points to the start of the buffer
   273                              <1> ;Now we process FCBs. We process both FCBs and set them as valid IFF
   274                              <1> ; it is not CR. We do this like this to ensure the FCB's we pass to a child
   275                              <1> ; are always default initialised (i.e. current drive with all spaces)
   276 00000CAC 488D340B            <1>     lea rsi, qword [rbx + rcx]  ;Arg1 offset saved in ecx
   277 00000CB0 56                  <1>     push rsi
   278 00000CB1 498D785C            <1>     lea rdi, qword [r8 + fcb1]
   279 00000CB5 B801290000          <1>     mov eax, 2901h
   280 00000CBA CD21                <1>     int 21h
   281 00000CBC 5E                  <1>     pop rsi
   282 00000CBD 803E0D              <1>     cmp byte [rsi], CR
   283 00000CC0 7413                <1>     je .arg1NotOk
   284 00000CC2 880585F3FFFF        <1>     mov byte [arg1FCBret], al
   285 00000CC8 880D7EF3FFFF        <1>     mov byte [arg1Off], cl  ;Store the offset 
   286 00000CCE C60576F3FFFFFF      <1>     mov byte [arg1Flg], -1  ;Set that we have an argument
   287                              <1> .arg1NotOk:
   288 00000CD5 488D3413            <1>     lea rsi, qword [rbx + rdx]  ;Arg2 offset saved in edx
   289 00000CD9 56                  <1>     push rsi
   290 00000CDA 498D786C            <1>     lea rdi, qword [r8 + fcb2]
   291 00000CDE B801290000          <1>     mov eax, 2901h
   292 00000CE3 CD21                <1>     int 21h
   293 00000CE5 5E                  <1>     pop rsi
   294 00000CE6 803E0D              <1>     cmp byte [rsi], CR
   295 00000CE9 7413                <1>     je .setupCmdVars
   296 00000CEB 88055FF3FFFF        <1>     mov byte [arg2FCBret], al
   297 00000CF1 881558F3FFFF        <1>     mov byte [arg2Off], dl  ;Store the offset 
   298 00000CF7 C60550F3FFFFFF      <1>     mov byte [arg2Flg], -1  ;If it is not CR, it is a second argument!
   299                              <1> .setupCmdVars:
   300                              <1> ;Before returning, we copy the command name to cmdName 
   301 00000CFE 488D3D(C7020000)    <1>     lea rdi, cmdPathSpec
   302 00000D05 E8F1380000          <1>     call findLastPathComponant  ;Point rdi to last path componant
   303 00000D0A E810380000          <1>     call strlen ;Get the length of the null terminated final path componant
   304 00000D0F 807F013A            <1>     cmp byte [rdi + 1], ":"
   305 00000D13 7515                <1>     jne .noDrivePath
   306 00000D15 8A05EFF2FFFF        <1>     mov al, byte [pathSep]
   307 00000D1B 384702              <1>     cmp byte [rdi + 2], al
   308 00000D1E 740A                <1>     je .noDrivePath
   309                              <1>     ;Here if the filename is an FCB name A:12345678.9AB<NUL> (15 chars)
   310 00000D20 81F90F000000        <1>     cmp ecx, 15
   311 00000D26 7727                <1>     ja .exitBad
   312 00000D28 EB08                <1>     jmp short .proceedCp
   313                              <1> .noDrivePath:
   314                              <1> ;Normal paths come here
   315 00000D2A 81F90D000000        <1>     cmp ecx, fileNameZL ;11 chars + ext sep + null terminator
   316 00000D30 771D                <1>     ja .exitBad     ;Return error
   317                              <1> .proceedCp:
   318 00000D32 4889FE              <1>     mov rsi, rdi
   319 00000D35 488D3D(16030000)    <1>     lea rdi, cmdName
   320 00000D3C FFC9                <1>     dec ecx ;Minus the terminating null
   321 00000D3E 880F                <1>     mov byte [rdi], cl ;Store the length here
   322 00000D40 48FFC7              <1>     inc rdi ;Now goto next char in buffer
   323                              <1> .cpCmdName:
   324 00000D43 AC                  <1>     lodsb
   325 00000D44 E8E0370000          <1>     call ucChar ;Uppercase the char
   326 00000D49 AA                  <1>     stosb
   327 00000D4A FFC9                <1>     dec ecx
   328 00000D4C 75F5                <1>     jnz .cpCmdName
   329                              <1>     return
    13                              <2> %%_ret:
    14 00000D4E C3                  <2>  ret
    15                              <2> %assign retOff %%_ret-$$
   330                              <1> .exitBad:
   331 00000D4F C605(16030000)FF    <1>     mov byte [cmdName], -1  ;Store -1 to indicate error
   332                              <1>     return
    13                              <2> %%_ret:
    14 00000D56 C3                  <2>  ret
    15                              <2> %assign retOff %%_ret-$$
   333                              <1> .exitBadDrv:
   334 00000D57 C605(16030000)FE    <1>     mov byte [cmdName], -2  ;Indicate a bad drive specified
   335 00000D5E E81A0D0000          <1>     call badDriveError
   336                              <1>     return
    13                              <2> %%_ret:
    14 00000D63 C3                  <2>  ret
    15                              <2> %assign retOff %%_ret-$$
   337                              <1> 
   338                              <1> doCommandLine:
   339                              <1>     ;The following check accounts for the end of a piped command
   340 00000D64 803D(16030000)00    <1>     cmp byte [cmdName], 0  ;If the cmd name length is 0, syntax error!
   341 00000D6B 0F846F010000        <1>     je hardSynErr   ;This now should never be hit, earmark for removal!
   342 00000D71 803D(16030000)FF    <1>     cmp byte [cmdName], -1  ;Error condition, command name too long!
   343 00000D78 0F84380D0000        <1>     je badCmdError
   344 00000D7E 803D(16030000)FE    <1>     cmp byte [cmdName], -2  ;Bad drive specified, nop
   345                              <1>     rete
    49                              <2> cret e
    19                              <3> %%_base:
    20                              <3> %assign baseVar %%_base-$$
    21                              <3>  %ifdef retOff
    22                              <3>  %if (baseVar - retOff <= 126) && (baseVar > retOff)
    23                              <3>  %ifdef currSegVBase
    24 00000D85 74(63)              <3>  j%+1 short (retOff+currSegVBase)
    25                              <3>  %else
    26                              <3>  j%+1 short retOff
    27                              <3>  %endif
    28                              <3>  %else
    29                              <3>  j%-1 short %%a
    30                              <3>  return
    31                              <3> %%a:
    32                              <3>  %endif
    33                              <3>  %else
    34                              <3>  j%-1 short %%a
    35                              <3>  return
    36                              <3> %%a:
    37                              <3>  %endif
   346 00000D87 488D35(C7020000)    <1>     lea rsi, cmdPathSpec
   347 00000D8E 0FB71D(C7020000)    <1>     movzx ebx, word [cmdPathSpec]    ;Get the drive specifier
   348 00000D95 80FF3A              <1>     cmp bh, ":"
   349 00000D98 7520                <1>     jne .noDriveSpecified
   350 00000D9A 86D8                <1>     xchg bl, al     ;Store drive status in bl, get letter in al
   351 00000D9C E888370000          <1>     call ucChar     ;Uppercase al
   352 00000DA1 2C41                <1>     sub al, "A"     ;And make it a 0 based drive letter
   353                              <1>     ;If drive specified and cmdName length = 2 => X: type command
   354 00000DA3 803D(16030000)02    <1>     cmp byte [cmdName], 2
   355 00000DAA 750E                <1>     jne .noDriveSpecified   ;Drive specified but proceed as normal
   356 00000DAC 88C2                <1>     mov dl, al  ;Setdrive wants the number in dl
   357 00000DAE E842370000          <1>     call setDrive
   358                              <1>     rete
    49                              <2> cret e
    19                              <3> %%_base:
    20                              <3> %assign baseVar %%_base-$$
    21                              <3>  %ifdef retOff
    22                              <3>  %if (baseVar - retOff <= 126) && (baseVar > retOff)
    23                              <3>  %ifdef currSegVBase
    24 00000DB3 74(63)              <3>  j%+1 short (retOff+currSegVBase)
    25                              <3>  %else
    26                              <3>  j%+1 short retOff
    27                              <3>  %endif
    28                              <3>  %else
    29                              <3>  j%-1 short %%a
    30                              <3>  return
    31                              <3> %%a:
    32                              <3>  %endif
    33                              <3>  %else
    34                              <3>  j%-1 short %%a
    35                              <3>  return
    36                              <3> %%a:
    37                              <3>  %endif
   359 00000DB5 E9C30C0000          <1>     jmp badDriveError
   360                              <1> .noDriveSpecified:
   361                              <1> ;rbx is writable UP TO THE FIRST PIPE OR CR (non-inclusive)
   362 00000DBA 488D1D(45020000)    <1>     lea rbx, cmdBuffer       ;Take your buffer
   363 00000DC1 488D35(16030000)    <1>     lea rsi, cmdName        ;Point to command name with len prefix 
   364 00000DC8 B800AE0000          <1>     mov eax, 0AE00h ;Installable command check
   365 00000DCD BAFFFF0000          <1>     mov edx, 0FFFFh
   366 00000DD2 B5FF                <1>     mov ch, -1
   367 00000DD4 CD2F                <1>     int 2Fh ;Give the TSR time to prepare if it needs to
   368 00000DD6 B800AE0000          <1>     mov eax, 0AE00h ;Installable command check
   369 00000DDB BAFFFF0000          <1>     mov edx, 0FFFFh
   370 00000DE0 30ED                <1>     xor ch, ch  ;Second call uses ch = 0
   371 00000DE2 CD2F                <1>     int 2Fh ;Return: al = -1 if this command a extension to COMMAND.COM
   372                              <1>             ;        al = 0  if the command should be executed as usual
   373 00000DE4 84C0                <1>     test al, al
   374 00000DE6 7444                <1>     jz .executeInternal
   375                              <1>     ;Here we execute externally and return to the prompt
   376                              <1>     ; as if it was an internal execution. rbx is not to be relied on here!
   377 00000DE8 498D9880000000      <1>     lea rbx, qword [r8 + cmdTail]
   378 00000DEF 488D35(16030000)    <1>     lea rsi, cmdName        
   379 00000DF6 B801AE0000          <1>     mov eax, 0AE01h ;Execute command!
   380 00000DFB BAFFFF0000          <1>     mov edx, 0FFFFh
   381 00000E00 B5FF                <1>     mov ch, -1
   382 00000E02 CD2F                <1>     int 2Fh
   383 00000E04 803D(16030000)00    <1>     cmp byte [cmdName], 0 ;If this is non-zero, we restart the process
   384                              <1>     retz    ;Return as normal if this is zero
    41                              <2> cret z
    19                              <3> %%_base:
    20                              <3> %assign baseVar %%_base-$$
    21                              <3>  %ifdef retOff
    22                              <3>  %if (baseVar - retOff <= 126) && (baseVar > retOff)
    23                              <3>  %ifdef currSegVBase
    24                              <3>  j%+1 short (retOff+currSegVBase)
    25                              <3>  %else
    26                              <3>  j%+1 short retOff
    27                              <3>  %endif
    28                              <3>  %else
    29 00000E0B 7501                <3>  j%-1 short %%a
    30                              <3>  return
    13                              <4> %%_ret:
    14 00000E0D C3                  <4>  ret
    15                              <4> %assign retOff %%_ret-$$
    31                              <3> %%a:
    32                              <3>  %endif
    33                              <3>  %else
    34                              <3>  j%-1 short %%a
    35                              <3>  return
    36                              <3> %%a:
    37                              <3>  %endif
   385                              <1>     ;We need to copy over to cmdPathSpec in the event this command
   386                              <1>     ; is an external command that is in the CD or in the PATH.
   387                              <1>     ;Should not be used for this purpose but it is here...
   388 00000E0E E8D7050000          <1>     call pullCommandline    ;Pull the tail down with the original name
   389 00000E13 488D35(16030000)    <1>     lea rsi, cmdName        ;Now make the new cmd the new cmdspec!
   390 00000E1A AC                  <1>     lodsb                   ;Get the name length
   391 00000E1B 0FB6C8              <1>     movzx ecx, al
   392 00000E1E 488D3D(C7020000)    <1>     lea rdi, cmdPathSpec    ;Overwrite the original specified command
   393 00000E25 F3A4                <1>     rep movsb   
   394 00000E27 31C0                <1>     xor eax, eax
   395 00000E29 AA                  <1>     stosb   ;Store null terminator
   396 00000E2A EB1F                <1>     jmp short .executeInternal2 ;Skip the equivalent for non-ae cases
   397                              <1> .executeInternal:
   398 00000E2C E8B9050000          <1>     call pullCommandline    ;Now pull the tail down
   399 00000E31 488D3D(C7020000)    <1>     lea rdi, cmdPathSpec
   400 00000E38 E8E2360000          <1>     call strlen ;Get the length of the input command
   401 00000E3D FFC9                <1>     dec ecx     ;Minus 1 for terminating null
   402 00000E3F 380D(16030000)      <1>     cmp byte [cmdName], cl  ;Is it equal to the name of the command?
   403 00000E45 0F8523270000        <1>     jne launchChild     ;If not, a path was specified, exit!
   404                              <1> .executeInternal2:
   405                              <1> ;Now we compare the name in the cmdName + 1 field to our commmand list
   406 00000E4B 488D1D00F2FFFF      <1>     lea rbx, functionTable
   407                              <1> .nextEntry:
   408 00000E52 0FB60B              <1>     movzx ecx, byte [rbx]   ;Get name entry length
   409 00000E55 80F9FF              <1>     cmp cl, -1  ;Are we at the end of the table?
   410 00000E58 0F8410270000        <1>     je launchChild      ;If so, check externally now
   411 00000E5E 380D(16030000)      <1>     cmp byte [cmdName], cl  ;Is command length the same as the tbl entry length?
   412 00000E64 7534                <1>     jnz .gotoNextEntry  ;If not, goto next entry
   413                              <1>     ;Here they have the same length so lets see if the name is the same
   414 00000E66 56                  <1>     push rsi
   415                              <1>     ;ecx has the length to compare
   416 00000E67 51                  <1>     push rcx
   417 00000E68 488D7301            <1>     lea rsi, qword [rbx + 1]
   418 00000E6C 488D3D(17030000)    <1>     lea rdi, qword [cmdName + 1]   ;Go to the name portion
   419 00000E73 F3A6                <1>     rep cmpsb   ;Check the strings are equal
   420 00000E75 59                  <1>     pop rcx
   421 00000E76 5E                  <1>     pop rsi
   422 00000E77 7521                <1>     jne .gotoNextEntry
   423                              <1>     ;Here it was found both strings are equal.
   424 00000E79 488D7C0B01          <1>     lea rdi, qword [rbx + rcx + 1]  ;make rdi point to offset from startLbl
   425 00000E7E 480FB71F            <1>     movzx rbx, word [rdi]
   426 00000E82 488D3D77F1FFFF      <1>     lea rdi, startLbl
   427 00000E89 4801FB              <1>     add rbx, rdi
   428 00000E8C FFD3                <1>     call rbx        ;Call the internal function!
   429                              <1> ;xxxxxxxxxxxxxxxxxxxxxxxxxxxxxxxxxxxxxxxxxxxxxxx
   430                              <1> ;!!!!!!!!!!!!!!!!!!!!!!!!!!!!!!!!!!!!!!!!!!!!!!!
   431                              <1> ;No need for the below because the retcode is 
   432                              <1> ; zeroed when we it from DOS.
   433                              <1> ;!!!!!!!!!!!!!!!!!!!!!!!!!!!!!!!!!!!!!!!!!!!!!!!
   434                              <1> ;    mov byte [returnCode], 0 
   435                              <1> ;!!!!!!!!!!!!!!!!!!!!!!!!!!!!!!!!!!!!!!!!!!!!!!!
   436                              <1>     ;jmp short appRet    ;Now once we are done, goto appRet!
   437                              <1> ;xxxxxxxxxxxxxxxxxxxxxxxxxxxxxxxxxxxxxxxxxxxxxxx
   438                              <1> 
   439                              <1> ;This new exit preserves the retcode, and now allows for internal
   440                              <1> ; commands to implement retcodes which we don't use for now.
   441                              <1> ;I doubt we need to reset the stackptr as to get here, the stack has to
   442                              <1> ; have been balanced which means when we pop, we go back to okRet anyway...
   443 00000E8E 488D25(40060000)    <1>     lea rsp, stackTop   ;Reset stack ptr! Unlikely needed!
   444 00000E95 E955FCFFFF          <1>     jmp commandMain.okRet   
   445                              <1> .gotoNextEntry:
   446 00000E9A 4881C303000000      <1>     add rbx, 3      ;Go past the first count byte and the address word
   447 00000EA1 4801CB              <1>     add rbx, rcx    ;Go past the length of the command name too
   448 00000EA4 EBAC                <1>     jmp short .nextEntry
   449                              <1> 
   450                              <1> appRet:  ;Return point from a task, jumped to from internal functions
   451                              <1> ;Can depend on RSP here because DOS stack bug fixed.
   452 00000EA6 488D25(40060000)    <1>     lea rsp, stackTop   ;Reset stack ptr anyway.
   453                              <1> ;Start by resetting our PSP vectors (and IVT copies) in the event 
   454                              <1> ; they got mangled.
   455 00000EAD E8DE390000          <1>     call resetIDTentries
   456 00000EB2 E8AD390000          <1>     call resetNation    ;Reset switchchar and nation if exernal cmd fired!
   457 00000EB7 B8004D0000          <1>     mov eax, 4D00h              ;Get retcode, sets to 0 for internal commands
   458 00000EBC CD21                <1>     int 21h
   459 00000EBE 668905(00000000)    <1>     mov word [returnCode], ax
   460 00000EC5 84E4                <1>     test ah, ah     ;Regular exit
   461 00000EC7 0F8422FCFFFF        <1>     jz commandMain.okRet
   462 00000ECD 80FC03              <1>     cmp ah, 3       ;TSR exit
   463 00000ED0 0F8419FCFFFF        <1>     je commandMain.okRet
   464                              <1>     ;Clean redirs and fully reset! This allows for safe returning if an error
   465                              <1>     ; occured when invoked on Int 2Eh! Doesnt matter for normal single command
   466                              <1>     ; as we always close the COMMAND.COM instance at this point.
   467 00000ED6 E83F000000          <1>     call cleanupRedirs
   468 00000EDB E93EFBFFFF          <1>     jmp commandMain
   469                              <1> 
   470                              <1> hardSynErr:
   471                              <1> ;Hard syntax error in cmd line. Delete pipe files and reset completely!
   472 00000EE0 E8740B0000          <1>     call badSyntaxError         ;Output bad syntax if empty command found
   473 00000EE5 E926000000          <1>     jmp redirPipeFailureCommon.noPrint  ;This closes pipes and resets stack
   474                              <1> redirFailure:
   475 00000EEA 488D15B2F8FFFF      <1>     lea rdx, redirErrMsg
   476 00000EF1 B913000000          <1>     mov ecx, redirErrMsgL
   477 00000EF6 EB0C                <1>     jmp short redirPipeFailureCommon
   478                              <1> pipeFailure:
   479 00000EF8 488D158DF8FFFF      <1>     lea rdx, pipeErrMsg
   480 00000EFF B917000000          <1>     mov ecx, pipeErrMsgL
   481                              <1> redirPipeFailureCommon:
   482                              <1> ;This routine is called or jumped to if any problems happen during a pipe.
   483                              <1> ;This routine tries to close whatever handles are not -1 and delete
   484                              <1> ; pipe files if the pipe count is not 0.
   485                              <1> ;It resets all variables and jumps to reset the stack!
   486 00000F04 B800400000          <1>     mov eax, 4000h  ;Write handle
   487 00000F09 BB02000000          <1>     mov ebx, 2  ;Write to STDERR
   488 00000F0E CD21                <1>     int 21h
   489                              <1> .noPrint:
   490 00000F10 E805000000          <1>     call cleanupRedirs  ;Cleans the redirections 
   491 00000F15 E904FBFFFF          <1>     jmp commandMain ;Retake input from the command line
   492                              <1> 
   493                              <1> cleanupRedirs:
   494                              <1> ;Cleans all active redirections, returning to the saved state.
   495                              <1> ;Deletes any pipe files, leaves any redir out files.
   496                              <1> ;Resets the internal vars
   497 00000F1A 0FB70526F1FFFF      <1>     movzx eax, word [redirSTDIN]
   498 00000F21 0FB71519F1FFFF      <1>     movzx edx, word [pipeSTDIN]
   499 00000F28 31DB                <1>     xor ebx, ebx    ;Select STDIN for closing
   500 00000F2A E8CC000000          <1>     call .closeAndReplace
   501 00000F2F 0FB70513F1FFFF      <1>     movzx eax, word [redirSTDOUT]
   502 00000F36 0FB71506F1FFFF      <1>     movzx edx, word [pipeSTDOUT]
   503 00000F3D FFC3                <1>     inc ebx         ;Select STDOUT for closing
   504 00000F3F E8B7000000          <1>     call .closeAndReplace
   505 00000F44 66C705F8F0FFFF0000  <1>     mov word [redirIn], 0  ;Clear both flags
   506 00000F4D 0FB71DF3F0FFFF      <1>     movzx ebx, word [redirSTDIN]
   507 00000F54 E892000000          <1>     call .closeHandle
   508                              <1>     ;Close and zero both STDIN and STDOUT handle vars
   509 00000F59 66C705E5F0FFFFFFFF  <1>     mov word [redirSTDIN], -1
   510 00000F62 0FB71DE0F0FFFF      <1>     movzx ebx, word [redirSTDOUT]
   511 00000F69 E87D000000          <1>     call .closeHandle
   512 00000F6E 66C705D2F0FFFFFFFF  <1>     mov word [redirSTDOUT], -1
   513 00000F77 0FB71DC3F0FFFF      <1>     movzx ebx, word [pipeSTDIN]
   514 00000F7E E868000000          <1>     call .closeHandle
   515 00000F83 66C705B5F0FFFFFFFF  <1>     mov word [pipeSTDIN], -1
   516 00000F8C 0FB71DB0F0FFFF      <1>     movzx ebx, word [pipeSTDOUT]
   517 00000F93 E853000000          <1>     call .closeHandle
   518 00000F98 66C705A2F0FFFFFFFF  <1>     mov word [pipeSTDOUT], -1
   519 00000FA1 C60598F0FFFF00      <1>     mov byte [pipeFlag], 0  ;Cover the pipe number too
   520 00000FA8 488D15(C2030000)    <1>     lea rdx, qword [pipe1Filespec]
   521 00000FAF 803A00              <1>     cmp byte [rdx], 0
   522 00000FB2 7407                <1>     jz .checkOld
   523 00000FB4 B800410000          <1>     mov eax, 4100h  ;Del File pointed to by rdx
   524 00000FB9 CD21                <1>     int 21h
   525                              <1> .checkOld:
   526 00000FBB 488D15(11040000)    <1>     lea rdx, qword [pipe2Filespec]
   527 00000FC2 803A00              <1>     cmp byte [rdx],0
   528 00000FC5 7407                <1>     jz .pipeNamesComplete
   529 00000FC7 B800410000          <1>     mov eax, 4100h  ;Del File pointed to by dl
   530 00000FCC CD21                <1>     int 21h
   531                              <1> .pipeNamesComplete:
   532 00000FCE 31C0                <1>     xor eax, eax
   533                              <1>     ;Invalidate the pointers and the paths too
   534 00000FD0 488905(60040000)    <1>     mov qword [newPipe], rax
   535 00000FD7 488905(68040000)    <1>     mov qword [oldPipe], rax
   536 00000FDE 8905(C2030000)      <1>     mov dword [pipe1Filespec], eax
   537 00000FE4 8905(11040000)      <1>     mov dword [pipe2Filespec], eax
   538                              <1>     return
    13                              <2> %%_ret:
    14 00000FEA C3                  <2>  ret
    15                              <2> %assign retOff %%_ret-$$
   539                              <1> 
   540                              <1> .closeHandle:
   541 00000FEB 81FBFFFFFFFF        <1>     cmp ebx, -1
   542                              <1>     rete
    49                              <2> cret e
    19                              <3> %%_base:
    20                              <3> %assign baseVar %%_base-$$
    21                              <3>  %ifdef retOff
    22                              <3>  %if (baseVar - retOff <= 126) && (baseVar > retOff)
    23                              <3>  %ifdef currSegVBase
    24 00000FF1 74(EA)              <3>  j%+1 short (retOff+currSegVBase)
    25                              <3>  %else
    26                              <3>  j%+1 short retOff
    27                              <3>  %endif
    28                              <3>  %else
    29                              <3>  j%-1 short %%a
    30                              <3>  return
    31                              <3> %%a:
    32                              <3>  %endif
    33                              <3>  %else
    34                              <3>  j%-1 short %%a
    35                              <3>  return
    36                              <3> %%a:
    37                              <3>  %endif
   543 00000FF3 B8003E0000          <1>     mov eax, 3E00h
   544 00000FF8 CD21                <1>     int 21h
   545                              <1>     return
    13                              <2> %%_ret:
    14 00000FFA C3                  <2>  ret
    15                              <2> %assign retOff %%_ret-$$
   546                              <1> .closeAndReplace:
   547                              <1> ;Input: ax = one possible handle, dx = second possible handle
   548                              <1> ;       bx = handle to close and copy ax/dx into
   549                              <1> ;Output: Handle intervened on. bx preserved
   550 00000FFB C1E010              <1>     shl eax, 10h    ;Shift low word into upper word
   551 00000FFE 09D0                <1>     or eax, edx     ;Form packed
   552 00001000 3DFFFFFFFF          <1>     cmp eax, -1     ;If both -1, skip close!
   553                              <1>     rete            ;Needed to ensure we dont fail silently
    49                              <2> cret e
    19                              <3> %%_base:
    20                              <3> %assign baseVar %%_base-$$
    21                              <3>  %ifdef retOff
    22                              <3>  %if (baseVar - retOff <= 126) && (baseVar > retOff)
    23                              <3>  %ifdef currSegVBase
    24 00001005 74(FA)              <3>  j%+1 short (retOff+currSegVBase)
    25                              <3>  %else
    26                              <3>  j%+1 short retOff
    27                              <3>  %endif
    28                              <3>  %else
    29                              <3>  j%-1 short %%a
    30                              <3>  return
    31                              <3> %%a:
    32                              <3>  %endif
    33                              <3>  %else
    34                              <3>  j%-1 short %%a
    35                              <3>  return
    36                              <3> %%a:
    37                              <3>  %endif
   554 00001007 E8DFFFFFFF          <1>     call .closeHandle
   555 0000100C 663DFFFF            <1>     cmp ax, -1      
   556 00001010 660F44C2            <1>     cmove ax, dx    ;If ax is -1, move dx into ax
   557 00001014 53                  <1>     push rbx
   558 00001015 0FB7D8              <1>     movzx ebx, ax   ;Zero upper word of eax
   559 00001018 B800450000          <1>     mov eax, 4500h  ;DUP this into the space formed by the close
   560 0000101D CD21                <1>     int 21h
   561 0000101F 5B                  <1>     pop rbx
   562                              <1>     retnc   ;If this succeeds, return
    61                              <2> cret nc
    19                              <3> %%_base:
    20                              <3> %assign baseVar %%_base-$$
    21                              <3>  %ifdef retOff
    22                              <3>  %if (baseVar - retOff <= 126) && (baseVar > retOff)
    23                              <3>  %ifdef currSegVBase
    24 00001020 73(FA)              <3>  j%+1 short (retOff+currSegVBase)
    25                              <3>  %else
    26                              <3>  j%+1 short retOff
    27                              <3>  %endif
    28                              <3>  %else
    29                              <3>  j%-1 short %%a
    30                              <3>  return
    31                              <3> %%a:
    32                              <3>  %endif
    33                              <3>  %else
    34                              <3>  j%-1 short %%a
    35                              <3>  return
    36                              <3> %%a:
    37                              <3>  %endif
   563                              <1>     ;Else we now try to force default device to open!
   564 00001022 E8C4FFFFFF          <1>     call .closeHandle   ;Try close bx again!
   565 00001027 B8023D0000          <1>     mov eax, 3D02h  ;Open read/write
   566 0000102C 488D15B6F7FFFF      <1>     lea rdx, devName
   567 00001033 CD21                <1>     int 21h
   568                              <1>     return
    13                              <2> %%_ret:
    14 00001035 C3                  <2>  ret
    15                              <2> %assign retOff %%_ret-$$
   569                              <1> 
   570                              <1> cleanRedirOut:
   571                              <1> ;Used to oust any stdout redir if necessary. This is different to the above in 
   572                              <1> ; that it deletes the redir out file. Therefore, this is only called in 
   573                              <1> ; particular cases like launching bat files which needs special handling in 
   574                              <1> ; that all redirs need to be completely removed.
   575 00001036 66813D0AF0FFFFFFFF  <1>     cmp word [redirSTDOUT], -1  ;Do we have > xyzzy.fil?
   576                              <1>     rete  ;Return if no stdout redir! We are ok!
    49                              <2> cret e
    19                              <3> %%_base:
    20                              <3> %assign baseVar %%_base-$$
    21                              <3>  %ifdef retOff
    22                              <3>  %if (baseVar - retOff <= 126) && (baseVar > retOff)
    23                              <3>  %ifdef currSegVBase
    24 0000103F 74(35)              <3>  j%+1 short (retOff+currSegVBase)
    25                              <3>  %else
    26                              <3>  j%+1 short retOff
    27                              <3>  %endif
    28                              <3>  %else
    29                              <3>  j%-1 short %%a
    30                              <3>  return
    31                              <3> %%a:
    32                              <3>  %endif
    33                              <3>  %else
    34                              <3>  j%-1 short %%a
    35                              <3>  return
    36                              <3> %%a:
    37                              <3>  %endif
   577 00001041 0FB71D01F0FFFF      <1>     movzx ebx, word [redirSTDOUT]
   578 00001048 B901000000          <1>     mov ecx, 1      ;STDOUT
   579 0000104D B800460000          <1>     mov eax, 4600h  ;DUP this into STDOUT closing redirout
   580 00001052 CD21                <1>     int 21h
   581 00001054 0FB71DEEEFFFFF      <1>     movzx ebx, word [redirSTDOUT]   ;Kill the duplicate now
   582 0000105B B8003E0000          <1>     mov eax, 3E00h  
   583 00001060 CD21                <1>     int 21h
   584 00001062 66C705DEEFFFFFFFFF  <1>     mov word [redirSTDOUT], -1  ;Set default value back
   585 0000106B 488D15(73030000)    <1>     lea rdx, rdrOutFilespec
   586 00001072 B800410000          <1>     mov eax, 4100h      ;Del stdout file
   587 00001077 CD21                <1>     int 21h
   588 00001079 C60200              <1>     mov byte [rdx], 0   ;Ensure this is a clear path (not necessary)
   589                              <1>     ;Ignore any errors in this procedures. Errors mean either sharing problems
   590                              <1>     ; or the file doesnt exist, which in either case, is fine to leave it be!
   591                              <1>     return
    13                              <2> %%_ret:
    14 0000107C C3                  <2>  ret
    15                              <2> %assign retOff %%_ret-$$
   592                              <1> 
   593                              <1> advanceRedir:
   594                              <1> ;Cleans up the redir stuff after we are done. Advances the pipe.
   595                              <1> ;Close stdin redir then stdout redir. 
   596 0000107D F605C1EFFFFFFF      <1>     test byte [redirIn], -1     ;If the flag is set proceed.
   597 00001084 0F8585000000        <1>     jnz .redirIn
   598 0000108A F605AFEFFFFFFF      <1>     test byte [pipeFlag], -1    ;Is the pipe on?
   599 00001091 0F84B4000000        <1>     jz .redirOut                ;If not, check redir out
   600 00001097 0FBF05A3EFFFFF      <1>     movsx eax, word [pipeSTDIN] ;Do we have an incoming pipe to clean?
   601 0000109E 3DFFFFFFFF          <1>     cmp eax, -1   ;If the handle is -1, it must be an stdout pipe.
   602 000010A3 0F84EB000000        <1>     je .pipeOut              
   603                              <1> ;Here we clean pipeSTDIN. Close the handle first then delete the file.
   604 000010A9 0FB71D91EFFFFF      <1>     movzx ebx, word [pipeSTDIN] 
   605 000010B0 31C9                <1>     xor ecx, ecx    ;DUP into STDIN closing the redir
   606 000010B2 B800460000          <1>     mov eax, 4600h
   607 000010B7 CD21                <1>     int 21h
   608 000010B9 0F8239FEFFFF        <1>     jc pipeFailure
   609 000010BF B8003E0000          <1>     mov eax, 3E00h  ;Close the copy
   610 000010C4 CD21                <1>     int 21h
   611 000010C6 0F822CFEFFFF        <1>     jc pipeFailure
   612 000010CC 488B15(68040000)    <1>     mov rdx, qword [oldPipe]    ;Get the ptr to the filename
   613 000010D3 B800410000          <1>     mov eax, 4100h  ;Delete the file!
   614 000010D8 CD21                <1>     int 21h
   615 000010DA 0F8218FEFFFF        <1>     jc pipeFailure
   616 000010E0 C60200              <1>     mov byte [rdx], 0           ;Mark this buffer as free
   617 000010E3 66C70555EFFFFFFFFF  <1>     mov word [pipeSTDIN], -1    ;This has been closed now
   618                              <1>     ;Now we check the out pipe. If it is on, jump to it!
   619                              <1>     ;Else, check if the redir out is on. If it is, jump to it. 
   620                              <1>     ;Else exit!
   621 000010EC 0FBF0550EFFFFF      <1>     movsx eax, word [pipeSTDOUT]
   622 000010F3 3DFFFFFFFF          <1>     cmp eax, -1
   623 000010F8 0F8596000000        <1>     jne .pipeOut                ;If this is non-empty, go for it!
   624 000010FE C6053BEFFFFF00      <1>     mov byte [pipeFlag], 0      ;Turn off the pipe now!
   625 00001105 F6053AEFFFFFFF      <1>     test byte [redirOut], -1    ;Do we have a redir out?
   626 0000110C 753D                <1>     jnz .redirOut               ;Go for it if so!
   627                              <1>     return
    13                              <2> %%_ret:
    14 0000110E C3                  <2>  ret
    15                              <2> %assign retOff %%_ret-$$
   628                              <1> .redirIn:
   629                              <1> ;Here we clean redirIn
   630 0000110F 0FB71D31EFFFFF      <1>     movzx ebx, word [redirSTDIN]    ;Put this file back to STDIN
   631 00001116 31C9                <1>     xor ecx, ecx    ;Duplicate original STDIN into CX (into STDIN position)
   632 00001118 B800460000          <1>     mov eax, 4600h  ;This closes the redir file in the process
   633 0000111D CD21                <1>     int 21h
   634 0000111F 0F82C5FDFFFF        <1>     jc redirFailure
   635 00001125 B8003E0000          <1>     mov eax, 3E00h  ;Now close BX in the process too remove duplicates.
   636 0000112A CD21                <1>     int 21h
   637 0000112C 0F82B8FDFFFF        <1>     jc redirFailure
   638 00001132 66C7050CEFFFFFFFFF  <1>     mov word [redirSTDIN], -1  ;Replace the file handle with -1
   639 0000113B C60503EFFFFF00      <1>     mov byte [redirIn], 0   ;Clear the flag
   640 00001142 F605F7EEFFFFFF      <1>     test byte [pipeFlag], -1    ;Is the pipe on? Check pipe out!
   641 00001149 7549                <1>     jnz .pipeOut
   642                              <1> .redirOut:
   643 0000114B F605F4EEFFFFFF      <1>     test byte [redirOut], -1    ;If no redirOut, exit!
   644                              <1>     retz
    41                              <2> cret z
    19                              <3> %%_base:
    20                              <3> %assign baseVar %%_base-$$
    21                              <3>  %ifdef retOff
    22                              <3>  %if (baseVar - retOff <= 126) && (baseVar > retOff)
    23                              <3>  %ifdef currSegVBase
    24 00001152 74(0E)              <3>  j%+1 short (retOff+currSegVBase)
    25                              <3>  %else
    26                              <3>  j%+1 short retOff
    27                              <3>  %endif
    28                              <3>  %else
    29                              <3>  j%-1 short %%a
    30                              <3>  return
    31                              <3> %%a:
    32                              <3>  %endif
    33                              <3>  %else
    34                              <3>  j%-1 short %%a
    35                              <3>  return
    36                              <3> %%a:
    37                              <3>  %endif
   645                              <1>     ;If it is set, but the pipe is also set, the pipe takes presedence
   646 00001154 F605E5EEFFFFFF      <1>     test byte [pipeFlag], -1
   647 0000115B 7537                <1>     jnz short .pipeOut
   648 0000115D 0FB71DE5EEFFFF      <1>     movzx ebx, word [redirSTDOUT]    ;Put this file back to STDOUT
   649 00001164 B901000000          <1>     mov ecx, 1    ;Duplicate original STDOUT into CX (into STDOUT position)
   650 00001169 B800460000          <1>     mov eax, 4600h  ;This closes the redir file in the process
   651 0000116E CD21                <1>     int 21h
   652 00001170 0F8274FDFFFF        <1>     jc redirFailure
   653 00001176 B8003E0000          <1>     mov eax, 3E00h  ;Now close BX in the process too remove duplicates.
   654 0000117B CD21                <1>     int 21h
   655 0000117D 0F8267FDFFFF        <1>     jc redirFailure
   656 00001183 66C705BDEEFFFFFFFF  <1>     mov word [redirSTDOUT], -1  ;Replace the file handle with -1
   657 0000118C C605B3EEFFFF00      <1>     mov byte [redirOut], 0   ;Clear the flag
   658                              <1>     return
    13                              <2> %%_ret:
    14 00001193 C3                  <2>  ret
    15                              <2> %assign retOff %%_ret-$$
   659                              <1> .pipeOut:
   660                              <1> ;Duplicate STDIN to save across pipe
   661 00001194 0FBF05A8EEFFFF      <1>     movsx eax, word [pipeSTDOUT] ;Do we have an outgoing pipe to clean?
   662 0000119B 3DFFFFFFFF          <1>     cmp eax, -1   ;If the handle is -1, no
   663                              <1>     rete
    49                              <2> cret e
    19                              <3> %%_base:
    20                              <3> %assign baseVar %%_base-$$
    21                              <3>  %ifdef retOff
    22                              <3>  %if (baseVar - retOff <= 126) && (baseVar > retOff)
    23                              <3>  %ifdef currSegVBase
    24 000011A0 74(93)              <3>  j%+1 short (retOff+currSegVBase)
    25                              <3>  %else
    26                              <3>  j%+1 short retOff
    27                              <3>  %endif
    28                              <3>  %else
    29                              <3>  j%-1 short %%a
    30                              <3>  return
    31                              <3> %%a:
    32                              <3>  %endif
    33                              <3>  %else
    34                              <3>  j%-1 short %%a
    35                              <3>  return
    36                              <3> %%a:
    37                              <3>  %endif
   664 000011A2 B800450000          <1>     mov eax, 4500h
   665 000011A7 31DB                <1>     xor ebx, ebx    ;Set ebx to STDIN
   666 000011A9 CD21                <1>     int 21h
   667 000011AB 0F8247FDFFFF        <1>     jc pipeFailure
   668 000011B1 66890589EEFFFF      <1>     mov word [pipeSTDIN], ax    ;Save duplicate here
   669                              <1> ;Now move STDOUT to STDIN, closing original STDIN in the process
   670 000011B8 B800460000          <1>     mov eax, 4600h
   671 000011BD 89D9                <1>     mov ecx, ebx    ;DUP STDOUT into STDIN
   672 000011BF FFC3                <1>     inc ebx ;ebx = 1, ecx = 0
   673 000011C1 CD21                <1>     int 21h
   674 000011C3 0F822FFDFFFF        <1>     jc pipeFailure
   675                              <1> ;Now return the original stdout to stdout
   676 000011C9 89D9                <1>     mov ecx, ebx
   677 000011CB 0FB71D71EEFFFF      <1>     movzx ebx, word [pipeSTDOUT]
   678 000011D2 B800460000          <1>     mov eax, 4600h  ;ebx = pipeSTDOUT, ecx = 1
   679 000011D7 CD21                <1>     int 21h
   680 000011D9 0F8219FDFFFF        <1>     jc pipeFailure
   681                              <1> ;Now close the DUP'ed STDOUT
   682 000011DF B8003E0000          <1>     mov eax, 3E00h
   683 000011E4 CD21                <1>     int 21h
   684 000011E6 0F820CFDFFFF        <1>     jc pipeFailure
   685                              <1> ;Finally unwind STDIN to the beginning of the file
   686 000011EC B800420000          <1>     mov eax, 4200h  ;Seek from start of file
   687 000011F1 31DB                <1>     xor ebx, ebx    ;STDIN handle
   688 000011F3 89D9                <1>     mov ecx, ebx    ;Set high 32 bits
   689 000011F5 89DA                <1>     mov edx, ebx    ;Set low 32 bits
   690 000011F7 CD21                <1>     int 21h
   691 000011F9 0F82F9FCFFFF        <1>     jc pipeFailure  ;This should never happen
   692 000011FF 488B15(60040000)    <1>     mov rdx, qword [newPipe]    ;Move the pathname pointer
   693 00001206 488915(68040000)    <1>     mov qword [oldPipe], rdx
   694 0000120D 66C7052DEEFFFFFFFF  <1>     mov word [pipeSTDOUT], -1   ;Set this to free for next use
   695                              <1>     return
    13                              <2> %%_ret:
    14 00001216 C3                  <2>  ret
    15                              <2> %assign retOff %%_ret-$$
   696                              <1> 
   697                              <1> 
   698                              <1> peelRedir:
   699                              <1> ;Checks and sets up redir as appropriate
   700                              <1> ;Input: al = First char to check, if al < > >> or |, handled appropriately
   701                              <1> ;       rsi points to the first char after the char in al in cLineBuffer
   702                              <1> ;Output: ZF=NZ => No redir
   703                              <1> ;        ZF=ZY => Redir
   704                              <1> ;           rsi is moved to the first non-terminating char after redir filespec
   705                              <1> ;CF=CY if pipe set. If ZF=ZE then double pipe, error!
   706 00001217 51                  <1>     push rcx
   707 00001218 57                  <1>     push rdi
   708 00001219 3C3C                <1>     cmp al, "<"
   709 0000121B 740C                <1>     je .inputRedir
   710 0000121D 3C3E                <1>     cmp al, ">"
   711 0000121F 7427                <1>     je .outputRedir
   712 00001221 3C7C                <1>     cmp al, "|"
   713 00001223 7441                <1>     je .pipeSetup
   714 00001225 F8                  <1>     clc
   715                              <1> .redirExit:
   716 00001226 5F                  <1>     pop rdi
   717 00001227 59                  <1>     pop rcx
   718                              <1>     return
    13                              <2> %%_ret:
    14 00001228 C3                  <2>  ret
    15                              <2> %assign retOff %%_ret-$$
   719                              <1> .inputRedir:
   720 00001229 C60515EEFFFFFF      <1>     mov byte [redirIn], -1  ;Set the flag, redir in active
   721 00001230 488D3D(24030000)    <1>     lea rdi, rdrInFilespec
   722                              <1> .redirCommon:
   723 00001237 E808330000          <1>     call skipDelimiters ;Skip spaces between < > or >> and the filespec
   724 0000123C E834340000          <1>     call cpDelimPathToBufz
   725 00001241 48FFCE              <1>     dec rsi ;Point rsi back to the delimiter char
   726 00001244 30C0                <1>     xor al, al  ;Clear the ZF flag
   727 00001246 EBDE                <1>     jmp short .redirExit
   728                              <1> .outputRedir:
   729 00001248 C605F7EDFFFF01      <1>     mov byte [redirOut], 1  ;Set this as the flag
   730 0000124F 803E3E              <1>     cmp byte [rsi], ">" ;Was this a > or a >>
   731 00001252 7509                <1>     jne .notDouble
   732 00001254 FE05ECEDFFFF        <1>     inc byte [redirOut] ;Inc to make it 2
   733 0000125A 48FFC6              <1>     inc rsi ;Go past it too
   734                              <1> .notDouble:
   735 0000125D 488D3D(73030000)    <1>     lea rdi, rdrOutFilespec
   736 00001264 EBD1                <1>     jmp short .redirCommon
   737                              <1> .pipeSetup:
   738 00001266 56                  <1>     push rsi    ;Save rsi pointing to char past |
   739 00001267 E8D8320000          <1>     call skipDelimiters ;Check if this is effectively a double || or |<CR>
   740 0000126C 803E7C              <1>     cmp byte [rsi], "|" 
   741 0000126F 7403                <1>     je .badFnd
   742 00001271 803E0D              <1>     cmp byte [rsi], CR
   743                              <1> .badFnd:
   744 00001274 5E                  <1>     pop rsi
   745 00001275 F9                  <1>     stc
   746 00001276 EBAE                <1>     jmp short .redirExit
   747                              <1> 
   748                              <1> setupRedirandPipes:
   749                              <1> ;We only need to setup STDOUT redirection if the pipe flag is set.
   750                              <1> ;Input: ZF=NZ => Set up pipes. ZF=ZE => just redir
   751 00001278 0F8484000000        <1>     jz .redirIn
   752 0000127E 488D15(C2030000)    <1>     lea rdx, pipe1Filespec
   753 00001285 803A00              <1>     cmp byte [rdx], 0
   754 00001288 7410                <1>     jz .pathFound
   755 0000128A 488D15(11040000)    <1>     lea rdx, pipe2Filespec
   756 00001291 803A00              <1>     cmp byte [rdx], 0
   757 00001294 0F855EFCFFFF        <1>     jnz pipeFailure
   758                              <1> .pathFound:
   759 0000129A 488915(60040000)    <1>     mov qword [newPipe], rdx    ;Use this as the newPipe path
   760 000012A1 B800450000          <1>     mov eax, 4500h  ;Now DUP STDOUT
   761 000012A6 BB01000000          <1>     mov ebx, 1
   762 000012AB CD21                <1>     int 21h
   763 000012AD 0F8245FCFFFF        <1>     jc pipeFailure
   764 000012B3 66890589EDFFFF      <1>     mov word [pipeSTDOUT], ax   ;Save the copy of the handle
   765 000012BA E842320000          <1>     call getCurrentDrive    ;Get current drive in al (0 based number)
   766 000012BF 0441                <1>     add al, "A"
   767 000012C1 BB003A5C00          <1>     mov ebx, 005C3A00h  ;0,"\:",0
   768 000012C6 88C3                <1>     mov bl, al  ;Move the drive letter into low byte of ebx
   769 000012C8 891A                <1>     mov dword [rdx], ebx    ;Put the \ terminated path
   770 000012CA 31C9                <1>     xor ecx, ecx      ;Hidden attributes
   771 000012CC B8005A0000          <1>     mov eax, 5A00h  ;Create a temporary file
   772 000012D1 CD21                <1>     int 21h
   773 000012D3 0F821FFCFFFF        <1>     jc pipeFailure
   774                              <1>     ;AX has the handle for this file now, this will become STDOUT
   775                              <1>     ;If this is the first pipe, we want to save a copy of this handle
   776 000012D9 0FB7D8              <1>     movzx ebx, ax   ;Clone new handle into STDOUT
   777 000012DC B901000000          <1>     mov ecx, 1
   778 000012E1 B800460000          <1>     mov eax, 4600h
   779 000012E6 CD21                <1>     int 21h
   780 000012E8 0F820AFCFFFF        <1>     jc pipeFailure
   781 000012EE B8003E0000          <1>     mov eax, 3E00h  ;Now close the original copy of the handle (in bx)
   782 000012F3 CD21                <1>     int 21h
   783 000012F5 0F82FDFBFFFF        <1>     jc pipeFailure
   784 000012FB C6053EEDFFFFFF      <1>     mov byte [pipeFlag], -1 ;Set the pipe flag up!
   785                              <1> .redirIn:
   786                              <1> ;Now check if any other redir needs to be setup
   787                              <1> ;Checks and sets up redir as appropriate.
   788                              <1>     ;Setup the redir here for STDIN
   789 00001302 F6053CEDFFFFFF      <1>     test byte [redirIn], -1  ;Is it set
   790 00001309 7449                <1>     jz .redirOut
   791 0000130B 31DB                <1>     xor ebx, ebx    ;DUP STDIN
   792 0000130D B800450000          <1>     mov eax, 4500h
   793 00001312 CD21                <1>     int 21h
   794 00001314 0F82D0FBFFFF        <1>     jc redirFailure
   795 0000131A 66890526EDFFFF      <1>     mov word [redirSTDIN], ax   ;Save the handle in variable
   796 00001321 488D15(24030000)    <1>     lea rdx, rdrInFilespec
   797 00001328 B8023D0000          <1>     mov eax, 3D02h  ;Open file for read write access
   798 0000132D CD21                <1>     int 21h
   799 0000132F 0F82B5FBFFFF        <1>     jc redirFailure
   800 00001335 31C9                <1>     xor ecx, ecx    ;Close STDIN and duplicate bx into it
   801 00001337 0FB7D8              <1>     movzx ebx, ax   ;Move the handle into bx to duplicate into cx (STDIN)
   802 0000133A B800460000          <1>     mov eax, 4600h
   803 0000133F CD21                <1>     int 21h
   804 00001341 0F82A3FBFFFF        <1>     jc redirFailure
   805 00001347 B8003E0000          <1>     mov eax, 3E00h  ;Now close the original copy of the handle
   806 0000134C CD21                <1>     int 21h
   807 0000134E 0F8296FBFFFF        <1>     jc redirFailure
   808                              <1> .redirOut:
   809 00001354 F605EBECFFFFFF      <1>     test byte [redirOut], -1    ;Is redir out on?
   810                              <1>     retz           
    41                              <2> cret z
    19                              <3> %%_base:
    20                              <3> %assign baseVar %%_base-$$
    21                              <3>  %ifdef retOff
    22                              <3>  %if (baseVar - retOff <= 126) && (baseVar > retOff)
    23                              <3>  %ifdef currSegVBase
    24                              <3>  j%+1 short (retOff+currSegVBase)
    25                              <3>  %else
    26                              <3>  j%+1 short retOff
    27                              <3>  %endif
    28                              <3>  %else
    29 0000135B 7501                <3>  j%-1 short %%a
    30                              <3>  return
    13                              <4> %%_ret:
    14 0000135D C3                  <4>  ret
    15                              <4> %assign retOff %%_ret-$$
    31                              <3> %%a:
    32                              <3>  %endif
    33                              <3>  %else
    34                              <3>  j%-1 short %%a
    35                              <3>  return
    36                              <3> %%a:
    37                              <3>  %endif
   811 0000135E 803DDEECFFFFFF      <1>     cmp byte [pipeSTDOUT], -1   ;If pipe out is active, pause redirOut
   812                              <1>     retne             ;Exit if it is
    53                              <2> cret ne
    19                              <3> %%_base:
    20                              <3> %assign baseVar %%_base-$$
    21                              <3>  %ifdef retOff
    22                              <3>  %if (baseVar - retOff <= 126) && (baseVar > retOff)
    23                              <3>  %ifdef currSegVBase
    24 00001365 75(5D)              <3>  j%+1 short (retOff+currSegVBase)
    25                              <3>  %else
    26                              <3>  j%+1 short retOff
    27                              <3>  %endif
    28                              <3>  %else
    29                              <3>  j%-1 short %%a
    30                              <3>  return
    31                              <3> %%a:
    32                              <3>  %endif
    33                              <3>  %else
    34                              <3>  j%-1 short %%a
    35                              <3>  return
    36                              <3> %%a:
    37                              <3>  %endif
   813                              <1>     ;Else setup the redir here for STDOUT
   814 00001367 BB01000000          <1>     mov ebx, 1    ;DUP STDOUT
   815 0000136C B800450000          <1>     mov eax, 4500h
   816 00001371 CD21                <1>     int 21h
   817 00001373 0F8271FBFFFF        <1>     jc redirFailure
   818 00001379 668905C9ECFFFF      <1>     mov word [redirSTDOUT], ax   ;Save the handle in variable
   819 00001380 488D15(73030000)    <1>     lea rdx, rdrOutFilespec
   820 00001387 803DB8ECFFFF01      <1>     cmp byte [redirOut], 1  ;If >, just create a new file!
   821 0000138E 7409                <1>     je .skipOpen
   822 00001390 B8023D0000          <1>     mov eax, 3D02h  ;Open file for read write access
   823 00001395 CD21                <1>     int 21h
   824 00001397 730F                <1>     jnc .fileExists
   825                              <1> .skipOpen:
   826 00001399 B8003C0000          <1>     mov eax, 3C00h
   827 0000139E 31C9                <1>     xor ecx, ecx  ;Make the file with no attributes
   828 000013A0 CD21                <1>     int 21h
   829 000013A2 0F8242FBFFFF        <1>     jc redirFailure
   830                              <1> .fileExists:
   831 000013A8 B901000000          <1>     mov ecx, 1      ;Close STDOUT and duplicate bx into it
   832 000013AD 0FB7D8              <1>     movzx ebx, ax   ;AX has the new handle for output
   833 000013B0 B800460000          <1>     mov eax, 4600h  ;DUP2
   834 000013B5 CD21                <1>     int 21h
   835 000013B7 0F822DFBFFFF        <1>     jc redirFailure
   836 000013BD B8003E0000          <1>     mov eax, 3E00h  ;Now close the original copy of the handle (in bx)
   837 000013C2 CD21                <1>     int 21h
   838 000013C4 0F8220FBFFFF        <1>     jc redirFailure
   839 000013CA 803D75ECFFFF01      <1>     cmp byte [redirOut], 1
   840                              <1>     rete
    49                              <2> cret e
    19                              <3> %%_base:
    20                              <3> %assign baseVar %%_base-$$
    21                              <3>  %ifdef retOff
    22                              <3>  %if (baseVar - retOff <= 126) && (baseVar > retOff)
    23                              <3>  %ifdef currSegVBase
    24 000013D1 74(5D)              <3>  j%+1 short (retOff+currSegVBase)
    25                              <3>  %else
    26                              <3>  j%+1 short retOff
    27                              <3>  %endif
    28                              <3>  %else
    29                              <3>  j%-1 short %%a
    30                              <3>  return
    31                              <3> %%a:
    32                              <3>  %endif
    33                              <3>  %else
    34                              <3>  j%-1 short %%a
    35                              <3>  return
    36                              <3> %%a:
    37                              <3>  %endif
   841                              <1>     ;Here we move the file pointer to the end of the file
   842 000013D3 31D2                <1>     xor edx, edx    ;Low order 32 bits
   843 000013D5 31C9                <1>     xor ecx, ecx    ;High order 32 bits
   844 000013D7 BB01000000          <1>     mov ebx, 1  ;We seek STDOUT to the end
   845 000013DC B802420000          <1>     mov eax, 4202h  ;Seek from end of file
   846 000013E1 CD21                <1>     int 21h
   847 000013E3 0F8201FBFFFF        <1>     jc redirFailure
   848                              <1>     return
    13                              <2> %%_ret:
    14 000013E9 C3                  <2>  ret
    15                              <2> %assign retOff %%_ret-$$
   849                              <1> 
   850                              <1> 
   851                              <1> pullCommandline:
   852                              <1> ;This command pulls the command tail down, removing the whole launch command
   853 000013EA 498DB081000000      <1>     lea rsi, qword [r8 + cmdLine]
   854                              <1> ;Skip leading separators
   855                              <1> .pctSkipLeading:
   856 000013F1 AC                  <1>     lodsb   ;Get first char
   857 000013F2 E85B310000          <1>     call isALdelimiter
   858 000013F7 74F8                <1>     je .pctSkipLeading
   859 000013F9 48FFCE              <1>     dec rsi
   860                              <1>     ;rsi points to the start of the command
   861 000013FC 488D3D(C7020000)    <1>     lea rdi, cmdPathSpec
   862 00001403 E817310000          <1>     call strlen ;Get the length of the command
   863 00001408 FFC9                <1>     dec ecx ;Minus the terminating null
   864 0000140A 4801CE              <1>     add rsi, rcx    ;Now move rsi to the first char past the command name
   865 0000140D 280D39ECFFFF        <1>     sub byte [arg1Off], cl  ;Reduce these counts by the same amount!
   866 00001413 280D36ECFFFF        <1>     sub byte [arg2Off], cl
   867 00001419 31C9                <1>     xor ecx, ecx    ;Use as a char counter
   868 0000141B 498DB881000000      <1>     lea rdi, qword [r8 + cmdLine]    ;First byte is reserved for count
   869                              <1> .pctPullChars:
   870 00001422 AC                  <1>     lodsb
   871 00001423 AA                  <1>     stosb
   872 00001424 3C0D                <1>     cmp al, CR  ;Was this a terminating CR?
   873 00001426 7404                <1>     je .pctExit
   874 00001428 FFC1                <1>     inc ecx     ;Increment count
   875 0000142A EBF6                <1>     jmp short .pctPullChars 
   876                              <1> .pctExit:
   877 0000142C 41888880000000      <1>     mov byte [r8 + cmdLineCnt], cl  ;Save the count
   878                              <1>     return
    13                              <2> %%_ret:
    14 00001433 C3                  <2>  ret
    15                              <2> %assign retOff %%_ret-$$
   879                              <1> 
   880                              <1> getSetMainState:
   881                              <1> ;Resets the buffers lengths, sets stringops and gets the pPSP in r8
   882 00001434 FC                  <1>     cld ;Ensure stringops are done the right way
   883 00001435 C605(41010000)80    <1>     mov byte [inBuffer], inLen      ;Reset the buffer length
   884 0000143C C605(C3010000)80    <1>     mov byte [cLineBuffer], inLen     ;Reset the buffer length
   885 00001443 C605(45020000)80    <1>     mov byte [cmdBuffer], inLen     ;Reset the buffer length
   886 0000144A 4C8B05AFEBFFFF      <1>     mov r8, qword [pPSP]              ;Reset the pPSP
   887                              <1>     return
    13                              <2> %%_ret:
    14 00001451 C3                  <2>  ret
    15                              <2> %assign retOff %%_ret-$$
   888                              <1> 
   889                              <1> 
   890                              <1> int2Eh: 
   891                              <1> ;Very sucky interface for passing command lines to be processed by the 
   892                              <1> ; current top level command interpreter. Will slowly try to patch to make it
   893                              <1> ; more reliable with a critical section flag. Currently, if we are already
   894                              <1> ; processing an Int 2Eh request, this will not process the command.
   895                              <1> ;
   896                              <1> ;Need to add further safeguards for when pipes are also setup and
   897                              <1> ; batchmode is on!
   898                              <1> ;
   899                              <1> ;Input: rsi points to the count byte of a command line.
   900                              <1> ;       Max number of chars is 128 (127 + count byte)
   901                              <1> ;Output:
   902                              <1> ;       CF=NC: Command was processed. ax = Retcode
   903                              <1> ;       CF=CY: Command was not processed.
   904 00001452 80642410FE          <1>     and byte [rsp + 2*8], ~1    ;Clear CF on entry
   905 00001457 F605(1A000000)04    <1>     test byte [statFlg1], inSingle
   906 0000145E 0F85A4000000        <1>     jnz int2EcheckReentry 
   907                              <1> .multiJoin:
   908 00001464 800D(1A000000)04    <1>     or byte [statFlg1], inSingle    ;Set the bits! Gets the lock!
   909 0000146B 488925(0A000000)    <1>     mov qword [int2Ersp], rsp       ;Save the far stack pointer 
   910 00001472 B8002F0000          <1>     mov eax, 2F00h  ;Get the current DTA in rbx
   911 00001477 CD21                <1>     int 21h
   912 00001479 48891D(12000000)    <1>     mov qword [int2Edta], rbx       ;We set the dta in the main loop later
   913 00001480 488D25(40060000)    <1>     lea rsp, stackTop               ;Set to use the internal stack
   914 00001487 B800510000          <1>     mov eax, 5100h  ;Get Current PSP in rdx
   915 0000148C CD21                <1>     int 21h
   916 0000148E 48891D(02000000)    <1>     mov qword [int2Epsp], rbx
   917 00001495 52                  <1>     push rdx    ;Save on the stack
   918 00001496 488B1D63EBFFFF      <1>     mov rbx, qword [pPSP] ;Get the psp for this COMMAND.COM
   919 0000149D B800500000          <1>     mov eax, 5000h ;Set this version of COMMAND.COM as the current PSP
   920 000014A2 CD21                <1>     int 21h
   921 000014A4 4989D8              <1>     mov r8, rbx ;Set to point to the command.com psp
   922 000014A7 4989D9              <1>     mov r9, rbx
   923 000014AA FC                  <1>     cld
   924 000014AB 488D3D(C4010000)    <1>     lea rdi, cLineBuffer + 1
   925 000014B2 B981000000          <1>     mov ecx, cmdBufferL - 1
   926 000014B7 F3A4                <1>     rep movsb   ;Zoom zoom copy command line over
   927 000014B9 E876FFFFFF          <1>     call getSetMainState    ;Ensure the buffers have their lengths set
   928 000014BE E8A1330000          <1>     call resetNation        ;Now ensure internationalisation is up to date
   929 000014C3 803D(C4010000)00    <1>     cmp byte [cLineBuffer + 1], 0   ;Don't use batProceed to fail if len 0
   930 000014CA 0F85DBF5FFFF        <1>     jne commandMain.goSingle    ;Proceed if we have anything to execute
   931                              <1> int2ERet:
   932 000014D0 E8A1300000          <1>     call clearCommandLineState  ;Be a good citizen, leave it as we found it!
   933 000014D5 488B25(0A000000)    <1>     mov rsp, qword [int2Ersp]
   934 000014DC 488B1D(02000000)    <1>     mov rbx, qword [int2Epsp] ;Get Old current PSP in rbx
   935 000014E3 B800500000          <1>     mov eax, 5000h  ;Set Current PSP
   936 000014E8 CD21                <1>     int 21h
   937 000014EA 488B15(12000000)    <1>     mov rdx, qword [int2Edta]
   938 000014F1 B8001A0000          <1>     mov eax, 1A00h  ;Set the DTA back to where it was upon return
   939 000014F6 CD21                <1>     int 21h
   940 000014F8 0FB705(00000000)    <1>     movzx eax, word [returnCode]    ;Get the return code in eax
   941 000014FF 8025(1A000000)FB    <1>     and byte [statFlg1], ~inSingle  ;Clear that we are in single mode
   942 00001506 48CF                <1>     iretq
   943                              <1> 
   944                              <1> int2EcheckReentry:
   945                              <1> ;Now we check if we DOSMGR is installed. If so, put task on ice
   946                              <1> ; else, return with CF=CY.
   947 00001508 B800520000          <1>     mov eax, 5200h  ;Get sysvars
   948 0000150D CD21                <1>     int 21h
   949 0000150F F64363FF            <1>     test byte [rbx + 63h], -1   ;check the sysVars.dosMgrPresent byte
   950 00001513 7512                <1>     jnz short .multifnd
   951 00001515 B800030000          <1>     mov eax, 0300h   ;Are we here check on Int 2Fh
   952 0000151A CD2F                <1>     int 2Fh
   953 0000151C 84C0                <1>     test al, al ;This must still be zero, else something installed
   954 0000151E 7507                <1>     jnz .multifnd
   955 00001520 804C241001          <1>     or byte [rsp + 2*8], 1  ;Else return with CF=CY, already processing
   956 00001525 48CF                <1>     iretq   
   957                              <1> .multifnd:
   958                              <1> ;Recognised multitasker present, we now spinlock until flag is clear!
   959 00001527 F390                <1>     pause
   960 00001529 F605(1A000000)04    <1>     test byte [statFlg1], inSingle   ;Is this bit set?
   961 00001530 75F5                <1>     jnz .multifnd
   962 00001532 E92DFFFFFF          <1>     jmp int2Eh.multiJoin            ;Rejoin the norm now
    20                                  %include "./src/cmdBat.asm"
     1                              <1> ;Main Batch processing routines go here!
     2                              <1> 
     3                              <1> batLaunch:
     4                              <1> ;Start by creating the FQPath name and building a command line
     5                              <1> ; where the arguments are CR terminated.
     6                              <1> ;Then work out how much memory to allocate and allocate it.
     7                              <1> ;First First check that we are not already in a batch file!
     8                              <1> ;If we are, deallocate it's block before proceeding unless in CALL.
     9 00001537 488B1D(1B000000)    <1>     mov rbx, qword [bbPtr]
    10 0000153E 4885DB              <1>     test rbx, rbx
    11 00001541 7419                <1>     jz .noBat   
    12 00001543 F605(73000000)FF    <1>     test byte [callFlg], -1 ;Skip this if in a call
    13 0000154A 7510                <1>     jnz .noBat
    14 0000154C E852040000          <1>     call batFree            ;Free batch block
    15 00001551 48C705(1B000000)00- <1>     mov qword [bbPtr], 0    ;Mark as free. Can leave flags alone!
    15 00001559 000000              <1>
    16                              <1> .noBat:
    17                              <1> ;Now start by saving the command line
    18                              <1> ;Now check if we are executing AUTOEXEC.BAT. If so, 
    19                              <1> ; we suppress F3 recalling of the command
    20 0000155C 488D3592F2FFFF      <1>     lea rsi, autoSpec + 3   ;Just check the name
    21 00001563 488D3D(E7000000)    <1>     lea rdi, cmdFcb + fcb.filename
    22 0000156A B908000000          <1>     mov ecx, 8  ;Only check filename as the extension here must be BAT
    23 0000156F F3A6                <1>     repe cmpsb
    24 00001571 7507                <1>     jne .notAutoexec
    25 00001573 C605(42010000)00    <1>     mov byte [inBuffer + 1], 0    ;Set the count byte to 0
    26                              <1> .notAutoexec:
    27 0000157A 488D35(C7020000)    <1>     lea rsi, cmdPathSpec    ;Path here is null terminated.
    28 00001581 488D3D(23000000)    <1>     lea rdi, batFile
    29 00001588 668B06              <1>     mov ax, word [rsi]  ;Get the first two chars
    30 0000158B 80FC3A              <1>     cmp ah, ":"
    31 0000158E 7479                <1>     je .bbdrvGiven
    32 00001590 3A0574EAFFFF        <1>     cmp al, byte [pathSep]  ;Is the first char a pathsep?
    33 00001596 7464                <1>     je .bbCDrvAbs
    34                              <1> ;Current drive relative
    35 00001598 E8642F0000          <1>     call getCurrentDrive    ;Gets the 0 based current drive in al
    36 0000159D 0441                <1>     add al, "A"
    37 0000159F B43A                <1>     mov ah, ":"
    38 000015A1 66AB                <1>     stosw   ;Store these two chars, adv rdi
    39                              <1> .bbRelPath:
    40 000015A3 8A0561EAFFFF        <1>     mov al, byte [pathSep]  
    41 000015A9 AA                  <1>     stosb   ;Store the pathsep
    42 000015AA 8A05(23000000)      <1>     mov al, byte [batFile]  ;Now get the drive letter into al
    43 000015B0 E8742F0000          <1>     call ucChar             ;UC it
    44 000015B5 8805(23000000)      <1>     mov byte [batFile], al  ;and overwrite it :)
    45 000015BB 2C40                <1>     sub al, "@"             ;Convert into a 1 based drive number
    46 000015BD 88C2                <1>     mov dl, al
    47 000015BF 56                  <1>     push rsi        ;Save remaining char source
    48 000015C0 4889FE              <1>     mov rsi, rdi    ;rdi is where we want to store the file name
    49 000015C3 B800470000          <1>     mov eax, 4700h  ;Get Current Directory (null terminated)
    50 000015C8 CD21                <1>     int 21h
    51 000015CA 5E                  <1>     pop rsi
    52 000015CB 7316                <1>     jnc .bbRelPathOk
    53 000015CD 488D15A2EBFFFF      <1>     lea rdx, badBat
    54 000015D4 E82F2D0000          <1>     call printString
    55 000015D9 E885030000          <1>     call batCleanup     ;Now clean up the batch stuff we've setup
    56 000015DE E93BF4FFFF          <1>     jmp commandMain     ;And start again :)   
    57                              <1> .bbRelPathOk:
    58                              <1> ;Now move rdi to the terminating null   
    59 000015E3 31C0                <1>     xor eax, eax
    60 000015E5 31C9                <1>     xor ecx, ecx
    61 000015E7 FFC9                <1>     dec ecx
    62 000015E9 F2AE                <1>     repne scasb ;Find the terminating null
    63 000015EB 48FFCF              <1>     dec rdi ;Now point to the terminating null
    64 000015EE 8A0516EAFFFF        <1>     mov al, byte [pathSep]
    65 000015F4 3847FF              <1>     cmp byte [rdi - 1], al
    66 000015F7 741E                <1>     je .bbCpName    ;Dont store a pathsep over root!
    67 000015F9 AA                  <1>     stosb   ;Store this pathsep over the original null
    68                              <1>     ;Now we are ready to copy the command line passed to us by the user
    69                              <1>     ; to rdi. rsi points to where to source the rest of the chars
    70 000015FA EB1B                <1>     jmp short .bbCpName
    71                              <1> .bbCDrvAbs:
    72                              <1> ;Current drive absolute. Get current drive into buffer
    73 000015FC E8002F0000          <1>     call getCurrentDrive    ;Gets the 0 based current drive in al
    74 00001601 0441                <1>     add al, "A"
    75 00001603 B43A                <1>     mov ah, ":"
    76 00001605 66AB                <1>     stosw   ;Store these two chars
    77                              <1>     ;Now we are ready to copy the command line passed to us by the user
    78                              <1>     ; to rdi. rsi points to where to source the rest of the chars
    79 00001607 EB0E                <1>     jmp short .bbCpName
    80                              <1> .bbdrvGiven:
    81                              <1> ;Drive given X:
    82 00001609 66A5                <1>     movsw   ;Move over the X:, point rsi to the first new char
    83 0000160B AC                  <1>     lodsb
    84 0000160C 48FFCE              <1>     dec rsi ;Get the char and point back to it
    85 0000160F 3A05F5E9FFFF        <1>     cmp al, byte [pathSep]  ;Is char three a pathsep?
    86 00001615 758C                <1>     jne .bbRelPath
    87                              <1> .bbCpName:
    88 00001617 E8EA2E0000          <1>     call strcpy ;Copy the remaining portion
    89 0000161C 488D35(23000000)    <1>     lea rsi, batFile
    90 00001623 E80D2F0000          <1>     call normalisePath  ;Normalise the path :)
    91                              <1> ;Now batFile has the FQpathname, construct the new CR delimited command line.
    92 00001628 488D35(47020000)    <1>     lea rsi, cmdBuffer + 2
    93 0000162F 488D3D(46020000)    <1>     lea rdi, cmdBuffer + 1  ;Overwrite count byte as we will null terminate
    94                              <1> .copyCmdline:
    95 00001636 E8092F0000          <1>     call skipDelimiters ;Find start of argument
    96                              <1> .cclp:
    97 0000163B AC                  <1>     lodsb
    98 0000163C E8112F0000          <1>     call isALdelimiter  ;If we hit delimiter, replace with CR, goto next arg
    99 00001641 7505                <1>     jne .ccstore
   100 00001643 B00D                <1>     mov al, CR  
   101 00001645 AA                  <1>     stosb
   102 00001646 EBEE                <1>     jmp short .copyCmdline
   103                              <1> .ccstore:
   104 00001648 AA                  <1>     stosb   
   105 00001649 3C0D                <1>     cmp al, CR  ;Did we just store a CR
   106 0000164B 75EE                <1>     jne .cclp   ;Keep getting chars if so
   107 0000164D 31C0                <1>     xor eax, eax    ;Else store a terminating null now
   108 0000164F AA                  <1>     stosb
   109 00001650 488D3D(46020000)    <1>     lea rdi, cmdBuffer + 1    ;Get back the ptr to the head of the new string
   110 00001657 E8C32E0000          <1>     call strlen     ;Get the new string length in ecx
   111 0000165C 89CB                <1>     mov ebx, ecx    ;Save len in eax (include null)
   112 0000165E 488D3D(23000000)    <1>     lea rdi, batFile
   113 00001665 E8B52E0000          <1>     call strlen     ;Get the filename len in ecx
   114 0000166A 01CB                <1>     add ebx, ecx
   115 0000166C 81C327000000        <1>     add ebx, batBlockHdr_size   ;Get the size to allocate for block
   116 00001672 89D9                <1>     mov ecx, ebx    ;Save the size in bytes in ecx for the cleaning below
   117 00001674 81C30F000000        <1>     add ebx, 0Fh    ;Round up to nearest paragraph!
   118 0000167A C1EB04              <1>     shr ebx, 4      ;Convert to paragraphs
   119 0000167D B800480000          <1>     mov eax, 4800h
   120 00001682 CD21                <1>     int 21h
   121 00001684 730F                <1>     jnc .bbAlloced
   122 00001686 E8C5030000          <1>     call badNoMemError  ;Print not enough mem error
   123 0000168B E8D3020000          <1>     call batCleanup ;Clean up all redir and ret to cmdline
   124 00001690 E989F3FFFF          <1>     jmp commandMain
   125                              <1> .bbAlloced:
   126                              <1> ;Now init the batblock with all the data we need
   127 00001695 4889C3              <1>     mov rbx, rax    ;Move ptr here
   128 00001698 488705(1B000000)    <1>     xchg qword [bbPtr], rax  ;Save the ptr here too and get prev ptr!
   129 0000169F 50                  <1>     push rax    ;Save the previous pointer on the stack
   130 000016A0 4889DF              <1>     mov rdi, rbx
   131 000016A3 31C0                <1>     xor eax, eax
   132 000016A5 F3AA                <1>     rep stosb   ;Clean the block with nulls
   133 000016A7 800D(1A000000)08    <1>     or byte [statFlg1], inBatch ;Fire up the batch processor now!
   134                              <1> 
   135 000016AE 8F4302              <1>     pop qword [rbx + batBlockHdr.pLink]    ;Get prev ptr here (0 if not call)
   136 000016B1 4889DF              <1>     mov rdi, rbx            ;Point back to the head of the block
   137 000016B4 8A0553E9FFFF        <1>     mov al, byte [echoFlg]
   138 000016BA 884301              <1>     mov byte [rbx + batBlockHdr.bEchoFlg], al
   139 000016BD 8A05(1A000000)      <1>     mov al, byte [statFlg1]
   140 000016C3 88430A              <1>     mov byte [rbx + batBlockHdr.bStatFlg], al
   141 000016C6 B8FFFFFFFF          <1>     mov eax, -1
   142 000016CB B905000000          <1>     mov ecx, 5
   143 000016D0 488D7B13            <1>     lea rdi, qword [rbx + batBlockHdr.wArgs]    ;Init the wArgs to no params!
   144 000016D4 F3AB                <1>     rep stosd   ;Store in dwords for speed. Leave rdi pointing at .cmdLine    
   145 000016D6 488D35(23000000)    <1>     lea rsi, batFile
   146 000016DD E8242E0000          <1>     call strcpy ;Copy the string and the terminating null
   147 000016E2 488D35(46020000)    <1>     lea rsi, cmdBuffer + 1
   148 000016E9 57                  <1>     push rdi    ;Save the ptr to where we will store the cmdline
   149 000016EA E8172E0000          <1>     call strcpy ;Copy the command tail and the terminating null
   150 000016EF 5F                  <1>     pop rdi     ;Get the pointer to the copied cmdline in rdi
   151 000016F0 31F6                <1>     xor esi, esi    ;Use esi as argument counter
   152 000016F2 31C9                <1>     xor ecx, ecx
   153 000016F4 FFC9                <1>     dec ecx ;Init ecx to large number for repne below (stupid hack will work)
   154                              <1> .bbFndLp:
   155 000016F6 803F00              <1>     cmp byte [rdi], 0   ;Is this the end of the cmdline?
   156 000016F9 741B                <1>     je .bbArgsDone      
   157                              <1> ;Else add the entry to the table! rbx -> batBlock
   158 000016FB 4889F8              <1>     mov rax, rdi
   159 000016FE 4829D8              <1>     sub rax, rbx    ;Now get distance from head of batBlock to this arg in ax
   160 00001701 6689447313          <1>     mov word [rbx + 2*rsi + batBlockHdr.wArgs], ax    ;and store it!
   161 00001706 FFC6                <1>     inc esi
   162 00001708 81FE0A000000        <1>     cmp esi, 10         ;Did we just process %9?
   163 0000170E 7406                <1>     je .bbArgsDone
   164 00001710 B00D                <1>     mov al, CR  ;Scan for the next CR and move rdi past it!
   165 00001712 F2AE                <1>     repne scasb
   166 00001714 EBE0                <1>     jmp short .bbFndLp   ;If not end of cmdline, see if next char delim
   167                              <1> .bbArgsDone:
   168                              <1> ;Now deactivate any redirs. Do redir out as cleanupRedirs somewhat ignores it.
   169                              <1> ;Do the handle close as deleting the file without closing the handle is asking 
   170                              <1> ; for SHARING trouble...
   171 00001716 E897020000          <1>     call batKillRedir      ;Fully remove all redirs and files before starting
   172 0000171B E9FEF2FFFF          <1>     jmp commandMain         ;Now we start reading the batch file!
   173                              <1> 
   174                              <1> batFinish:
   175                              <1> ;This is the procedure called after we've processed the last batch line
   176 00001720 E8612B0000          <1>     call printPrompt    ;Add this to emulate what DOS does
   177 00001725 488B05(1B000000)    <1>     mov rax, qword [bbPtr]
   178 0000172C 488B4002            <1>     mov rax, qword [rax + batBlockHdr.pLink]
   179 00001730 0FB6580A            <1>     movzx ebx, byte [rax + batBlockHdr.bStatFlg]    ;Get called state
   180 00001734 50                  <1>     push rax    ;Save the ptr on the stack
   181 00001735 53                  <1>     push rbx    ;Save state on stack
   182 00001736 E828020000          <1>     call batCleanup     ;Cleanup the batch and batch state vars etc etc
   183 0000173B 5B                  <1>     pop rbx
   184 0000173C 58                  <1>     pop rax
   185 0000173D 4885C0              <1>     test rax, rax   ;If the link ptr is 0, we start again :)
   186 00001740 0F84D8F2FFFF        <1>     jz commandMain
   187                              <1>     ;Else, we go back a command block
   188 00001746 488905(1B000000)    <1>     mov qword [bbPtr], rax  ;Place caller batch block back :)
   189 0000174D 881D(1A000000)      <1>     mov byte [statFlg1], bl ;And place the original states back
   190 00001753 E9C6F2FFFF          <1>     jmp commandMain
   191                              <1>     ;And read the next command from the previous batch file!
   192                              <1> batNextLine:
   193                              <1> ;Read the next line from the file and sets if we are done with copying
   194 00001758 F605(1A000000)10    <1>     test byte [statFlg1], batchEOF ;Did we hit EOF?
   195 0000175F 75BF                <1>     jnz batFinish
   196 00001761 E857020000          <1>     call batOpen    ;Open the batch file. Always succeeds. Hdl in ebx.
   197 00001766 488B35(1B000000)    <1>     mov rsi, qword [bbPtr]  ;Get the batch block ptr
   198 0000176D 8B560B              <1>     mov edx, dword [rsi + batBlockHdr.dBatOffLo]
   199 00001770 8B4E0F              <1>     mov ecx, dword [rsi + batBlockHdr.dBatOffHi]
   200 00001773 B800420000          <1>     mov eax, 4200h          ;LSEEK to where we left off previously
   201 00001778 CD21                <1>     int 21h
   202 0000177A C605(C4010000)00    <1>     mov byte [batInBuffer + 1], 0  ;Reset the buffer count
   203 00001781 488D15(C5010000)    <1>     lea rdx, batInBuffer + 2   ;Start read pos
   204 00001788 31FF                <1>     xor edi, edi            ;Use edi as the char counter
   205                              <1> .readlp:
   206 0000178A E866020000          <1>     call batReadChar        ;Read the char. Set ZF and flag if no bytes read.
   207 0000178F 742F                <1>     jz .eofAddCR
   208 00001791 48FFC7              <1>     inc rdi                 ;We read a char, woohoo!
   209 00001794 803A0D              <1>     cmp byte [rdx], CR      ;End of line?
   210 00001797 743D                <1>     je .eolCR
   211 00001799 803A0A              <1>     cmp byte [rdx], LF      ;End of line UNIX?
   212 0000179C 7447                <1>     je .eolLF
   213 0000179E FE05(C4010000)      <1>     inc byte [batInBuffer + 1] ;Inc our char count
   214 000017A4 48FFC2              <1>     inc rdx                 ;Store the next char in the next position
   215 000017A7 803D(C4010000)80    <1>     cmp byte [batInBuffer + 1], inLen    ;Are we 128 chars w/o CR?
   216 000017AE 75DA                <1>     jne .readlp             ;Get next char if not
   217 000017B0 48FFCA              <1>     dec rdx                 ;Go back to the char we just read
   218 000017B3 C6020D              <1>     mov byte [rdx], CR      ;Overwrite with a terminating CR instead!!
   219 000017B6 FE0D(C4010000)      <1>     dec byte [batInBuffer + 1] ;Reduce the valid char count by one
   220 000017BC FFCF                <1>     dec edi                 ;Ignore the 128th char that we read!
   221 000017BE EB28                <1>     jmp short .eol          ;The user typed too many chars on a line, EOL
   222                              <1> .eofAddCR:
   223 000017C0 C6020D              <1>     mov byte [rdx], CR  ;Store a terminating CR on the line!
   224                              <1> .eof:
   225 000017C3 803D(C4010000)00    <1>     cmp byte [batInBuffer + 1], 0      ;If we read any chars, do the line!
   226 000017CA 751C                <1>     jne .eol
   227 000017CC E81C020000          <1>     call batClose                   ;Else close the hdl!
   228 000017D1 E94AFFFFFF          <1>     jmp batFinish
   229                              <1> .eolCR:   ;Now get the next char, to possibly eliminate a trailing LF
   230 000017D6 E81A020000          <1>     call batReadChar  ;Get the LF over CR. Set ZF and flag if no bytes read.
   231 000017DB 74E6                <1>     jz .eof     ;That CR was last char, check if we have something to do
   232 000017DD 803A0A              <1>     cmp byte [rdx], LF  ;Did we read a LF?
   233 000017E0 7503                <1>     jne .eolLF          ;Reread this char if not LF
   234 000017E2 48FFC7              <1>     inc rdi             ;Else add to the count
   235                              <1> .eolLF:
   236 000017E5 C6020D              <1>     mov byte [rdx], CR  ;Now place the CR over the last char
   237                              <1> .eol:
   238                              <1> ;Close the file, update the batch block file pointer, then proceed.
   239                              <1> ;rsi -> Batch block.
   240 000017E8 E800020000          <1>     call batClose
   241                              <1> ;Imagine someone gives us a 2+Gb Batch file...
   242 000017ED 48017E0B            <1>     add qword [rsi + batBlockHdr.qBatOff], rdi    ;Add to count
   243                              <1> ;Now we echo the prompt and command to the console unless the 
   244                              <1> ; first char is @, we hit a label or the echo flag is off.
   245 000017F1 488D15(C5010000)    <1>     lea rdx, batInBuffer + 2
   246                              <1> ;Labels and @ chars are first non-delim char on line.
   247                              <1> ;Find the first non-delim char in the line and check it!!
   248 000017F8 4889D6              <1>     mov rsi, rdx
   249 000017FB E8442D0000          <1>     call skipDelimiters     
   250 00001800 803E3A              <1>     cmp byte [rsi], ":"     ;Label check! (:)
   251 00001803 0F844FFFFFFF        <1>     je batNextLine          ;Just get the next line immediately
   252 00001809 E858000000          <1>     call batPreprocess      ;Else we preprocess now
   253                              <1> 
   254 0000180E 488D15(C5010000)    <1>     lea rdx, batInBuffer + 2
   255 00001815 803A40              <1>     cmp byte [rdx], batNoEchoChar   ;Line no echo check! (@)
   256 00001818 7429                <1>     je .noEchoPull       
   257 0000181A F605ECE7FFFFFF      <1>     test byte [echoFlg], -1         
   258 00001821 0F847BF2FFFF        <1>     jz commandMain.batProceed
   259 00001827 52                  <1>     push rdx
   260 00001828 E8592A0000          <1>     call printPrompt    ;Now output prompt
   261 0000182D 5A                  <1>     pop rdx
   262 0000182E 0FB64AFF            <1>     movzx ecx, byte [rdx - 1]    ;Get the number of chars to print
   263 00001832 BB01000000          <1>     mov ebx, 1  ;STDOUT
   264 00001837 B800400000          <1>     mov eax, 4000h  ;Write woo!
   265 0000183C CD21                <1>     int 21h
   266 0000183E E95AF2FFFF          <1>     jmp commandMain.batProceedCrlf
   267                              <1> .noEchoPull:
   268 00001843 FE0D(C4010000)      <1>     dec byte [batInBuffer + 1]     ;Eliminate the @ char
   269 00001849 0F8409FFFFFF        <1>     jz batNextLine    ;If this was just a @<CR><LF>, get next line
   270 0000184F 4889D7              <1>     mov rdi, rdx
   271 00001852 488D7201            <1>     lea rsi, qword [rdx + 1]    ;Start from the char afterwards
   272 00001856 0FB60D(C4010000)    <1>     movzx ecx, byte [batInBuffer + 1]  ;Get the remaining count to copy
   273 0000185D FFC1                <1>     inc ecx                         ;Want to copy over the terminating CR too
   274 0000185F F3A4                <1>     rep movsb 
   275 00001861 E93CF2FFFF          <1>     jmp commandMain.batProceed   ;Now proceed normally w/o crlf
   276                              <1> 
   277                              <1> batPreprocess:
   278                              <1> ;Copies the line from batInBuffer to batInBuffer for regular processing,
   279                              <1> ; expanding any environment variables as the expansion takes place.
   280                              <1> ;Line is guaranteed only CR terminated.
   281 00001866 488D2D(45020000)    <1>     lea rbp, cmdBuffer      ;Save the ptr for the expandVar function
   282 0000186D 488D7D02            <1>     lea rdi, qword [rbp + 2]    ;Point to the string destination
   283 00001871 C6450100            <1>     mov byte [rbp + 1], 0       ;Reset the buffer count
   284 00001875 488D35(C5010000)    <1>     lea rsi, qword [batInBuffer + 2]
   285 0000187C E8C32C0000          <1>     call skipDelimiters ;We strip leading delimiters
   286                              <1> .lp:
   287 00001881 AC                  <1>     lodsb   ;Get char and advance source ptr
   288 00001882 3C25                <1>     cmp al, "%" ;Did we get a envvar symbol?
   289 00001884 7507                <1>     jne .rawcp
   290 00001886 E825000000          <1>     call batExpandVar   ;Advances rsi to next char and rdi past envvar
   291 0000188B EB08                <1>     jmp short .check  
   292                              <1> .rawcp:
   293 0000188D AA                  <1>     stosb   ;Store the char
   294 0000188E 3C0D                <1>     cmp al, CR
   295 00001890 740C                <1>     je .exit    ;Return immediately if we copied a CR. Dont add to count.
   296 00001892 FE4501              <1>     inc byte [rbp + 1] ;Else inc the buffer count
   297                              <1> .check:
   298 00001895 807D017F            <1>     cmp byte [rbp + 1], inLen - 1   ;Max chars yet?
   299 00001899 75E6                <1>     jne .lp
   300 0000189B B00D                <1>     mov al, CR  ;Here if so, terminate the line nicely :)
   301 0000189D AA                  <1>     stosb   ;Store this char too
   302                              <1> .exit:
   303                              <1> ;Now copy the expanded command line back :)
   304 0000189E 4889EE              <1>     mov rsi, rbp
   305 000018A1 488D3D(C3010000)    <1>     lea rdi, batInBuffer
   306 000018A8 B982000000          <1>     mov ecx, cmdBufferL
   307 000018AD F3A4                <1>     rep movsb
   308                              <1>     return
    13                              <2> %%_ret:
    14 000018AF C3                  <2>  ret
    15                              <2> %assign retOff %%_ret-$$
   309                              <1> 
   310                              <1> 
   311                              <1> batExpandVar:
   312                              <1> ;Expand any environment variables. 
   313                              <1> ;%% is treated as an escape char for a %.
   314                              <1> ;
   315                              <1> ;Input: rsi -> Char after the % sign that triggered this call.
   316                              <1> ;       rdi -> Position to place the substitution string.
   317                              <1> ;       rbp -> Head of destination buffer for copy.
   318                              <1> ;Output:
   319                              <1> ;   Substitution string is placed in buffer if necessary.
   320                              <1> ;       rsi -> Char after the terminal % of the source envvar name.
   321                              <1> ;       rdi -> Space for the next char to copy.
   322 000018B0 0FB606              <1>     movzx eax, byte [rsi]  ;Is this a parameter like %[0-9]?
   323 000018B3 3C30                <1>     cmp al, "0"
   324 000018B5 7204                <1>     jb .notRep  ;If definitely not a number, keep going
   325 000018B7 3C39                <1>     cmp al, "9"
   326 000018B9 7276                <1>     jb .repParm ;If a number, its a replacable parameter :)
   327                              <1> .notRep:
   328 000018BB 3C0D                <1>     cmp al, CR          
   329                              <1>     rete
    49                              <2> cret e
    19                              <3> %%_base:
    20                              <3> %assign baseVar %%_base-$$
    21                              <3>  %ifdef retOff
    22                              <3>  %if (baseVar - retOff <= 126) && (baseVar > retOff)
    23                              <3>  %ifdef currSegVBase
    24 000018BD 74(AF)              <3>  j%+1 short (retOff+currSegVBase)
    25                              <3>  %else
    26                              <3>  j%+1 short retOff
    27                              <3>  %endif
    28                              <3>  %else
    29                              <3>  j%-1 short %%a
    30                              <3>  return
    31                              <3> %%a:
    32                              <3>  %endif
    33                              <3>  %else
    34                              <3>  j%-1 short %%a
    35                              <3>  return
    36                              <3> %%a:
    37                              <3>  %endif
   330 000018BF 3C25                <1>     cmp al, "%" ;If immediately followed by %, then return it
   331 000018C1 7505                <1>     jne .notSecond
   332                              <1> ;Here we escape the second %. We cant enter here if we dont have space 
   333                              <1> ; at least 1 char, so store it immediately.
   334 000018C3 AA                  <1>     stosb
   335 000018C4 FE4501              <1>     inc byte [rbp + 1]
   336                              <1>     return
    13                              <2> %%_ret:
    14 000018C7 C3                  <2>  ret
    15                              <2> %assign retOff %%_ret-$$
   337                              <1> .notSecond:
   338                              <1> ;Now do the env var search. Start by scanning for the terminating
   339                              <1> ; % of the var name. If we strike a delimiter char first, 
   340                              <1> ; we stop the expansion for the envvar.
   341 000018C8 4889FB              <1>     mov rbx, rdi    ;Save where to write the envvar if one is found
   342 000018CB 4889F7              <1>     mov rdi, rsi    ;Maintain pointer to the head of the envvar string
   343                              <1> .envVarLp:
   344 000018CE AC                  <1>     lodsb
   345 000018CF E87E2C0000          <1>     call isALdelimiter  ;Exit if a delimiter is hit first.
   346                              <1> .lpExit:
   347 000018D4 480F44F7            <1>     cmove rsi, rdi  ;If a delim found, return rsi to the char past the % sign.
   348 000018D8 480F44FB            <1>     cmove rdi, rbx  ;And return rdi to where it was beforehand :)
   349                              <1>     rete
    49                              <2> cret e
    19                              <3> %%_base:
    20                              <3> %assign baseVar %%_base-$$
    21                              <3>  %ifdef retOff
    22                              <3>  %if (baseVar - retOff <= 126) && (baseVar > retOff)
    23                              <3>  %ifdef currSegVBase
    24 000018DC 74(C7)              <3>  j%+1 short (retOff+currSegVBase)
    25                              <3>  %else
    26                              <3>  j%+1 short retOff
    27                              <3>  %endif
    28                              <3>  %else
    29                              <3>  j%-1 short %%a
    30                              <3>  return
    31                              <3> %%a:
    32                              <3>  %endif
    33                              <3>  %else
    34                              <3>  j%-1 short %%a
    35                              <3>  return
    36                              <3> %%a:
    37                              <3>  %endif
   350 000018DE 3C0D                <1>     cmp al, CR      ;If we are at the end of the line too, exit!
   351 000018E0 74F2                <1>     je .lpExit
   352 000018E2 3C25                <1>     cmp al, "%"         ;Did we find a terminating % found.
   353 000018E4 75E8                <1>     jne .envVarLp
   354                              <1> ;Fall here if we find the terminating % of the var name. rsi -> past %
   355 000018E6 C646FF3D            <1>     mov byte [rsi - 1], "=" ;Replace % with an equals sign for var search.
   356 000018EA 56                  <1>     push rsi    ;Save ptr to the first char past the envvar
   357                              <1>     ;Take input rdi -> Varname to look for. Already in rdi.
   358 000018EB E87C300000          <1>     call searchForEnvVar    ;Returns rsi -> Envvar for copy in place
   359 000018F0 480F42FB            <1>     cmovc rdi, rbx  ;Reset rdi here if no envvar found and exit!
   360 000018F4 7239                <1>     jc .exit
   361 000018F6 4889F7              <1>     mov rdi, rsi    ;Point rdi to the ASCIIZ envvar value itself
   362 000018F9 B03D                <1>     mov al, "="
   363 000018FB B9FFFFFFFF          <1>     mov ecx, -1
   364 00001900 F2AE                <1>     repne scasb     ;Move rdi to the char past the equals sign
   365 00001902 5E                  <1>     pop rsi         ;Get back the ptr to the first char past the envvar
   366                              <1>     retc
    57                              <2> cret c
    19                              <3> %%_base:
    20                              <3> %assign baseVar %%_base-$$
    21                              <3>  %ifdef retOff
    22                              <3>  %if (baseVar - retOff <= 126) && (baseVar > retOff)
    23                              <3>  %ifdef currSegVBase
    24 00001903 72(C7)              <3>  j%+1 short (retOff+currSegVBase)
    25                              <3>  %else
    26                              <3>  j%+1 short retOff
    27                              <3>  %endif
    28                              <3>  %else
    29                              <3>  j%-1 short %%a
    30                              <3>  return
    31                              <3> %%a:
    32                              <3>  %endif
    33                              <3>  %else
    34                              <3>  j%-1 short %%a
    35                              <3>  return
    36                              <3> %%a:
    37                              <3>  %endif
   367                              <1> 
   368 00001905 56                  <1>     push rsi        ;Save the ptr to the first char past the envvar
   369 00001906 4889DE              <1>     mov rsi, rbx    ;Point rsi to where to copy the envvar
   370 00001909 E8112C0000          <1>     call strlen     ;Get the string length of the envvar value in ecx
   371                              <1> .copyVar:
   372 0000190E FFC9                <1>     dec ecx         ;Drop 0 from count
   373 00001910 4887FE              <1>     xchg rdi, rsi   ;Swap pointers for the copy
   374 00001913 0FB65D01            <1>     movzx ebx, byte [rbp + 1] ;Get the count of chars already in the string
   375 00001917 51                  <1>     push rcx
   376 00001918 01D9                <1>     add ecx, ebx    ;Get # of chars we will have.
   377 0000191A 81F980000000        <1>     cmp ecx, inLen  ;If we end up with more than 127 chars, truncate
   378 00001920 59                  <1>     pop rcx
   379 00001921 7207                <1>     jb .noTrunc
   380 00001923 B97F000000          <1>     mov ecx, inLen - 1
   381 00001928 29D9                <1>     sub ecx, ebx    ;Turn into # of chars to copy, make space for CR
   382                              <1> .noTrunc:
   383 0000192A 004D01              <1>     add byte [rbp + 1], cl
   384 0000192D F3A4                <1>     rep movsb   ;Moves rdi to the space for the next char
   385                              <1> .exit:
   386 0000192F 5E                  <1>     pop rsi     ;Get back the ptr to the first char past the envvar name
   387                              <1>     return
    13                              <2> %%_ret:
    14 00001930 C3                  <2>  ret
    15                              <2> %assign retOff %%_ret-$$
   388                              <1> .repParm:
   389 00001931 2D30000000          <1>     sub eax, "0"
   390 00001936 48FFC6              <1>     inc rsi ;Move the ptr past the replacable parameter value
   391 00001939 488B1D(1B000000)    <1>     mov rbx, qword [bbPtr]
   392 00001940 0FB7544313          <1>     movzx edx, word [rbx + batBlockHdr.wArgs + 2*rax]   ;Get off from cmdLine
   393 00001945 81FAFFFF0000        <1>     cmp edx, 0FFFFh   ;If there is no var, copy nothing and exit!
   394                              <1>     rete
    49                              <2> cret e
    19                              <3> %%_base:
    20                              <3> %assign baseVar %%_base-$$
    21                              <3>  %ifdef retOff
    22                              <3>  %if (baseVar - retOff <= 126) && (baseVar > retOff)
    23                              <3>  %ifdef currSegVBase
    24 0000194B 74(30)              <3>  j%+1 short (retOff+currSegVBase)
    25                              <3>  %else
    26                              <3>  j%+1 short retOff
    27                              <3>  %endif
    28                              <3>  %else
    29                              <3>  j%-1 short %%a
    30                              <3>  return
    31                              <3> %%a:
    32                              <3>  %endif
    33                              <3>  %else
    34                              <3>  j%-1 short %%a
    35                              <3>  return
    36                              <3> %%a:
    37                              <3>  %endif
   395 0000194D 56                  <1>     push rsi        ;Save ptr to source of next chars 
   396 0000194E 488D3413            <1>     lea rsi, qword [rbx + rdx]  ;Save ptr to head of string to copy in rsi
   397 00001952 31C9                <1>     xor ecx, ecx
   398 00001954 FFC9                <1>     dec ecx
   399 00001956 B00D                <1>     mov al, CR      ;Now scan for the terminating CR
   400 00001958 4887F7              <1>     xchg rsi, rdi   ;Save dest ptr in rsi and point to string to cpy in rdi
   401 0000195B 57                  <1>     push rdi        ;Save the head of the string for copy
   402 0000195C F2AE                <1>     repne scasb     ;Get the length of the string with terminating CR
   403 0000195E 5F                  <1>     pop rdi         ;Point back to head of string
   404 0000195F F7D1                <1>     not ecx         ;Convert to one less than the length (drops the CR)
   405 00001961 EBAB                <1>     jmp short .copyVar
   406                              <1> 
   407                              <1> batCleanup:
   408                              <1> ;This function is called after the last line has been processed by the 
   409                              <1> ; batch interpreter! Cleans up all the batch resources. Also called if 
   410                              <1> ; CTRLC called during a batch job and the user wants to kill the batch.
   411 00001963 488B1D(1B000000)    <1>     mov rbx, qword [bbPtr]
   412 0000196A 4885DB              <1>     test rbx, rbx
   413 0000196D 741C                <1>     jz .exit    ;Skip any references using this pointer
   414                              <1> ;Restore the state from the current block
   415 0000196F 8A4301              <1>     mov al, byte [rbx + batBlockHdr.bEchoFlg]   ;Reset the echo flag
   416 00001972 880595E6FFFF        <1>     mov byte [echoFlg], al
   417 00001978 8A430A              <1>     mov al, byte [rbx + batBlockHdr.bStatFlg]
   418 0000197B 8805(1A000000)      <1>     mov byte [statFlg1], al
   419 00001981 E8D9260000          <1>     call forFree
   420 00001986 E818000000          <1>     call batFree
   421                              <1> .exit:
   422 0000198B E88AF5FFFF          <1>     call cleanupRedirs  ;Clean up all redirections, close files etc
   423 00001990 48C705(1B000000)00- <1>     mov qword [bbPtr], 0 
   423 00001998 000000              <1>
   424 0000199B 8025(1A000000)E7    <1>     and byte [statFlg1], ~(inBatch|batchEOF)   ;Oh bye bye batch mode!
   425                              <1>     return
    13                              <2> %%_ret:
    14 000019A2 C3                  <2>  ret
    15                              <2> %assign retOff %%_ret-$$
   426                              <1> 
   427                              <1> batFree:
   428                              <1> ;Frees the batch block in rbx
   429 000019A3 4150                <1>     push r8
   430 000019A5 4989D8              <1>     mov r8, rbx
   431 000019A8 B800490000          <1>     mov eax, 4900h
   432 000019AD CD21                <1>     int 21h
   433 000019AF 4158                <1>     pop r8
   434                              <1>     return
    13                              <2> %%_ret:
    14 000019B1 C3                  <2>  ret
    15                              <2> %assign retOff %%_ret-$$
   435                              <1> 
   436                              <1> batKillRedir:
   437                              <1> ;Used to kill redir state on entering a BAT file, FOR or CALL command
   438 000019B2 E87FF6FFFF          <1>     call cleanRedirOut      ;Liquidates redirout if needed
   439 000019B7 E85EF5FFFF          <1>     call cleanupRedirs      ;Now liquidate remaining redirs and pipes
   440                              <1>     return
    13                              <2> %%_ret:
    14 000019BC C3                  <2>  ret
    15                              <2> %assign retOff %%_ret-$$
   441                              <1> 
   442                              <1> batOpen:
   443                              <1> ;Opens the batch file and returns the handle in ebx.
   444                              <1> ;Prints the "replace disk" string if file not found.
   445                              <1> ;
   446                              <1> ;Input: Nothing. Opens the filespec in the batFile.
   447                              <1> ;Output: ebx = File handle for filespec in batFile.
   448                              <1> ;
   449                              <1> ;Funky behaviour worth noting:
   450                              <1> ; If a failure occurs in open, we keep prompting the user to 
   451                              <1> ; replace the disk. The only way out if the error is really bad is 
   452                              <1> ; via ^C which does all the cleanup we need. 
   453                              <1> ; Thus this never returns fail.
   454 000019BD 50                  <1>     push rax
   455 000019BE 52                  <1>     push rdx
   456 000019BF 488B05(1B000000)    <1>     mov rax, qword [bbPtr]
   457 000019C6 488D5027            <1>     lea rdx, qword [rax + batBlockHdr.cmdLine]
   458                              <1>     ;lea rdx, batFile
   459                              <1> .batOpen:
   460 000019CA B8003D0000          <1>     mov eax, 3D00h  ;Open for read only
   461 000019CF CD21                <1>     int 21h
   462 000019D1 7315                <1>     jnc .batOpened
   463 000019D3 488D15B3E7FFFF      <1>     lea rdx, needBat
   464 000019DA E829290000          <1>     call printString
   465 000019DF B800080000          <1>     mov eax, 0800h  ;CON input w/o echo. Allows for triggering ^C
   466 000019E4 CD21                <1>     int 21h
   467 000019E6 EBE2                <1>     jmp short .batOpen
   468                              <1> .batOpened:
   469 000019E8 89C3                <1>     mov ebx, eax            ;Move the handle into ebx
   470 000019EA 5A                  <1>     pop rdx
   471 000019EB 58                  <1>     pop rax
   472                              <1>     return
    13                              <2> %%_ret:
    14 000019EC C3                  <2>  ret
    15                              <2> %assign retOff %%_ret-$$
   473                              <1> 
   474                              <1> batClose:
   475                              <1> ;Close the handle in ebx.
   476 000019ED B8003E0000          <1>     mov eax, 3E00h  ;Close the file pointer in ebx
   477 000019F2 CD21                <1>     int 21h         
   478                              <1>     return
    13                              <2> %%_ret:
    14 000019F4 C3                  <2>  ret
    15                              <2> %assign retOff %%_ret-$$
   479                              <1> 
   480                              <1> batReadChar:
   481                              <1> ;Reads a char. 
   482                              <1> ;Input: ebx = Handle to read char from.
   483                              <1> ;       rdx -> Pointer to byte buffer to store byte.
   484                              <1> ;Output: 
   485                              <1> ;   CF=NC:
   486                              <1> ;       ZF=NZ: eax = 1. One char read.
   487                              <1> ;       ZF=ZE: eax = 0. EOF flag set in status byte. Zero or EOF char read.
   488                              <1> ;   CF=CY: Error in read. We act as if EOF reached. (Never checked.)
   489                              <1> ;Clobbers: None.
   490 000019F5 51                  <1>     push rcx
   491 000019F6 B901000000          <1>     mov ecx, 1
   492 000019FB B8003F0000          <1>     mov eax, 3F00h
   493 00001A00 CD21                <1>     int 21h 
   494 00001A02 59                  <1>     pop rcx 
   495 00001A03 7213                <1>     jc .bad     ;If CF, always act as if EOF. An error occured.
   496 00001A05 85C0                <1>     test eax, eax   ;Here we check if we read 1 byte. (Clears CF)
   497 00001A07 7405                <1>     jz .eof         ;Jump to eofexit if we didn't read any bytes
   498 00001A09 803A1A              <1>     cmp byte [rdx], EOF ;Did we read ^Z char?
   499                              <1>     retne           ;Return if the char we read was not an EOF char
    53                              <2> cret ne
    19                              <3> %%_base:
    20                              <3> %assign baseVar %%_base-$$
    21                              <3>  %ifdef retOff
    22                              <3>  %if (baseVar - retOff <= 126) && (baseVar > retOff)
    23                              <3>  %ifdef currSegVBase
    24 00001A0C 75(F4)              <3>  j%+1 short (retOff+currSegVBase)
    25                              <3>  %else
    26                              <3>  j%+1 short retOff
    27                              <3>  %endif
    28                              <3>  %else
    29                              <3>  j%-1 short %%a
    30                              <3>  return
    31                              <3> %%a:
    32                              <3>  %endif
    33                              <3>  %else
    34                              <3>  j%-1 short %%a
    35                              <3>  return
    36                              <3> %%a:
    37                              <3>  %endif
   500                              <1> .eof:
   501 00001A0E 9C                  <1>     pushfq      ;Preserve the flags for the bit toggle
   502 00001A0F 800D(1A000000)10    <1>     or byte [statFlg1], batchEOF    ;Set if we are done reading the file!
   503 00001A16 9D                  <1>     popfq
   504                              <1>     return    
    13                              <2> %%_ret:
    14 00001A17 C3                  <2>  ret
    15                              <2> %assign retOff %%_ret-$$
   505                              <1> .bad:
   506 00001A18 31C0                <1>     xor eax, eax    ;Signal we hit an EOF (Set ZF)
   507 00001A1A F9                  <1>     stc             ;Never check it but ensure reset of CF.
   508 00001A1B EBF1                <1>     jmp short .eof  ;And set the status bit
    21                                  %include "./src/cmdErr.asm"
     1                              <1> ;This file contains the error printing routines
     2                              <1> ;Common Error Messages, jumped to to return from
     3                              <1> badDiskFull:
     4                              <1> ;This is a different error return, as this closes handles and prints
     5                              <1> ; disk full error and resets the command line!
     6 00001A1D 488D1508E8FFFF      <1>     lea rdx, noSpace
     7 00001A24 488D0D28EBFFFF      <1>     lea rcx, pipeErr
     8 00001A2B F6050EE6FFFFFF      <1>     test byte [pipeFlag], -1    ;Is the flag set
     9 00001A32 747D                <1>     jz short badCmn ;If its just disk full, dont go through pipe clean
    10 00001A34 480F45D1            <1>     cmovnz rdx, rcx ;Swap error messages if pipe flag is on
    11 00001A38 E874000000          <1>     call badCmn     ;Print the string
    12 00001A3D E9CEF4FFFF          <1>     jmp redirPipeFailureCommon.noPrint  ;Now close pipes and fully reset!
    13                              <1> badForError:    
    14 00001A42 E818260000          <1>     call forFree        ;Free all FOR variables
    15 00001A47 488D15E9EAFFFF      <1>     lea rdx, forNest
    16 00001A4E EB61                <1>     jmp short badCmn    
    17                              <1> badNoMemError:
    18 00001A50 488D15CFEBFFFF      <1>     lea rdx, noMemMsg
    19 00001A57 EB58                <1>     jmp short badCmn
    20                              <1> badSyntaxError:
    21 00001A59 488D15C8EAFFFF      <1>     lea rdx, syntaxErr
    22 00001A60 EB4F                <1>     jmp short badCmn
    23                              <1> badEnvSpaceError:
    24 00001A62 488D15DDE7FFFF      <1>     lea rdx, noEnvSpace
    25 00001A69 EB46                <1>     jmp short badCmn
    26                              <1> badAccError:
    27 00001A6B 488D1562EAFFFF      <1>     lea rdx, accDenMsg
    28 00001A72 EB3D                <1>     jmp short badCmn
    29                              <1> badParamError:
    30 00001A74 488D15D7E8FFFF      <1>     lea rdx, badParm
    31 00001A7B EB34                <1>     jmp short badCmn
    32                              <1> badDriveError:
    33 00001A7D 488D1591E8FFFF      <1>     lea rdx, badDrv
    34 00001A84 EB2B                <1>     jmp short badCmn
    35                              <1> badArgError:
    36 00001A86 488D155FEBFFFF      <1>     lea rdx, badArgs
    37 00001A8D EB22                <1>     jmp short badCmn
    38                              <1> badFileError:
    39 00001A8F 488D153AEBFFFF      <1>     lea rdx, badSpec
    40 00001A96 EB19                <1>     jmp short badCmn
    41                              <1> badDupFnf:
    42                              <1> ;Hybrid error message
    43 00001A98 488D1565E7FFFF      <1>     lea rdx, dupName
    44 00001A9F EB10                <1>     jmp short badCmn
    45                              <1> badFnf:
    46 00001AA1 488D1573E7FFFF      <1>     lea rdx, fnfMsg
    47 00001AA8 EB07                <1>     jmp short badCmn
    48                              <1> badDirError:
    49 00001AAA 488D15A2E9FFFF      <1>     lea rdx, badDir
    50                              <1> badCmn:
    51 00001AB1 E952280000          <1>     jmp printString
    52                              <1> badCmdError:
    53 00001AB6 488D152CE7FFFF      <1>     lea rdx, badCmd
    54 00001ABD EBF2                <1>     jmp short badCmn
    22                                  %include "./src/cmdFunc1.asm"
     1                              <1> ;Functions included with name and label:
     2                              <1> ;----------------------------------------------------
     3                              <1> ; LABEL     NAME
     4                              <1> ;----------------------------------------------------
     5                              <1> ; dir       DIR
     6                              <1> ; chdir     CHDIR(CD)
     7                              <1> ; mkdir     MKDIR(MD)
     8                              <1> ; rmdir     RMDIR(RD)
     9                              <1> ; copy      COPY
    10                              <1> ; erase     DEL(ERASE)
    11                              <1> ; date      DATE
    12                              <1> ; time      TIME
    13                              <1> ; ctty      CTTY
    14                              <1> ; cls       CLS
    15                              <1> ; break     BREAK
    16                              <1> ; verify    VERIFY
    17                              <1> ; rename    REN(AME)
    18                              <1> ; truename  TRUENAME
    19                              <1> ; volume    VOL
    20                              <1> ; version   VER
    21                              <1> ; memory    MEM
    22                              <1> ;----------------------------------------------------
    23                              <1> dir:
    24                              <1> ;Don't allow for searching unmounted network drives... is this a limitation?
    25 00001ABF C605(74050000)00    <1>     mov byte [dirFlags], 0    ;Clear DIR flags
    26 00001AC6 C605(75050000)00    <1>     mov byte [dirLineCtr], 0
    27 00001ACD C705(76050000)0000- <1>     mov dword [dirFileCtr], 0
    27 00001AD5 0000                <1>
    28 00001AD7 C605(7B050000)00    <1>     mov byte [dirSrchDir], 0
    29 00001ADE 66C705(70040000)00- <1>     mov word [searchSpec], 0
    29 00001AE6 00                  <1>
    30 00001AE7 488D3D(FD050000)    <1>     lea rdi, dirSrchFCB ;Start also by initialising the search pattern
    31 00001AEE C60700              <1>     mov byte [rdi + fcb.driveNum], 0    ;Default drive
    32 00001AF1 48B83F3F3F3F3F3F3F- <1>     mov rax, "????????" ;Do not change this as we need the ? for searching
    32 00001AFA 3F                  <1>
    33 00001AFB 48894701            <1>     mov qword [rdi + fcb.filename], rax
    34 00001AFF C747093F3F3F00      <1>     mov dword [rdi + fcb.fileext], "???"
    35                              <1>     ;Start by scanning for the switches
    36 00001B06 498DB081000000      <1>     lea rsi, qword [r8 + cmdLine]  ;Goto command line
    37 00001B0D 4889F7              <1>     mov rdi, rsi    ;Use rsi as start of buffer counter
    38                              <1> .scanNew:
    39 00001B10 E82F2A0000          <1>     call skipDelimiters ;Set rsi pointing to a non delimiting char
    40 00001B15 AC                  <1>     lodsb   ;Get this char
    41 00001B16 3C0D                <1>     cmp al, CR
    42 00001B18 744D                <1>     je .scanDone
    43 00001B1A 3A05EBE4FFFF        <1>     cmp al, byte [switchChar]   ;Was this the switch char?
    44 00001B20 7524                <1>     jne .notSwitch
    45 00001B22 AC                  <1>     lodsb   ;Get the next char
    46 00001B23 E8012A0000          <1>     call ucChar
    47 00001B28 3C57                <1>     cmp al, "W"
    48 00001B2A 7509                <1>     jne .notWide
    49 00001B2C 800D(74050000)01    <1>     or byte [dirFlags], dirWideType ;Set the correct bit
    50 00001B33 EBDB                <1>     jmp short .scanNew
    51                              <1> .notWide:
    52 00001B35 3C50                <1>     cmp al, "P"
    53 00001B37 0F8537FFFFFF        <1>     jne badParamError   ;If a switch other than /P or /W, fail
    54 00001B3D 800D(74050000)02    <1>     or byte [dirFlags], dirPageType ;Set the correct bit
    55 00001B44 EBCA                <1>     jmp short .scanNew
    56                              <1> .notSwitch:
    57 00001B46 F605(74050000)04    <1>     test byte [dirFlags], dirFileType
    58 00001B4D 0F8521FFFFFF        <1>     jnz badParamError   ;If more than one path specified, error out
    59                              <1>     ;Not a switch, so must be a pathspec, copy over to searchSpec
    60 00001B53 48FFCE              <1>     dec rsi ;Point back to the char which was not a switchchar
    61 00001B56 E8752B0000          <1>     call copyArgumentToSearchSpec   
    62 00001B5B 48FFCE              <1>     dec rsi ;Point back to the terminator char
    63 00001B5E 800D(74050000)04    <1>     or byte [dirFlags], dirFileType ;Now set path given bit
    64 00001B65 EBA9                <1>     jmp short .scanNew
    65                              <1> .scanDone:
    66 00001B67 488D35(70040000)    <1>     lea rsi, searchSpec ;We source our search path from here
    67 00001B6E F605(74050000)04    <1>     test byte [dirFlags], dirFileType    ;If no path, use CWD for curdrv
    68 00001B75 7428                <1>     jz .currentDrv
    69                              <1>     ;Lets parse filename to verify if drv ok
    70 00001B77 498D785C            <1>     lea rdi, qword [r8 + fcb1]
    71 00001B7B 56                  <1>     push rsi         ;Parse moves rsi... preserve it
    72 00001B7C B801290000          <1>     mov eax, 2901h   ;Parse filename, sets drive to 0 by default
    73 00001B81 CD21                <1>     int 21h
    74 00001B83 3CFF                <1>     cmp al, -1
    75 00001B85 5E                  <1>     pop rsi
    76 00001B86 0F84F1FEFFFF        <1>     je badDriveError    ;If the drive is bad, bad parameter
    77                              <1>     ;Else the drive in the fcb is valid
    78 00001B8C 410FB6405C          <1>     movzx eax, byte [r8 + fcb1 + fcb.driveNum]
    79 00001B91 84C0                <1>     test al, al
    80 00001B93 740A                <1>     jz .currentDrv
    81 00001B95 FEC8                <1>     dec al  ;Convert to 0 based drive number
    82 00001B97 8805(7A050000)      <1>     mov byte [dirDrv], al
    83 00001B9D EB0B                <1>     jmp short .dirPrintVol
    84                              <1> .currentDrv:
    85 00001B9F E85D290000          <1>     call getCurrentDrive    ;Get current drive number (0 based) in al
    86 00001BA4 8805(7A050000)      <1>     mov byte [dirDrv], al   ;Store the 0 based drive number in al
    87                              <1> .dirPrintVol:
    88                              <1> ;Now construct the path on dirSrchDir.
    89 00001BAA 488D3D(7B050000)    <1>     lea rdi, dirSrchDir
    90 00001BB1 0FB605(7A050000)    <1>     movzx eax, byte [dirDrv] ;Get the 0 based drive number
    91 00001BB8 88C2                <1>     mov dl, al  ;Save the 0 based drive number in dl
    92 00001BBA 0441                <1>     add al, "A" ;Turn into a letter
    93 00001BBC B43A                <1>     mov ah, ":"
    94 00001BBE 66AB                <1>     stosw   ;Store X: into the search path
    95 00001BC0 B81A120000          <1>     mov eax, 121Ah  ;This will either move rsi forwards two or not... either is ok
    96 00001BC5 CD2F                <1>     int 2fh
    97 00001BC7 3CFF                <1>     cmp al, -1  ;Shouldn't happen at this point
    98 00001BC9 0F84AEFEFFFF        <1>     je badDriveError
    99                              <1>     ;Now rsi is at the right point, if first char is a pathsep, we dont get cwd
   100 00001BCF 8A0535E4FFFF        <1>     mov al, byte [pathSep]
   101 00001BD5 3806                <1>     cmp byte [rsi], al  ;If this char is a pathsep, its an absolute path
   102 00001BD7 7437                <1>     je .copyPathLoop    ;Just immediately start copying over chars
   103 00001BD9 AA                  <1>     stosb   ;Store the leading slash here and increment rdi by 1
   104 00001BDA FEC2                <1>     inc dl  ;Increment by 1
   105 00001BDC 4887F7              <1>     xchg rsi, rdi   ;Store the cwd in rdi, save rsi
   106 00001BDF B800470000          <1>     mov eax, 4700h  ;Print current working directory
   107 00001BE4 CD21                <1>     int 21h
   108 00001BE6 4887F7              <1>     xchg rsi, rdi   ;Get back the ptrs correctly.
   109                              <1>     ;rsi points to the first char in the provided path.
   110                              <1>     ;rdi points to the first char of the cwd.
   111 00001BE9 31C0                <1>     xor eax, eax
   112                              <1> .goToEndOfCwd:
   113                              <1> ;Move to the end of the string, could use repne?
   114 00001BEB 3807                <1>     cmp byte [rdi], al
   115 00001BED 7405                <1>     je .prepCopy    ;Exit when rdi points to the null
   116 00001BEF 48FFC7              <1>     inc rdi
   117 00001BF2 EBF7                <1>     jmp short .goToEndOfCwd
   118                              <1> .prepCopy:
   119 00001BF4 8A0510E4FFFF        <1>     mov al, byte [pathSep]
   120 00001BFA 3806                <1>     cmp byte [rsi], al
   121 00001BFC 7412                <1>     je .copyPathLoop
   122 00001BFE B43A                <1>     mov ah, ":"
   123 00001C00 86C4                <1>     xchg al, ah
   124 00001C02 663947FE            <1>     cmp word [rdi - 2], ax
   125 00001C06 7408                <1>     je .copyPathLoop
   126 00001C08 88E0                <1>     mov al, ah
   127 00001C0A 3847FF              <1>     cmp byte [rdi - 1], al
   128 00001C0D 7401                <1>     je .copyPathLoop
   129 00001C0F AA                  <1>     stosb   ;Else, store a pathsep and inc rdi!
   130                              <1> .copyPathLoop:
   131 00001C10 AC                  <1>     lodsb
   132 00001C11 3A05F3E3FFFF        <1>     cmp al, byte [pathSep]  ;Is it a pathsep?
   133 00001C17 7509                <1>     jne .checkDot  ;If not, store it
   134                              <1> .lpPathseps:
   135 00001C19 3806                <1>     cmp byte [rsi], al  ;Is [rsi] a pathsep?
   136 00001C1B 7505                <1>     jne .checkDot  ;If it isn't store al, check dots
   137 00001C1D 48FFC6              <1>     inc rsi
   138 00001C20 EBF7                <1>     jmp short .lpPathseps
   139                              <1> .checkDot:
   140 00001C22 3C2E                <1>     cmp al, "."
   141 00001C24 7407                <1>     je .dots
   142                              <1> .store:
   143 00001C26 AA                  <1>     stosb
   144 00001C27 84C0                <1>     test al, al ;Was the char we just copied a null?
   145 00001C29 7472                <1>     jz .exitPathCopy
   146 00001C2B EBE3                <1>     jmp short .copyPathLoop
   147                              <1> .dots:
   148                              <1>     ;Here handle dot and dot dot
   149                              <1>     ;If the previous char is a pathsep, and the char after is a pathsep or null,
   150                              <1>     ; this is a current dir. Keep rdi where it is. If next char is psep, adv rsi
   151                              <1>     ; by 1. If it is null, go to top of loop.
   152                              <1>     ;Check char before in rdi. If this is a pathsep, we get started.
   153 00001C2D 8A25D7E3FFFF        <1>     mov ah, byte [pathSep]
   154 00001C33 3867FF              <1>     cmp byte [rdi - 1], ah  
   155 00001C36 75EE                <1>     jne .store  ;If this is not a pathsep, pass it up for storage. 
   156 00001C38 8A26                <1>     mov ah, byte [rsi]  ;Now look ahead a char!
   157 00001C3A 80FC2E              <1>     cmp ah, "." ;Is this another dot?
   158 00001C3D 7413                <1>     je .twoDot
   159                              <1>     ;This is only a "current dir" when next char is pathsep or null
   160 00001C3F 3A25C5E3FFFF        <1>     cmp ah, byte [pathSep]
   161 00001C45 7406                <1>     je .skipThisPathsep
   162 00001C47 84E4                <1>     test ah, ah
   163 00001C49 74C5                <1>     jz .copyPathLoop
   164 00001C4B EBD9                <1>     jmp short .store ;Else, we store the char as normal!
   165                              <1> .skipThisPathsep:
   166                              <1> ;If a dot is flanked by two pathseps, skip handling it and the pathsep!
   167 00001C4D 48FFC6              <1>     inc rsi ;Point to the pathsep
   168 00001C50 EBBE                <1>     jmp short .copyPathLoop ;and rejoin the store
   169                              <1> .twoDot:
   170                              <1>     ;Woohoo, this works!
   171 00001C52 48FFC6              <1>     inc rsi ;Move past the second dot
   172 00001C55 8A26                <1>     mov ah, byte [rsi]  ;Now pick up char after "." Valid only pathsep or null
   173 00001C57 3A25ADE3FFFF        <1>     cmp ah, byte [pathSep]
   174 00001C5D 7408                <1>     je .tdOk
   175 00001C5F 84E4                <1>     test ah, ah
   176 00001C61 0F850DFEFFFF        <1>     jne badParamError
   177                              <1> .tdOk:
   178 00001C67 8A059DE3FFFF        <1>     mov al, byte byte [pathSep]
   179 00001C6D 807FFE3A            <1>     cmp byte [rdi - 2], ":" ;rdi must be immediately past a pathsep here
   180 00001C71 0F84FDFDFFFF        <1>     je badParamError
   181 00001C77 4881EF02000000      <1>     sub rdi, 2
   182 00001C7E 31C9                <1>     xor ecx, ecx
   183 00001C80 FFC9                <1>     dec ecx
   184 00001C82 FD                  <1>     std
   185 00001C83 F2AE                <1>     repne scasb ;Scan backwards for the pathsep
   186 00001C85 FC                  <1>     cld
   187 00001C86 4881C702000000      <1>     add rdi, 2  ;Get on the right side of the pathsep
   188 00001C8D 84E4                <1>     test ah, ah ;If null, now pick it up and store it and exit properly
   189 00001C8F 0F847BFFFFFF        <1>     jz .copyPathLoop
   190 00001C95 48FFC6              <1>     inc rsi ;Else, go past the pathsep, pick up the next char as usual
   191 00001C98 E973FFFFFF          <1>     jmp .copyPathLoop ;And loop again
   192                              <1> .exitPathCopy:
   193                              <1> ;Now we have the full, adjusted path copied over to dirSrchDir!
   194 00001C9D 4881EF02000000      <1>     sub rdi, 2  ;Go back two chars
   195 00001CA4 8A0560E3FFFF        <1>     mov al, byte [pathSep]
   196 00001CAA B43A                <1>     mov ah, ":"
   197 00001CAC 86C4                <1>     xchg al, ah
   198 00001CAE 663947FF            <1>     cmp word [rdi - 1], ax    ;Is this a root dir?
   199 00001CB2 7409                <1>     je .skipOverwrite
   200 00001CB4 88E0                <1>     mov al, ah
   201 00001CB6 3807                <1>     cmp byte [rdi], al  ;Is this a trailing pathsep?
   202 00001CB8 7503                <1>     jne .skipOverwrite
   203 00001CBA C60700              <1>     mov byte [rdi], 0   ;Overwrite with a null
   204                              <1> .skipOverwrite:
   205 00001CBD 488D35(7B050000)    <1>     lea rsi, dirSrchDir ;Now check if we have any WC's
   206 00001CC4 4889F7              <1>     mov rdi, rsi
   207 00001CC7 B811120000          <1>     mov eax, 1211h  ;Normalise path without affecting the registers
   208 00001CCC CD2F                <1>     int 2fh
   209 00001CCE E80A2A0000          <1>     call scanForWildcards
   210 00001CD3 742D                <1>     jz .wcSearchPattern     ;Wildcard found! We have a search pattern!
   211 00001CD5 4889F2              <1>     mov rdx, rsi
   212 00001CD8 807E0300            <1>     cmp byte [rsi + 3], 0   ;Is this a null path?
   213 00001CDC 7424                <1>     je .wcSearchPattern     ;Move the ptr to end of path and add search patt.
   214                              <1> .notNull:
   215 00001CDE B910000000          <1>     mov ecx, dirDirectory   ;Dir, normal and read only files!
   216 00001CE3 B8004E0000          <1>     mov eax, 4E00h ;Find first
   217 00001CE8 CD21                <1>     int 21h
   218 00001CEA 7216                <1>     jc .wcSearchPattern ;If this errors, file not found, we have a search pattern
   219                              <1> ;Now we have searched for the file, is a directory?
   220 00001CEC F605(0B010000)10    <1>     test byte [cmdFFBlock + ffBlock.attribFnd], dirDirectory
   221 00001CF3 740D                <1>     jz .wcSearchPattern ;The end of the path is a search pattern
   222                              <1>     ;Here we are searching IN a directory. Default search pattern!
   223 00001CF5 31C0                <1>     xor eax, eax
   224 00001CF7 31C9                <1>     xor ecx, ecx
   225 00001CF9 FFC9                <1>     dec ecx
   226 00001CFB F2AE                <1>     repne scasb
   227 00001CFD 48FFCF              <1>     dec rdi ;Point rdi to the terminating null
   228 00001D00 EB40                <1>     jmp short .wcDefaultSearch
   229                              <1> .wcSearchPattern:
   230                              <1> ;Move the final portion of the path into the dirSrchFCB, overwriting the ?'s
   231                              <1> ;and place a null terminator on the pathsep before the final portion in dirSrchDir
   232 00001D02 31C0                <1>     xor eax, eax
   233 00001D04 31C9                <1>     xor ecx, ecx
   234 00001D06 FFC9                <1>     dec ecx
   235 00001D08 F2AE                <1>     repne scasb ;Scan forwards
   236                              <1>     ;Here rdi points past the null at the end
   237 00001D0A 8A05FAE2FFFF        <1>     mov al, byte [pathSep]
   238 00001D10 31C9                <1>     xor ecx, ecx
   239 00001D12 FFC9                <1>     dec ecx
   240 00001D14 FD                  <1>     std ;Search backwards
   241 00001D15 F2AE                <1>     repne scasb
   242 00001D17 FC                  <1>     cld ;Search forwards again
   243 00001D18 48FFC7              <1>     inc rdi ;Go back the to the pathsep
   244 00001D1B 807FFF3A            <1>     cmp byte [rdi - 1], ":" ;Is this the slash of the root dir?
   245 00001D1F 7503                <1>     jne .wcsp1
   246 00001D21 48FFC7              <1>     inc rdi ;Go one char forwards
   247                              <1> .wcsp1:
   248                              <1>     ;rdi points either on the pathsep or one char after the pathsep if in root dir
   249 00001D24 57                  <1>     push rdi
   250 00001D25 3807                <1>     cmp byte [rdi], al  ;If we are on pathsep, go forwards tmporarily
   251 00001D27 7503                <1>     jne .wcsp2
   252 00001D29 48FFC7              <1>     inc rdi
   253                              <1> .wcsp2:
   254 00001D2C 4889FE              <1>     mov rsi, rdi    ;Now we source our chars from here
   255 00001D2F 488D3D(FD050000)    <1>     lea rdi, dirSrchFCB
   256 00001D36 B80D290000          <1>     mov eax, 290Dh  ;Modify only that which has been specified
   257 00001D3B CD21                <1>     int 21h
   258 00001D3D 5F                  <1>     pop rdi
   259 00001D3E 31C0                <1>     xor eax, eax
   260 00001D40 8807                <1>     mov byte [rdi], al  ;Store the null terminator over the pathsep
   261                              <1> .wcDefaultSearch:
   262 00001D42 0FB605(7A050000)    <1>     movzx eax, byte [dirDrv] 
   263 00001D49 E84F150000          <1>     call volume.dirEP
   264 00001D4E 488D1566E7FFFF      <1>     lea rdx, dirMain    ;Print message intro
   265 00001D55 B409                <1>     mov ah, 09h
   266 00001D57 CD21                <1>     int 21h
   267 00001D59 C60724              <1>     mov byte [rdi], "$"   ;Replace the null with a string terminator
   268 00001D5C 488D15(7B050000)    <1>     lea rdx, dirSrchDir   ;Print the directory we will work on
   269 00001D63 B409                <1>     mov ah, 09h
   270 00001D65 CD21                <1>     int 21h
   271 00001D67 C60700              <1>     mov byte [rdi], 0   ;Replace the null with a string terminator
   272 00001D6A 488D1500E4FFFF      <1>     lea rdx, crlf2
   273 00001D71 B409                <1>     mov ah, 09h
   274 00001D73 CD21                <1>     int 21h
   275                              <1> ;Now we copy the search pattern to look for into the path back from the fcb field.
   276                              <1> ;rdi points to the terminating null
   277 00001D75 8A058FE2FFFF        <1>     mov al, byte [pathSep]
   278 00001D7B 3847FF              <1>     cmp byte [rdi - 1], al
   279 00001D7E 7403                <1>     je .root
   280 00001D80 48FFC7              <1>     inc rdi
   281                              <1> .root:
   282 00001D83 48FFCF              <1>     dec rdi ;Point back to the pathsep
   283 00001D86 AA                  <1>     stosb   ;Store the pathsep here and advance rdi
   284 00001D87 488D35(FE050000)    <1>     lea rsi, qword [dirSrchFCB + fcb.filename] 
   285 00001D8E 4889FD              <1>     mov rbp, rdi    ;Save the ptr to the filename start in rbp
   286 00001D91 E889280000          <1>     call FCBToAsciiz    ;Terminates for free
   287 00001D96 E806000000          <1>     call .wcCompress    ;Tries to compress the name
   288 00001D9B E870000000          <1>     call .searchForFile
   289                              <1>     return
    13                              <2> %%_ret:
    14 00001DA0 C3                  <2>  ret
    15                              <2> %assign retOff %%_ret-$$
   290                              <1> .wcCompress:
   291                              <1> ;Attempts to compress the name using *'s if possible.
   292                              <1> ;The algorithm above will have translated any input *'s into ?
   293                              <1> ; for pattern matching. Now we reverse any work done by this
   294                              <1> ;First checks the whole thing, then each portion separately.
   295                              <1> ;Input: rbp -> Filename in path to compress
   296 00001DA1 31C0                <1>     xor eax, eax
   297 00001DA3 31C9                <1>     xor ecx, ecx
   298 00001DA5 4889EE              <1>     mov rsi, rbp
   299                              <1> .wcclp:
   300 00001DA8 AC                  <1>     lodsb   ;This string IS guaranteed null terminated so no counter needed
   301 00001DA9 85C0                <1>     test eax, eax   ;Did we just read a null char?
   302 00001DAB 740C                <1>     jz .edgeTest
   303 00001DAD 3C2E                <1>     cmp al, "."
   304 00001DAF 741A                <1>     je .wccExt  ;Branch only when . encountered
   305 00001DB1 3C3F                <1>     cmp al, "?"
   306 00001DB3 75F3                <1>     jne .wcclp
   307 00001DB5 FFC1                <1>     inc ecx ;Add one more ? to the count
   308 00001DB7 EBEF                <1>     jmp short .wcclp
   309                              <1> .edgeTest:
   310 00001DB9 81F908000000        <1>     cmp ecx, 8  ;Did we read 8 chars before this?
   311                              <1>     retne
    53                              <2> cret ne
    19                              <3> %%_base:
    20                              <3> %assign baseVar %%_base-$$
    21                              <3>  %ifdef retOff
    22                              <3>  %if (baseVar - retOff <= 126) && (baseVar > retOff)
    23                              <3>  %ifdef currSegVBase
    24 00001DBF 75(A0)              <3>  j%+1 short (retOff+currSegVBase)
    25                              <3>  %else
    26                              <3>  j%+1 short retOff
    27                              <3>  %endif
    28                              <3>  %else
    29                              <3>  j%-1 short %%a
    30                              <3>  return
    31                              <3> %%a:
    32                              <3>  %endif
    33                              <3>  %else
    34                              <3>  j%-1 short %%a
    35                              <3>  return
    36                              <3> %%a:
    37                              <3>  %endif
   312 00001DC1 66C745002A2E        <1>     mov word [rbp], "*."   ;Move *.
   313 00001DC7 884502              <1>     mov byte [rbp + 2], al  ;and <NUL>
   314                              <1>     return
    13                              <2> %%_ret:
    14 00001DCA C3                  <2>  ret
    15                              <2> %assign retOff %%_ret-$$
   315                              <1> .wccExt:
   316                              <1> ;rsi now points to the extension, past the .
   317 00001DCB 81F908000000        <1>     cmp ecx, 8
   318 00001DD1 750F                <1>     jne .wccExtGo
   319                              <1> ;Here we can now modify the string
   320 00001DD3 C645002A            <1>     mov byte [rbp], "*"
   321 00001DD7 C645012E            <1>     mov byte [rbp + 1], "."
   322                              <1> ;Now copy the extension over
   323 00001DDB 488D7D02            <1>     lea rdi, qword [rbp + 2]
   324 00001DDF 57                  <1>     push rdi
   325 00001DE0 A5                  <1>     movsd   ;In this is the null too, no harm done by pulling up
   326 00001DE1 5E                  <1>     pop rsi ;Start sourcing chars here again, past dot
   327                              <1> .wccExtGo:
   328 00001DE2 4889F7              <1>     mov rdi, rsi    ;Save the start of the extension
   329 00001DE5 31C9                <1>     xor ecx, ecx
   330                              <1> .wccExtLp:
   331 00001DE7 AC                  <1>     lodsb
   332 00001DE8 85C0                <1>     test eax, eax
   333                              <1>     retz
    41                              <2> cret z
    19                              <3> %%_base:
    20                              <3> %assign baseVar %%_base-$$
    21                              <3>  %ifdef retOff
    22                              <3>  %if (baseVar - retOff <= 126) && (baseVar > retOff)
    23                              <3>  %ifdef currSegVBase
    24 00001DEA 74(CA)              <3>  j%+1 short (retOff+currSegVBase)
    25                              <3>  %else
    26                              <3>  j%+1 short retOff
    27                              <3>  %endif
    28                              <3>  %else
    29                              <3>  j%-1 short %%a
    30                              <3>  return
    31                              <3> %%a:
    32                              <3>  %endif
    33                              <3>  %else
    34                              <3>  j%-1 short %%a
    35                              <3>  return
    36                              <3> %%a:
    37                              <3>  %endif
   334 00001DEC 3C3F                <1>     cmp al, "?"
   335                              <1>     ;jne .wccExtLp
   336                              <1>     retne
    53                              <2> cret ne
    19                              <3> %%_base:
    20                              <3> %assign baseVar %%_base-$$
    21                              <3>  %ifdef retOff
    22                              <3>  %if (baseVar - retOff <= 126) && (baseVar > retOff)
    23                              <3>  %ifdef currSegVBase
    24 00001DEE 75(CA)              <3>  j%+1 short (retOff+currSegVBase)
    25                              <3>  %else
    26                              <3>  j%+1 short retOff
    27                              <3>  %endif
    28                              <3>  %else
    29                              <3>  j%-1 short %%a
    30                              <3>  return
    31                              <3> %%a:
    32                              <3>  %endif
    33                              <3>  %else
    34                              <3>  j%-1 short %%a
    35                              <3>  return
    36                              <3> %%a:
    37                              <3>  %endif
   337 00001DF0 FFC1                <1>     inc ecx
   338 00001DF2 81F903000000        <1>     cmp ecx, 3
   339 00001DF8 75ED                <1>     jne .wccExtLp
   340 00001DFA B82A000000          <1>     mov eax, "*"    ;Upper byte is null
   341 00001DFF 668907              <1>     mov word [rdi], ax  ;Store this past the .
   342 00001E02 817D002A2E2A00      <1>     cmp dword [rbp], "*.*"    ;Check if the path is this? Upper byte 0
   343                              <1>     retne
    53                              <2> cret ne
    19                              <3> %%_base:
    20                              <3> %assign baseVar %%_base-$$
    21                              <3>  %ifdef retOff
    22                              <3>  %if (baseVar - retOff <= 126) && (baseVar > retOff)
    23                              <3>  %ifdef currSegVBase
    24 00001E09 75(CA)              <3>  j%+1 short (retOff+currSegVBase)
    25                              <3>  %else
    26                              <3>  j%+1 short retOff
    27                              <3>  %endif
    28                              <3>  %else
    29                              <3>  j%-1 short %%a
    30                              <3>  return
    31                              <3> %%a:
    32                              <3>  %endif
    33                              <3>  %else
    34                              <3>  j%-1 short %%a
    35                              <3>  return
    36                              <3> %%a:
    37                              <3>  %endif
   344 00001E0B 66894500            <1>     mov word [rbp], ax  ;Replace the string with this instead
   345                              <1>     return
    13                              <2> %%_ret:
    14 00001E0F C3                  <2>  ret
    15                              <2> %assign retOff %%_ret-$$
   346                              <1> 
   347                              <1> 
   348                              <1> .searchForFile:
   349 00001E10 B910000000          <1>     mov ecx, dirDirectory   ;Search for normal, ro and dir
   350 00001E15 488D15(7B050000)    <1>     lea rdx, dirSrchDir
   351 00001E1C B8004E0000          <1>     mov eax, 4E00h ;Find first
   352 00001E21 CD21                <1>     int 21h
   353 00001E23 720B                <1>     jc .dirNoMoreFiles
   354                              <1> .findNext:
   355 00001E25 E891000000          <1>     call .dirPrintFileData  ;Print the file information
   356 00001E2A B44F                <1>     mov ah, 4Fh
   357 00001E2C CD21                <1>     int 21h
   358 00001E2E 73F5                <1>     jnc .findNext 
   359                              <1> .dirNoMoreFiles:
   360 00001E30 F605(74050000)01    <1>     test byte [dirFlags], dirWideType
   361 00001E37 740B                <1>     jz .dirNoEndNewLine
   362 00001E39 488D152EE3FFFF      <1>     lea rdx, crlf   ;Only need this for /W
   363 00001E40 B409                <1>     mov ah, 09h
   364 00001E42 CD21                <1>     int 21h
   365                              <1> .dirNoEndNewLine:
   366                              <1>     ;Now we print the number of files and the number of bytes on the disk
   367 00001E44 F705(76050000)FFFF- <1>     test dword [dirFileCtr], -1
   367 00001E4C FFFF                <1>
   368 00001E4E 751E                <1>     jnz .filesFound
   369                              <1>     ;Else print File not found and exit!
   370 00001E50 488D15C4E3FFFF      <1>     lea rdx, fnfMsg
   371 00001E57 E8AC240000          <1>     call printString
   372                              <1>     ;return
   373                              <1>     ;print 18 spaces and then jump
   374 00001E5C B912000000          <1>     mov ecx, 18
   375 00001E61 B220                <1>     mov dl, SPC
   376                              <1> .dirSpcLp:
   377 00001E63 E810250000          <1>     call outChar
   378 00001E68 FFC9                <1>     dec ecx
   379 00001E6A 75F7                <1>     jnz .dirSpcLp
   380 00001E6C EB1B                <1>     jmp short .doDiskSize
   381                              <1> .filesFound:
   382 00001E6E 8B05(76050000)      <1>     mov eax, dword [dirFileCtr]   ;Get number of files
   383 00001E74 B909000000          <1>     mov ecx, 9
   384 00001E79 E873280000          <1>     call printDecimalValLB
   385 00001E7E 488D156FE4FFFF      <1>     lea rdx, dirOk
   386 00001E85 B409                <1>     mov ah, 09h
   387 00001E87 CD21                <1>     int 21h
   388                              <1> .doDiskSize:
   389 00001E89 B800360000          <1>     mov eax, 3600h ;Get disk info
   390 00001E8E 8A15(7A050000)      <1>     mov dl, byte [dirDrv]
   391 00001E94 FEC2                <1>     inc dl  ;Function 36h wants the 1 based number
   392 00001E96 CD21                <1>     int 21h ;Get disk free space info
   393 00001E98 0FB7C0              <1>     movzx eax, ax   ;Sectors per Cluster 
   394 00001E9B 0FB7C9              <1>     movzx ecx, cx   ;Bytes per Sector
   395 00001E9E 09DB                <1>     or ebx, ebx ;Clear the upper bits of rbx
   396 00001EA0 F7E1                <1>     mul ecx ;Get bytes per cluster
   397 00001EA2 48F7E3              <1>     mul rbx ;Multiply to the number of free clusters on the disk
   398                              <1>     ;rax now has the number of free bytes on the disk
   399 00001EA5 B911000000          <1>     mov ecx, 17     ;2 Tb with commas needs this 
   400 00001EAA E842280000          <1>     call printDecimalValLB
   401 00001EAF 488D1548E4FFFF      <1>     lea rdx, bytesOk
   402 00001EB6 B409                <1>     mov ah, 09h
   403 00001EB8 CD21                <1>     int 21h
   404                              <1>     return
    13                              <2> %%_ret:
    14 00001EBA C3                  <2>  ret
    15                              <2> %assign retOff %%_ret-$$
   405                              <1> 
   406                              <1> .dirPrintFileData:
   407                              <1> ;Use cmdFcb to build the file name with space
   408                              <1> ;Start by print the name (same for both cases)
   409                              <1> ;We first check if the file has attributes hidden/system and hide them if so
   410 00001EBB F605(0B010000)46    <1>     test byte [cmdFFBlock + ffBlock.attribFnd], dirIncFiles | dirCharDev
   411                              <1>     retnz   ;Simply return if either bit is set
    45                              <2> cret nz
    19                              <3> %%_base:
    20                              <3> %assign baseVar %%_base-$$
    21                              <3>  %ifdef retOff
    22                              <3>  %if (baseVar - retOff <= 126) && (baseVar > retOff)
    23                              <3>  %ifdef currSegVBase
    24 00001EC2 75(BA)              <3>  j%+1 short (retOff+currSegVBase)
    25                              <3>  %else
    26                              <3>  j%+1 short retOff
    27                              <3>  %endif
    28                              <3>  %else
    29                              <3>  j%-1 short %%a
    30                              <3>  return
    31                              <3> %%a:
    32                              <3>  %endif
    33                              <3>  %else
    34                              <3>  j%-1 short %%a
    35                              <3>  return
    36                              <3> %%a:
    37                              <3>  %endif
   412 00001EC4 488D35(14010000)    <1>     lea rsi, qword [cmdFFBlock + ffBlock.asciizName]
   413 00001ECB 488D3D(E6000000)    <1>     lea rdi, cmdFcb
   414 00001ED2 E8DA260000          <1>     call asciiFilenameToFCB
   415 00001ED7 488D15(E6000000)    <1>     lea rdx, cmdFcb
   416 00001EDE B908000000          <1>     mov ecx, 8  ;Print 8 chars
   417 00001EE3 BB01000000          <1>     mov ebx, 1  ;STDOUT
   418 00001EE8 B440                <1>     mov ah, 40h ;Write handle
   419 00001EEA CD21                <1>     int 21h
   420 00001EEC 52                  <1>     push rdx
   421 00001EED B220                <1>     mov dl, " "
   422 00001EEF B402                <1>     mov ah, 02h ;Print char
   423 00001EF1 CD21                <1>     int 21h
   424 00001EF3 5A                  <1>     pop rdx
   425 00001EF4 4881C208000000      <1>     add rdx, 8  ;Go to ext field
   426 00001EFB B903000000          <1>     mov ecx, 3  ;Print three chars
   427 00001F00 BB01000000          <1>     mov ebx, 1  ;STDOUT
   428 00001F05 B440                <1>     mov ah, 40h ;Write handle
   429 00001F07 CD21                <1>     int 21h
   430 00001F09 F605(74050000)01    <1>     test byte [dirFlags], dirWideType
   431 00001F10 757B                <1>     jnz .widePrint
   432                              <1> ;Normal print (Name space ext <> File size <> Acc Date <> Acc Time)
   433                              <1>     ;Now check if a DIR
   434 00001F12 F605(0B010000)10    <1>     test byte [cmdFFBlock + ffBlock.attribFnd], dirDirectory
   435 00001F19 7422                <1>     jz .dirPrintNotDir
   436 00001F1B 488D15EAE3FFFF      <1>     lea rdx, dirLbl
   437 00001F22 B409                <1>     mov ah, 09h
   438 00001F24 CD21                <1>     int 21h
   439 00001F26 488D158EE8FFFF      <1>     lea rdx, threeSpc
   440 00001F2D B409                <1>     mov ah, 09h
   441 00001F2F CD21                <1>     int 21h
   442 00001F31 B409                <1>     mov ah, 09h
   443 00001F33 CD21                <1>     int 21h
   444 00001F35 B220                <1>     mov dl, SPC
   445 00001F37 B402                <1>     mov ah, 02h
   446 00001F39 CD21                <1>     int 21h
   447 00001F3B EB1C                <1>     jmp short .dirPrintFileDT
   448                              <1> .dirPrintNotDir:
   449                              <1> ;Here we print the file size
   450 00001F3D B220                <1>     mov dl, " "
   451 00001F3F B402                <1>     mov ah, 02h
   452 00001F41 CD21                <1>     int 21h
   453 00001F43 8B05(10010000)      <1>     mov eax, dword [cmdFFBlock + ffBlock.fileSize]
   454 00001F49 B90D000000          <1>     mov ecx, 13
   455 00001F4E E89E270000          <1>     call printDecimalValLB
   456 00001F53 B220                <1>     mov dl, SPC
   457 00001F55 B402                <1>     mov ah, 02h
   458 00001F57 CD21                <1>     int 21h
   459                              <1> .dirPrintFileDT:
   460 00001F59 0FB705(0E010000)    <1>     movzx eax, word [cmdFFBlock + ffBlock.fileDate]
   461 00001F60 31DB                <1>     xor ebx, ebx    ;Ensure we print 2 digit year
   462 00001F62 E86F210000          <1>     call printDate
   463 00001F67 488D154DE8FFFF      <1>     lea rdx, threeSpc
   464 00001F6E B409                <1>     mov ah, 09h
   465 00001F70 CD21                <1>     int 21h
   466 00001F72 0FB705(0C010000)    <1>     movzx eax, word [cmdFFBlock + ffBlock.fileTime]
   467 00001F79 E87A220000          <1>     call printTime
   468 00001F7E 488D15E9E1FFFF      <1>     lea rdx, crlf
   469 00001F85 B409                <1>     mov ah, 09h
   470 00001F87 CD21                <1>     int 21h
   471 00001F89 B017                <1>     mov al, 23  ;23 lines... for the next bit
   472 00001F8B EB0D                <1>     jmp short .dirPrintNameExit
   473                              <1> .widePrint:
   474                              <1> ;If /W, print name space ext space space space space
   475 00001F8D 488D1526E8FFFF      <1>     lea rdx, fourSpc
   476 00001F94 B409                <1>     mov ah, 09h ;Print string
   477 00001F96 CD21                <1>     int 21h
   478 00001F98 B073                <1>     mov al, 5*23    ;5 entries per line...
   479                              <1> .dirPrintNameExit:
   480 00001F9A FF05(76050000)      <1>     inc dword [dirFileCtr]   ;Increment file counter
   481 00001FA0 FE05(75050000)      <1>     inc byte [dirLineCtr]
   482 00001FA6 3805(75050000)      <1>     cmp byte [dirLineCtr], al
   483                              <1>     retne
    53                              <2> cret ne
    19                              <3> %%_base:
    20                              <3> %assign baseVar %%_base-$$
    21                              <3>  %ifdef retOff
    22                              <3>  %if (baseVar - retOff <= 126) && (baseVar > retOff)
    23                              <3>  %ifdef currSegVBase
    24                              <3>  j%+1 short (retOff+currSegVBase)
    25                              <3>  %else
    26                              <3>  j%+1 short retOff
    27                              <3>  %endif
    28                              <3>  %else
    29 00001FAC 7401                <3>  j%-1 short %%a
    30                              <3>  return
    13                              <4> %%_ret:
    14 00001FAE C3                  <4>  ret
    15                              <4> %assign retOff %%_ret-$$
    31                              <3> %%a:
    32                              <3>  %endif
    33                              <3>  %else
    34                              <3>  j%-1 short %%a
    35                              <3>  return
    36                              <3> %%a:
    37                              <3>  %endif
   484 00001FAF F605(74050000)02    <1>     test byte [dirFlags], dirPageType
   485 00001FB6 741A                <1>     jz .dirPrnNoPag
   486 00001FB8 488D1574E3FFFF      <1>     lea rdx, pauseMes
   487 00001FBF B409                <1>     mov ah, 09h
   488 00001FC1 CD21                <1>     int 21h
   489 00001FC3 B401                <1>     mov ah, 01h ;Wait for a char from STDIN
   490 00001FC5 CD21                <1>     int 21h
   491 00001FC7 488D15A0E1FFFF      <1>     lea rdx, crlf   ;Force new line
   492 00001FCE B409                <1>     mov ah, 09h
   493 00001FD0 CD21                <1>     int 21h
   494                              <1> .dirPrnNoPag:
   495 00001FD2 C605(75050000)00    <1>     mov byte [dirLineCtr], 0
   496                              <1>     return
    13                              <2> %%_ret:
    14 00001FD9 C3                  <2>  ret
    15                              <2> %assign retOff %%_ret-$$
   497                              <1> 
   498                              <1> chdir:
   499 00001FDA F6056AE0FFFFFF      <1>     test byte [arg1Flg], -1
   500 00001FE1 750B                <1>     jnz .changeDir
   501                              <1>     ;Print CWD
   502                              <1> .printCWD:
   503 00001FE3 E895230000          <1>     call putCWDInPrompt ;Exactly the same procedure
   504 00001FE8 E814230000          <1>     call printCRLF
   505                              <1>     return
    13                              <2> %%_ret:
    14 00001FED C3                  <2>  ret
    15                              <2> %assign retOff %%_ret-$$
   506                              <1> .changeDir:
   507 00001FEE 8A0559E0FFFF        <1>     mov al, byte [arg1FCBret]
   508 00001FF4 3CFF                <1>     cmp al, -1 
   509 00001FF6 0F8481FAFFFF        <1>     je badDriveError  ;IF the drive is good, but FCB name blank, either X: or \ 
   510 00001FFC E8B7260000          <1>     call buildCommandPath   ;Else build a fully qualified pathname
   511 00002001 488D15(70040000)    <1>     lea rdx, searchSpec
   512 00002008 B43B                <1>     mov ah, 3Bh ;CHDIR
   513 0000200A CD21                <1>     int 21h
   514 0000200C 0F8298FAFFFF        <1>     jc badDirError
   515                              <1>     return
    13                              <2> %%_ret:
    14 00002012 C3                  <2>  ret
    15                              <2> %assign retOff %%_ret-$$
   516                              <1> 
   517                              <1> mkdir:
   518 00002013 F60531E0FFFFFF      <1>     test byte [arg1Flg], -1
   519 0000201A 0F8466FAFFFF        <1>     jz badArgError
   520 00002020 F60527E0FFFFFF      <1>     test byte [arg2Flg], -1
   521 00002027 0F8559FAFFFF        <1>     jnz badArgError
   522                              <1>     ;We have exactly one argument
   523 0000202D 8A051AE0FFFF        <1>     mov al, byte [arg1FCBret]
   524 00002033 3CFF                <1>     cmp al, -1 
   525 00002035 0F8442FAFFFF        <1>     je badDriveError  ;If a drive was specified and was bad, jump
   526 0000203B E878260000          <1>     call buildCommandPath
   527 00002040 488D15(70040000)    <1>     lea rdx, searchSpec
   528 00002047 B800390000          <1>     mov eax, 3900h  ;MKDIR
   529 0000204C CD21                <1>     int 21h
   530                              <1>     retnc
    61                              <2> cret nc
    19                              <3> %%_base:
    20                              <3> %assign baseVar %%_base-$$
    21                              <3>  %ifdef retOff
    22                              <3>  %if (baseVar - retOff <= 126) && (baseVar > retOff)
    23                              <3>  %ifdef currSegVBase
    24 0000204E 73(12)              <3>  j%+1 short (retOff+currSegVBase)
    25                              <3>  %else
    26                              <3>  j%+1 short retOff
    27                              <3>  %endif
    28                              <3>  %else
    29                              <3>  j%-1 short %%a
    30                              <3>  return
    31                              <3> %%a:
    32                              <3>  %endif
    33                              <3>  %else
    34                              <3>  j%-1 short %%a
    35                              <3>  return
    36                              <3> %%a:
    37                              <3>  %endif
   531                              <1> .badMake:   ;Else, bad make
   532 00002050 488D1510E4FFFF      <1>     lea rdx, badMD
   533 00002057 E9AC220000          <1>     jmp printString
   534                              <1> 
   535                              <1> rmdir:
   536 0000205C F605E8DFFFFFFF      <1>     test byte [arg1Flg], -1
   537 00002063 0F841DFAFFFF        <1>     jz badArgError
   538 00002069 F605DEDFFFFFFF      <1>     test byte [arg2Flg], -1
   539 00002070 0F8510FAFFFF        <1>     jnz badArgError
   540                              <1>     ;We have exactly one argument
   541 00002076 8A05D1DFFFFF        <1>     mov al, byte [arg1FCBret]
   542 0000207C 3CFF                <1>     cmp al, -1 
   543 0000207E 0F84F9F9FFFF        <1>     je badDriveError  ;If a drive was specified and was bad, jump
   544 00002084 E82F260000          <1>     call buildCommandPath
   545 00002089 488D15(70040000)    <1>     lea rdx, searchSpec
   546 00002090 B8003A0000          <1>     mov eax, 3A00h  ;RMDIR
   547 00002095 CD21                <1>     int 21h
   548                              <1>     retnc   ;Return if not carry
    61                              <2> cret nc
    19                              <3> %%_base:
    20                              <3> %assign baseVar %%_base-$$
    21                              <3>  %ifdef retOff
    22                              <3>  %if (baseVar - retOff <= 126) && (baseVar > retOff)
    23                              <3>  %ifdef currSegVBase
    24                              <3>  j%+1 short (retOff+currSegVBase)
    25                              <3>  %else
    26                              <3>  j%+1 short retOff
    27                              <3>  %endif
    28                              <3>  %else
    29 00002097 7201                <3>  j%-1 short %%a
    30                              <3>  return
    13                              <4> %%_ret:
    14 00002099 C3                  <4>  ret
    15                              <4> %assign retOff %%_ret-$$
    31                              <3> %%a:
    32                              <3>  %endif
    33                              <3>  %else
    34                              <3>  j%-1 short %%a
    35                              <3>  return
    36                              <3> %%a:
    37                              <3>  %endif
   549                              <1> .badRemove:   ;Else, bad make
   550 0000209A 488D15E3E3FFFF      <1>     lea rdx, badRD
   551 000020A1 E962220000          <1>     jmp printString
   552                              <1> 
   553                              <1> copy:
   554 000020A6 66C705(41070000)FF- <1>     mov word [sourceHdl], -1
   554 000020AE FF                  <1>
   555 000020AF 66C705(43070000)FF- <1>     mov word [destHdl], -1
   555 000020B7 FF                  <1>
   556 000020B8 66C705(45070000)FF- <1>     mov word [srcHdlInfo], -1
   556 000020C0 FF                  <1>
   557 000020C1 C605(55070000)00    <1>     mov byte [bCpFlg], 0    ;State flag!
   558 000020C8 48C705(47070000)00- <1>     mov qword [cpBufPtr], 0 ;Init to null ptr!
   558 000020D0 000000              <1>
   559 000020D3 66C705(4F070000)00- <1>     mov word [wCpBufSz], 0  ;Clear buffer count        
   559 000020DB 00                  <1>
   560 000020DC C705(51070000)0000- <1>     mov dword [dCpCnt], 0   ;Clear file count
   560 000020E4 0000                <1>
   561 000020E6 C605(11060000)00    <1>     mov byte [srcSpec], 0   ;Clear first bytes of the buffers
   562 000020ED C605(93060000)00    <1>     mov byte [destSpec], 0
   563 000020F4 48C705(15070000)00- <1>     mov qword [srcPtr], 0
   563 000020FC 000000              <1>
   564 000020FF 48C705(1D070000)00- <1>     mov qword [destPtr], 0
   564 00002107 000000              <1>
   565 0000210A B800540000          <1>     mov eax, 5400h  ;Get verify flag
   566 0000210F CD21                <1>     int 21h
   567 00002111 8805(40070000)      <1>     mov byte [verifyFlg], al    ;Save verify flag!
   568                              <1> ;Start with getting a disk buffer, of the size of the internal disk buffers. 
   569                              <1> ;If we cant allocate full diskbuffer, get as much as we can
   570                              <1> ;Diskbuffer as thats the best optimisation for IO buffers
   571 00002117 B800520000          <1>     mov eax, 5200h
   572 0000211C CD21                <1>     int 21h ;Get in rbx ptr to sysvars
   573 0000211E 0FB74B20            <1>     movzx ecx, word [rbx + 20h] ;Get the internal buffer size in ecx!
   574 00002122 89CB                <1>     mov ebx, ecx
   575 00002124 C1EB04              <1>     shr ebx, 4  ;Convert to paragraphs, save bytes in ecx
   576 00002127 B800480000          <1>     mov eax, 4800h
   577 0000212C CD21                <1>     int 21h
   578 0000212E 731E                <1>     jnc .bufOk
   579 00002130 85DB                <1>     test ebx, ebx       ;Cannot allocate? Yikes...
   580 00002132 750C                <1>     jnz .okSize
   581                              <1> .badAlloc:
   582                              <1> ;Not enough memory error!
   583 00002134 488D159CE1FFFF      <1>     lea rdx, cpNoMem
   584 0000213B E971F9FFFF          <1>     jmp badCmn  ;Print the string and return!
   585                              <1> .okSize:
   586 00002140 89D9                <1>     mov ecx, ebx    
   587 00002142 C1E104              <1>     shl ecx, 4  ;Convert into bytes from paragraphs
   588 00002145 B800480000          <1>     mov eax, 4800h
   589 0000214A CD21                <1>     int 21h
   590 0000214C 72E6                <1>     jc .badAlloc
   591                              <1> .bufOk:
   592 0000214E 488905(47070000)    <1>     mov qword [cpBufPtr], rax   ;Save ptr to xfr area
   593 00002155 66890D(4F070000)    <1>     mov word [wCpBufSz], cx     ;Save buffer size
   594 0000215C E8A2070000          <1>     call copyParse      ;Do Mode 3 prescan
   595 00002161 0F82F2F8FFFF        <1>     jc badSyntaxError
   596 00002167 85C9                <1>     test ecx, ecx   
   597 00002169 0F84EAF8FFFF        <1>     jz badSyntaxError
   598                              <1> ;Go to the end of the cmd line and search backwards for the destination first
   599 0000216F 498DB081000000      <1>     lea rsi, qword [r8 + cmdLine]
   600 00002176 410FB68880000000    <1>     movzx ecx, byte [r8 + cmdLineCnt]
   601 0000217E FFC9                <1>     dec ecx ;Turn into offset
   602 00002180 4801CE              <1>     add rsi, rcx
   603 00002183 31D2                <1>     xor edx, edx    ;Use edx as a counter for number of destination switches
   604 00002185 FD                  <1>     std ;Go in reverse
   605                              <1> .sd:    ;At this point, any switch chars affect destination!
   606 00002186 E8B9230000          <1>     call skipDelimiters ;skipDelimiters in reverse!
   607 0000218B 8A057ADEFFFF        <1>     mov al, byte [switchChar]
   608 00002191 384601              <1>     cmp byte [rsi + 1], al  ;Did we hit a switch?
   609 00002194 7509                <1>     jne .noSwitch
   610                              <1>     ;Here we hit a switchchar! Process it! rsi points to char before switchchar
   611 00002196 0FB64602            <1>     movzx eax, byte [rsi + 2]   ;Get the char
   612 0000219A 50                  <1>     push rax        ;Push the switchchar
   613 0000219B FFC2                <1>     inc edx         ;Inc the counter
   614 0000219D EBE7                <1>     jmp short .sd   ;Now go back to skipping delimiters again!
   615                              <1> .noSwitch:
   616                              <1> ;Ok so we hit a path. Now set the flags based on the stack!
   617 0000219F 85D2                <1>     test edx, edx
   618 000021A1 7412                <1>     jz .noDestSwitch
   619                              <1> .ns1:
   620 000021A3 58                  <1>     pop rax ;Pop the switch char
   621 000021A4 B304                <1>     mov bl, ascDes
   622 000021A6 E86C040000          <1>     call .doSwitchRev
   623 000021AB 0F85D7040000        <1>     jnz .badExit    ;Invalid switch, abort procedure!    
   624 000021B1 FFCA                <1>     dec edx
   625 000021B3 75EE                <1>     jnz .ns1
   626                              <1> .noDestSwitch:
   627                              <1> ;Now search for the starting delimiter or start of line
   628 000021B5 48FFC6              <1>     inc rsi ;Go to the last char in the path
   629                              <1> .noSwitchLp:
   630 000021B8 AC                  <1>     lodsb   ;Get char at rsi, go back a char
   631 000021B9 E894230000          <1>     call isALdelimiter
   632 000021BE 7412                <1>     je .destFnd
   633 000021C0 8A0545DEFFFF        <1>     mov al, byte [switchChar]
   634 000021C6 3846FF              <1>     cmp byte [rsi - 1], al  ;Peek if an embedded switch?
   635 000021C9 7404                <1>     je .se  ;Jump if so!
   636 000021CB FFC9                <1>     dec ecx ;One less char left to search
   637 000021CD EBE9                <1>     jmp short .noSwitchLp
   638                              <1> .se:
   639 000021CF 48FFCE              <1>     dec rsi     ;Dec to make the below work!
   640                              <1> .destFnd:
   641 000021D2 4881C602000000      <1>     add rsi, 2  ;Go back to the first char past the delimiter
   642 000021D9 FC                  <1>     cld 
   643 000021DA 4889F5              <1>     mov rbp, rsi    ;Save this ptr in rbp temporarily
   644 000021DD 488D3D(93060000)    <1>     lea rdi, destSpec
   645 000021E4 57                  <1>     push rdi
   646 000021E5 E88B240000          <1>     call cpDelimPathToBufz ;Copy this over!   
   647 000021EA 5F                  <1>     pop rdi
   648 000021EB E80B240000          <1>     call findLastPathComponant  ;Get last path componant in rdi
   649 000021F0 48893D(1D070000)    <1>     mov qword [destPtr], rdi
   650 000021F7 807F013A            <1>     cmp byte [rdi + 1], ":" ;Is this a colon?
   651 000021FB 7517                <1>     jne .destEnd    ;Dont worry
   652 000021FD 8A07                <1>     mov al, byte [rdi]      ;Pick up drive letter
   653 000021FF E825230000          <1>     call ucChar             ;Make sure we UC the drive letter
   654 00002204 8807                <1>     mov byte [rdi], al      ;Store the drive letter
   655 00002206 4881C702000000      <1>     add rdi, 2              ;Point to this null
   656 0000220D 48893D(1D070000)    <1>     mov qword [destPtr], rdi    ;Store chars over the null
   657                              <1> .destEnd:
   658                              <1> ;Now start with source processing!! Clear the binSrc bit in bCpFlg
   659 00002214 8025(55070000)FD    <1>     and byte [bCpFlg], ~binSrc  ;Mightve been accidentally set by dest flags
   660 0000221B 498DB081000000      <1>     lea rsi, qword [r8 + cmdLine]
   661                              <1> .srcLp: ;Jump to with rsi pointing to portion of the cmdline to scan
   662 00002222 E81D230000          <1>     call skipDelimiters 
   663 00002227 8A05DEDDFFFF        <1>     mov al, byte [switchChar]
   664 0000222D 3806                <1>     cmp byte [rsi], al
   665 0000222F 7516                <1>     jne .noSrcSw    ;Not switch! Must be filename start!
   666                              <1>     ;rsi points to switch after switchchar
   667 00002231 B301                <1>     mov bl, ascSrc
   668 00002233 E8D9030000          <1>     call .doSwitch
   669 00002238 0F854A040000        <1>     jnz .badExit
   670 0000223E 4881C602000000      <1>     add rsi, 2
   671 00002245 EBDB                <1>     jmp short .srcLp    ;Now keep searching for start of filename
   672                              <1> .noSrcSw:
   673 00002247 4839F5              <1>     cmp rbp, rsi
   674 0000224A 7527                <1>     jne .noSameSrcDest
   675                              <1>     ;Here if the destination we specified earlier is the same as the source
   676                              <1>     ;This means, the actual destination is the current default drive
   677                              <1>     ; on the current directory. Pass to DOS X:FILENAME.EXT<NUL> string.
   678 0000224C E8B0220000          <1>     call getCurrentDrive    ;Get current drive
   679 00002251 0441                <1>     add al, "A"             ;Turn into a drive letter
   680 00002253 B43A                <1>     mov ah, ":"
   681 00002255 0FB7C0              <1>     movzx eax, ax
   682 00002258 8905(93060000)      <1>     mov dword [destSpec], eax   ;Add a default null terminator
   683 0000225E 488D3D(95060000)    <1>     lea rdi, destSpec+2         ;Point to the null after the colon
   684 00002265 48893D(1D070000)    <1>     mov qword [destPtr], rdi    ;Copy the filenames here
   685 0000226C 800D(55070000)20    <1>     or byte [bCpFlg], mod1Cpy   ;Copy to curdir in cur drive
   686                              <1> .noSameSrcDest:
   687 00002273 488D3D(11060000)    <1>     lea rdi, srcSpec            ;rsi now goes into the source spec!
   688 0000227A 57                  <1>     push rdi
   689 0000227B E8F5230000          <1>     call cpDelimPathToBufz      ;Copy this over! rsi points past delimiter
   690 00002280 5F                  <1>     pop rdi
   691                              <1>     ;Now go forwards and pick up any more switches.
   692 00002281 48FFCE              <1>     dec rsi ;Point back to the first delimiter
   693                              <1> .swSrcSwPost:
   694 00002284 E8BB220000          <1>     call skipDelimiters ;Skips trailing delimiters
   695 00002289 8A057CDDFFFF        <1>     mov al, byte [switchChar]
   696 0000228F 3806                <1>     cmp byte [rsi], al
   697 00002291 7516                <1>     jne .swSrcSwPostExit
   698                              <1>     ;rsi points to switch after switchchar
   699 00002293 B301                <1>     mov bl, ascSrc
   700 00002295 E877030000          <1>     call .doSwitch  ;Puts us at the char past the switch itself
   701 0000229A 0F85E8030000        <1>     jnz .badExit
   702 000022A0 4881C602000000      <1>     add rsi, 2      ;Go past the switch
   703 000022A7 EBDB                <1>     jmp short .swSrcSwPost
   704                              <1> .swSrcSwPostExit:
   705 000022A9 4889FE              <1>     mov rsi, rdi
   706 000022AC E82C240000          <1>     call scanForWildcards   ;Find if we have a WC in this source!
   707 000022B1 7507                <1>     jnz .oneCp
   708 000022B3 800D(55070000)08    <1>     or byte [bCpFlg], wcSrc ;We are copying many files. Disp names
   709                              <1> .oneCp:
   710 000022BA E83C230000          <1>     call findLastPathComponant  ;Get last componant of src in rdi
   711 000022BF 48893D(15070000)    <1>     mov qword [srcPtr], rdi     ;Now save the last componant
   712 000022C6 807F013A            <1>     cmp byte [rdi + 1], ":"     ;Is this a colon?
   713 000022CA 7517                <1>     jne .srcEnd             ;Dont worry
   714 000022CC 8A07                <1>     mov al, byte [rdi]      ;Pick up drive letter
   715 000022CE E856220000          <1>     call ucChar             ;Make sure we UC the drive letter
   716 000022D3 8807                <1>     mov byte [rdi], al      ;Store the drive letter
   717 000022D5 4881C702000000      <1>     add rdi, 2              ;Point after the colon
   718 000022DC 48893D(15070000)    <1>     mov qword [srcPtr], rdi ;Store chars past the colon
   719                              <1> .srcEnd:
   720                              <1> ;Now uppercase both paths
   721 000022E3 488D35(11060000)    <1>     lea rsi, srcSpec
   722 000022EA E846220000          <1>     call normalisePath
   723 000022EF 488D3D(93060000)    <1>     lea rdi, destSpec
   724 000022F6 E83A220000          <1>     call normalisePath
   725 000022FB 57                  <1>     push rdi
   726 000022FC F605(55070000)80    <1>     test byte [bCpFlg], mod3Cpy
   727 00002303 7412                <1>     jz .notm3
   728                              <1> ;Now we scan for a + in the src spc and if one is found, overwrite it with a <NUL>
   729 00002305 4889F7              <1>     mov rdi, rsi    ;Get the src string in rdi
   730 00002308 E812220000          <1>     call strlen 
   731 0000230D B02B                <1>     mov al, "+"
   732 0000230F F2AE                <1>     repne scasb 
   733 00002311 7504                <1>     jne .notm3  ;If not equal, exit
   734 00002313 C647FF00            <1>     mov byte [rdi - 1], 0
   735                              <1> .notm3:
   736                              <1> ;Now establish if the source is a directory or not!
   737 00002317 5F                  <1>     pop rdi ;Get back the destspec ptr
   738 00002318 F605(55070000)08    <1>     test byte [bCpFlg], wcSrc
   739 0000231F 7577                <1>     jnz .checkDestDir   ;Skip check if source has wildcards
   740 00002321 488D15(11060000)    <1>     lea rdx, srcSpec
   741 00002328 4889D6              <1>     mov rsi, rdx
   742 0000232B 66AD                <1>     lodsw   ;Get the first two chars, is it "X:" style
   743 0000232D 80FC3A              <1>     cmp ah, ":"
   744 00002330 7522                <1>     jne .isSrcDir   ;If not, check explicitly
   745 00002332 AC                  <1>     lodsb           ;Get char past :
   746 00002333 84C0                <1>     test al, al     ;Is byte three nul?
   747 00002335 740D                <1>     jz .srcStorWc   ;If so, we have "X:<NUL>"
   748 00002337 3A05CDDCFFFF        <1>     cmp al, byte [pathSep]  ;If char past : isnt pathsep, check manually
   749 0000233D 7515                <1>     jne .isSrcDir
   750 0000233F AC                  <1>     lodsb           ;Get char past char past "X:\"
   751 00002340 84C0                <1>     test al, al     
   752 00002342 7510                <1>     jnz .isSrcDir   ;Fall thru is "X:\<NUL>"
   753                              <1> .srcStorWc:
   754                              <1> ;rsi points past the char to store the WC at
   755 00002344 C746FF2A2E2A00      <1>     mov dword [rsi - 1], "*.*"  ;Store with terminating null!
   756 0000234B 800D(55070000)08    <1>     or byte [bCpFlg], wcSrc     ;We're adding the wildcard to the source!
   757 00002352 EB44                <1>     jmp short .checkDestDir
   758                              <1> .isSrcDir:
   759 00002354 B910000000          <1>     mov ecx, dirDirectory
   760 00002359 B8004E0000          <1>     mov eax, 4E00h
   761 0000235E CD21                <1>     int 21h
   762 00002360 7236                <1>     jc .checkDestDir    ;Wasn't a dir!
   763                              <1>     ;Was the file we found actually a directory?
   764 00002362 803D(0B010000)10    <1>     cmp byte [cmdFFBlock + ffBlock.attribFnd], dirDirectory
   765 00002369 752D                <1>     jne .checkDestDir   ;Wasn't a dir
   766 0000236B 4889D7              <1>     mov rdi, rdx
   767 0000236E E8AC210000          <1>     call strlen
   768 00002373 FFC9                <1>     dec ecx
   769 00002375 4801CF              <1>     add rdi, rcx    ;Move rdi to the terminating null
   770 00002378 8A058CDCFFFF        <1>     mov al, byte [pathSep]
   771 0000237E 3847FF              <1>     cmp byte [rdi - 1], al  ;Do we have a trailing pathsep?
   772 00002381 7401                <1>     je .srctpsp
   773 00002383 AA                  <1>     stosb   ;Store the pathsep over the null, inc rdi
   774                              <1> .srctpsp:
   775 00002384 48893D(15070000)    <1>     mov qword [srcPtr], rdi ;Update the srcPtr
   776 0000238B B82A2E2A00          <1>     mov eax, "*.*"
   777 00002390 AB                  <1>     stosd   ;Store the WC with terminating nul!
   778 00002391 800D(55070000)08    <1>     or byte [bCpFlg], wcSrc ;We're adding the wildcard to the source!
   779                              <1> .checkDestDir:
   780                              <1> ;Now establish if destination is a directory or not!
   781 00002398 F605(55070000)20    <1>     test byte [bCpFlg], mod1Cpy ;If we already know its mod1, skip
   782 0000239F 0F855E010000        <1>     jnz .mod1
   783 000023A5 488D35(93060000)    <1>     lea rsi, destSpec
   784 000023AC 66AD                <1>     lodsw   ;Get the first word, i.e. candidate "X:"
   785 000023AE 80FC3A              <1>     cmp ah, ":"
   786 000023B1 751A                <1>     jne .isDestDir
   787 000023B3 66AD                <1>     lodsw   ;Get second word, i.e. candidate "\<NUL>" or "<NUL>"
   788 000023B5 84C0                <1>     test al, al ;Is byte three nul?
   789 000023B7 0F8446010000        <1>     jz .mod1    ;If so, it was a X:<NUL>
   790 000023BD 84E4                <1>     test ah, ah ;Is byte four nul?
   791 000023BF 750C                <1>     jnz .isDestDir  ;If not, check if destination is a directory
   792 000023C1 3A0543DCFFFF        <1>     cmp al, byte [pathSep]  ;Else, check if byte 3 was a pathsep!
   793 000023C7 0F8436010000        <1>     je .mod1    ;If it is, then it was a X:\<NUL>
   794                              <1> .isDestDir:
   795                              <1> ;Only here if we suspect the destination pathspec is a path, not file!
   796 000023CD 488D15(93060000)    <1>     lea rdx, destSpec
   797 000023D4 B910000000          <1>     mov ecx, dirDirectory
   798 000023D9 B8004E0000          <1>     mov eax, 4E00h
   799 000023DE CD21                <1>     int 21h
   800 000023E0 7237                <1>     jc .mod2
   801                              <1>     ;Was the file we found actually a directory?
   802 000023E2 803D(0B010000)10    <1>     cmp byte [cmdFFBlock + ffBlock.attribFnd], dirDirectory
   803 000023E9 752E                <1>     jne .mod2
   804                              <1>     ;Here we just check if we have a terminating slash on the destination path.
   805                              <1>     ;If not, we need to place one there!
   806 000023EB 4889D7              <1>     mov rdi, rdx    ;Move destSpec
   807 000023EE E82C210000          <1>     call strlen
   808 000023F3 FFC9                <1>     dec ecx         ;Lose the null terminator, zero upper bits
   809 000023F5 4801CF              <1>     add rdi, rcx    ;Go to null terminator
   810 000023F8 0FB6050BDCFFFF      <1>     movzx eax, byte [pathSep]
   811 000023FF 3847FF              <1>     cmp byte [rdi - 1], al  ;Is the char before the null a pathsep?
   812 00002402 0F84FB000000        <1>     je .mod1        ;If so, skip adding another one!
   813 00002408 66AB                <1>     stosw           ;Else, store the pathsep and null!
   814 0000240A 48FFCF              <1>     dec rdi         ;Point back to null
   815 0000240D 48893D(1D070000)    <1>     mov qword [destPtr], rdi    ;Save this pointer
   816 00002414 E9EA000000          <1>     jmp .mod1
   817                              <1> .mod2:
   818                              <1> ;Here we are copying files(s) to file(s)! Filenames are copied according 
   819                              <1> ; to rename wildcard semantics. Always run through this as the destination
   820                              <1> ; name may have wildcards in it! But we don't add any.
   821 00002419 800D(55070000)40    <1>     or byte [bCpFlg], mod2Cpy   ;Set to remind us what we are doing!
   822 00002420 488D35(93060000)    <1>     lea rsi, destSpec
   823 00002427 E8B1220000          <1>     call scanForWildcards   ;ZF=ZE if WC cound
   824 0000242C 7407                <1>     jz .m2Wc
   825 0000242E 800D(55070000)10    <1>     or byte [bCpFlg], oneDest   ;The destination is a single file!
   826                              <1> .m2Wc:
   827                              <1> ;Search for the source file
   828 00002435 488D15(11060000)    <1>     lea rdx, srcSpec
   829 0000243C 31C9                <1>     xor ecx, ecx    ;Normal and RO files pls
   830 0000243E B8004E0000          <1>     mov eax, 4E00h
   831 00002443 CD21                <1>     int 21h
   832 00002445 0F8233020000        <1>     jc .badSrcFile
   833 0000244B 488B35(1D070000)    <1>     mov rsi, qword [destPtr]
   834 00002452 498D786C            <1>     lea rdi, qword [r8 + fcb2]  ;Create the permanent destination pattern
   835 00002456 B801290000          <1>     mov eax, 2901h
   836 0000245B CD21                <1>     int 21h
   837                              <1> .md2Lp:
   838 0000245D 488D35(14010000)    <1>     lea rsi, cmdFFBlock + ffBlock.asciizName
   839 00002464 498D785C            <1>     lea rdi, qword [r8 + fcb1]  ;Create the source pattern
   840 00002468 B801290000          <1>     mov eax, 2901h
   841 0000246D CD21                <1>     int 21h  
   842                              <1> ;Now depending on source and dest patterns, build a filename in renName
   843 0000246F 498D706D            <1>     lea rsi, qword [r8 + fcb2 + fcb.filename]    
   844 00002473 488D3D(25070000)    <1>     lea rdi, renName    ;Start by copying the destination pattern
   845 0000247A 57                  <1>     push rdi
   846 0000247B 48A5                <1>     movsq
   847 0000247D 66A5                <1>     movsw
   848 0000247F A4                  <1>     movsb
   849 00002480 5F                  <1>     pop rdi
   850 00002481 498D705D            <1>     lea rsi, qword [r8 + fcb1 + fcb.filename] ;Now start sourcing chars!
   851 00002485 B90B000000          <1>     mov ecx, 11 ;11 chars to copy!
   852                              <1> .md2NameMake:
   853 0000248A AC                  <1>     lodsb   ;Get the char from the source string
   854 0000248B 803F3F              <1>     cmp byte [rdi], "?" ;Are we over a WC?
   855 0000248E 7502                <1>     jne .noStore    ;Dont store the char there
   856 00002490 8807                <1>     mov byte [rdi], al  ;If we are over a wc, store the char there!
   857                              <1> .noStore:
   858 00002492 48FFC7              <1>     inc rdi ;Goto next char position
   859 00002495 FFC9                <1>     dec ecx
   860 00002497 75F1                <1>     jnz .md2NameMake
   861 00002499 488D35(14010000)    <1>     lea rsi, cmdFFBlock + ffBlock.asciizName
   862 000024A0 488B3D(15070000)    <1>     mov rdi, qword [srcPtr]
   863 000024A7 E85A200000          <1>     call strcpy ;Doesn't matter that we preserve the pointers
   864 000024AC 488D35(25070000)    <1>     lea rsi, renName
   865 000024B3 488B3D(1D070000)    <1>     mov rdi, qword [destPtr]
   866 000024BA E860210000          <1>     call FCBToAsciiz
   867 000024BF E821010000          <1>     call .prntFilespec  ;Prints the source filename
   868 000024C4 E8F4010000          <1>     call copyMain       ;And copy it!
   869 000024C9 731D                <1>     jnc .md2Ok
   870                              <1> ;Errors are not ignored, only when overwrite on ASCII concat mode, in which case
   871                              <1> ; we display a "contents lost" message and proceed. Here all errors halt!
   872 000024CB 3CFD                <1>     cmp al, -3
   873 000024CD 0F8488010000        <1>     je .badBinCdevErr
   874 000024D3 3CFE                <1>     cmp al, -2
   875 000024D5 0F8489010000        <1>     je .rootDirFull
   876 000024DB 3CFF                <1>     cmp al, -1      ;Source and destination same?
   877 000024DD 0F848A010000        <1>     je .badSameFile 
   878 000024E3 E9A0010000          <1>     jmp .badExit    ;Else generic error message
   879                              <1> .md2Ok:
   880 000024E8 F605(55070000)08    <1>     test byte [bCpFlg], wcSrc   ;If no Wildcards in source, we are done!
   881 000024EF 0F8485000000        <1>     jz .copyDone        ;Copy complete!
   882 000024F5 B8004F0000          <1>     mov eax, 4F00h      ;Else, find Next File
   883 000024FA CD21                <1>     int 21h
   884 000024FC 727C                <1>     jc .copyDone        ;If no more files, we are done!
   885 000024FE E95AFFFFFF          <1>     jmp .md2Lp    ;Else, now build a new source and destination!
   886                              <1> .mod1:
   887                              <1> ;Here we are copying file(s) into a directory. Filenames are copied verbatum.
   888 00002503 800D(55070000)20    <1>     or byte [bCpFlg], mod1Cpy   ;Ensure this bit is set!
   889 0000250A 488D15(11060000)    <1>     lea rdx, srcSpec
   890 00002511 31C9                <1>     xor ecx, ecx    ;Normal and read only files pls!!
   891 00002513 B8004E0000          <1>     mov eax, 4E00h
   892 00002518 CD21                <1>     int 21h
   893 0000251A 0F825E010000        <1>     jc .badSrcFile  ;File not found error!!
   894                              <1> .mod1Lp:
   895 00002520 488D35(14010000)    <1>     lea rsi, cmdFFBlock + ffBlock.asciizName
   896 00002527 488B3D(15070000)    <1>     mov rdi, qword [srcPtr]
   897 0000252E E8E21F0000          <1>     call strcpy2    ;Place the asciiz name at the end of the path
   898 00002533 488B3D(1D070000)    <1>     mov rdi, qword [destPtr]
   899 0000253A E8D61F0000          <1>     call strcpy2    ;Place the asciiz name at the end of the path
   900 0000253F E8A1000000          <1>     call .prntFilespec
   901 00002544 E874010000          <1>     call copyMain   ;And copy it!
   902 00002549 731D                <1>     jnc .mod1Ok
   903                              <1> ;Errors are not ignored, only when overwrite on ASCII concat mode, in which case
   904                              <1> ; we display a "contents lost" message and proceed. Here all errors halt!
   905 0000254B 3CFD                <1>     cmp al, -3
   906 0000254D 0F8408010000        <1>     je .badBinCdevErr
   907 00002553 3CFE                <1>     cmp al, -2
   908 00002555 0F8409010000        <1>     je .rootDirFull
   909 0000255B 3CFF                <1>     cmp al, -1      ;Source and destination same?
   910 0000255D 0F840A010000        <1>     je .badSameFile 
   911 00002563 E920010000          <1>     jmp .badExit    ;Else generic error message
   912                              <1> .mod1Ok:
   913 00002568 F605(55070000)08    <1>     test byte [bCpFlg], wcSrc   ;If no Wildcards in source, we are done!
   914 0000256F 7409                <1>     jz .copyDone
   915 00002571 B8004F0000          <1>     mov eax, 4F00h      ;Find Next File
   916 00002576 CD21                <1>     int 21h
   917 00002578 73A6                <1>     jnc .mod1Lp         ;If no more files, we are done! Fall thru!
   918                              <1> 
   919                              <1> .copyDone:
   920 0000257A F605(55070000)80    <1>     test byte [bCpFlg], mod3Cpy ;If not mode 3, just exit!
   921 00002581 743E                <1>     jz .cdNotM3
   922                              <1> ;Else, we advance the pointers and jump again!
   923 00002583 488B35(38070000)    <1>     mov rsi, qword [pNextFspec]
   924 0000258A 483B35(30070000)    <1>     cmp rsi, qword [pLastFspec] ;Did we check the last section?
   925 00002591 742E                <1>     je .cdNotM3                 ;If yes, we are done!
   926                              <1> .cdM3lp:
   927 00002593 E8B4030000          <1>     call copyParse.gotoVar      ;Else move rsi to the var
   928 00002598 3C0D                <1>     cmp al, CR
   929 0000259A 7425                <1>     je .cdNotM3
   930 0000259C 3C2B                <1>     cmp al, "+"
   931 0000259E 740B                <1>     je .cdPlus
   932 000025A0 E8C2030000          <1>     call copyParse.skipVar  ;Go to the end of the var (guaranteed @ a +)
   933 000025A5 3C0D                <1>     cmp al, CR
   934 000025A7 7418                <1>     je .cdNotM3
   935 000025A9 EBE8                <1>     jmp short .cdM3lp
   936                              <1> .cdPlus:
   937 000025AB 48FFC6              <1>     inc rsi ;Go past the + sign
   938 000025AE 488935(38070000)    <1>     mov qword [pNextFspec], rsi ;Store this ptr
   939 000025B5 8025(55070000)94    <1>     and byte [bCpFlg], mod3Cpy|oneDest|ascDes   ;Clear flags except 4 dest
   940 000025BC E961FCFFFF          <1>     jmp .srcLp
   941                              <1> .cdNotM3:
   942 000025C1 E8CC000000          <1>     call .copyCleanup   ;Clean up resources!
   943 000025C6 8B05(51070000)      <1>     mov eax, dword [dCpCnt] ;Get number of files copied
   944 000025CC B909000000          <1>     mov ecx, 9  ;Maximum copy 9,999,999 files... ofc thats ok
   945 000025D1 E81B210000          <1>     call printDecimalValLB   ;n File(s) copied
   946 000025D6 488D15E8DCFFFF      <1>     lea rdx, copyOk
   947 000025DD B800090000          <1>     mov eax, 0900h
   948 000025E2 CD21                <1>     int 21h    
   949                              <1>     return
    13                              <2> %%_ret:
    14 000025E4 C3                  <2>  ret
    15                              <2> %assign retOff %%_ret-$$
   950                              <1> 
   951                              <1> .prntFilespec:
   952                              <1> ;Prints the filespec to STDOUT. If the path is 
   953 000025E5 F605(55070000)88    <1>     test byte [bCpFlg], wcSrc|mod3Cpy   ;If no wc or mode 3 don't print name
   954                              <1>     retz
    41                              <2> cret z
    19                              <3> %%_base:
    20                              <3> %assign baseVar %%_base-$$
    21                              <3>  %ifdef retOff
    22                              <3>  %if (baseVar - retOff <= 126) && (baseVar > retOff)
    23                              <3>  %ifdef currSegVBase
    24 000025EC 74(E4)              <3>  j%+1 short (retOff+currSegVBase)
    25                              <3>  %else
    26                              <3>  j%+1 short retOff
    27                              <3>  %endif
    28                              <3>  %else
    29                              <3>  j%-1 short %%a
    30                              <3>  return
    31                              <3> %%a:
    32                              <3>  %endif
    33                              <3>  %else
    34                              <3>  j%-1 short %%a
    35                              <3>  return
    36                              <3> %%a:
    37                              <3>  %endif
   955 000025EE 488D15(11060000)    <1>     lea rdx, srcSpec
   956 000025F5 4889D7              <1>     mov rdi, rdx
   957 000025F8 E8221F0000          <1>     call strlen
   958 000025FD FFC9                <1>     dec ecx     ;Drop terminating null
   959 000025FF BB01000000          <1>     mov ebx, 1  ;STDOUT
   960 00002604 B800400000          <1>     mov eax, 4000h  ;Write
   961 00002609 CD21                <1>     int 21h
   962 0000260B E8F11C0000          <1>     call printCRLF
   963                              <1>     return
    13                              <2> %%_ret:
    14 00002610 C3                  <2>  ret
    15                              <2> %assign retOff %%_ret-$$
   964                              <1> .doSwitch:
   965                              <1> ;Since switches can come before or after a name, handle them here!
   966                              <1> ;If invalid switch char, returns ZF=NZ.
   967                              <1> ;Input: bl = ASCII bit to set (either 1 or 2) 
   968                              <1> ;       rsi -> Switchchar
   969 00002611 56                  <1>     push rsi
   970 00002612 48FFC6              <1>     inc rsi ;Point to char past switchchar
   971 00002615 AC                  <1>     lodsb   ;Get this char, goto next char
   972 00002616 5E                  <1>     pop rsi
   973                              <1> .doSwitchRev:
   974 00002617 E80D1F0000          <1>     call ucChar
   975 0000261C 3C41                <1>     cmp al, "A"
   976 0000261E 7510                <1>     jne .cB
   977 00002620 081D(55070000)      <1>     or byte [bCpFlg], bl    ;Set the ASCII bit
   978 00002626 8025(55070000)FD    <1>     and byte [bCpFlg], ~binSrc  ;ASCII flag clears this
   979                              <1> .cExit:
   980 0000262D 31DB                <1>     xor ebx, ebx    ;Clear ZF 
   981                              <1>     return
    13                              <2> %%_ret:
    14 0000262F C3                  <2>  ret
    15                              <2> %assign retOff %%_ret-$$
   982                              <1> .cB:
   983 00002630 3C42                <1>     cmp al, "B"
   984 00002632 7511                <1>     jne .cV
   985 00002634 F6D3                <1>     not bl  ;Reverse bits
   986 00002636 201D(55070000)      <1>     and byte [bCpFlg], bl   ;Clear the ASCII bit.
   987 0000263C 800D(55070000)02    <1>     or byte [bCpFlg], binSrc    ;This was explicitly set
   988 00002643 EBE8                <1>     jmp short .cExit
   989                              <1> .cV:
   990 00002645 3C56                <1>     cmp al, "V"
   991                              <1>     retne   ;Exit w/o clearing ZF
    53                              <2> cret ne
    19                              <3> %%_base:
    20                              <3> %assign baseVar %%_base-$$
    21                              <3>  %ifdef retOff
    22                              <3>  %if (baseVar - retOff <= 126) && (baseVar > retOff)
    23                              <3>  %ifdef currSegVBase
    24 00002647 75(2F)              <3>  j%+1 short (retOff+currSegVBase)
    25                              <3>  %else
    26                              <3>  j%+1 short retOff
    27                              <3>  %endif
    28                              <3>  %else
    29                              <3>  j%-1 short %%a
    30                              <3>  return
    31                              <3> %%a:
    32                              <3>  %endif
    33                              <3>  %else
    34                              <3>  j%-1 short %%a
    35                              <3>  return
    36                              <3> %%a:
    37                              <3>  %endif
   992 00002649 F605(40070000)FF    <1>     test byte [verifyFlg], -1   ;If verify flag set, do nothing
   993 00002650 75DB                <1>     jnz .cExit                  ;If not zero, flag already set!
   994                              <1>     ;Else, set it. We return it at the end!
   995 00002652 B8012E0000          <1>     mov eax, 2E01h  ;Set Verify Flag
   996 00002657 CD21                <1>     int 21h
   997 00002659 EBD2                <1>     jmp short .cExit
   998                              <1> 
   999                              <1> ;COPY Bad Exits!!
  1000                              <1> .badBinCdevErr:
  1001 0000265B 488D1517DFFFFF      <1>     lea rdx, binDevErr
  1002 00002662 EB10                <1>     jmp short .badExitCmn
  1003                              <1> .rootDirFull:
  1004 00002664 488D15F6DBFFFF      <1>     lea rdx, fulRootDir
  1005 0000266B EB07                <1>     jmp short .badExitCmn
  1006                              <1> .badSameFile:
  1007 0000266D 488D1503DCFFFF      <1>     lea rdx, noSelfCopy
  1008                              <1> .badExitCmn:
  1009 00002674 E838F4FFFF          <1>     call badCmn     ;Print error message
  1010 00002679 E9FCFEFFFF          <1>     jmp .copyDone   ;Clean resources
  1011                              <1> .badSrcFile:
  1012 0000267E E81EF4FFFF          <1>     call badFnf  ;File not found!!
  1013 00002683 E9F2FEFFFF          <1>     jmp .copyDone
  1014                              <1> .badExit:
  1015 00002688 E8E7F3FFFF          <1>     call badParamError
  1016 0000268D E9E8FEFFFF          <1>     jmp .copyDone
  1017                              <1> 
  1018                              <1> .copyCleanup:
  1019                              <1> ;Clean all resources!! Reset verify and free copy buffer. 
  1020                              <1> ;Handles are never open in this process!
  1021 00002692 B8002E0000          <1>     mov eax, 2E00h
  1022 00002697 8A05(40070000)      <1>     mov al, byte [verifyFlg]
  1023 0000269D CD21                <1>     int 21h
  1024 0000269F 4150                <1>     push r8
  1025 000026A1 4C8B05(47070000)    <1>     mov r8, qword [cpBufPtr]
  1026 000026A8 4D85C0              <1>     test r8, r8 ;Check zero, clear CF
  1027 000026AB 7407                <1>     jz .skipFree
  1028 000026AD B800490000          <1>     mov eax, 4900h
  1029 000026B2 CD21                <1>     int 21h
  1030                              <1> .skipFree:
  1031 000026B4 4158                <1>     pop r8
  1032 000026B6 0F8272210000        <1>     jc freezePC ;If free fails, man....
  1033                              <1>     return
    13                              <2> %%_ret:
    14 000026BC C3                  <2>  ret
    15                              <2> %assign retOff %%_ret-$$
  1034                              <1> 
  1035                              <1> copyMain:
  1036                              <1> ;This is the main copying procedure! 
  1037                              <1> ;Start by checking the two files are not the same. If so, complain!
  1038                              <1> ;If returns CF=CY, error code in al. 
  1039                              <1> ;   If al = -1, same filename error!
  1040                              <1> ;   If al = -2, Root Dir full (couldn't create file)
  1041                              <1> ;   If al = -3, attempted binary read from a device
  1042                              <1> ;If returns CF=NC, file copied successfully.
  1043                              <1> ;Check the two files are not the same using truename in searchspec
  1044 000026BD 488D35(11060000)    <1>     lea rsi, srcSpec
  1045 000026C4 488D3D(70040000)    <1>     lea rdi, searchSpec
  1046 000026CB B800600000          <1>     mov eax, 6000h  ;TRUENAME
  1047 000026D0 CD21                <1>     int 21h 
  1048 000026D2 57                  <1>     push rdi    ;Save this searchSpec
  1049 000026D3 488D35(93060000)    <1>     lea rsi, destSpec
  1050 000026DA 488D3D(F2040000)    <1>     lea rdi, searchSpec + cmdBufferL ;Use the latter half to store this bit
  1051 000026E1 B800600000          <1>     mov eax, 6000h
  1052 000026E6 CD21                <1>     int 21h
  1053 000026E8 5E                  <1>     pop rsi     ;Get this ptr back
  1054 000026E9 B81E120000          <1>     mov eax, 121Eh  ;Cmpr ASCII strings
  1055 000026EE CD2F                <1>     int 2Fh
  1056 000026F0 755C                <1>     jnz .notSameFile
  1057                              <1> ;Now we check if we are in a concat mode. 
  1058                              <1> ; If in Concat and we are on the first file, just move the file pointer 
  1059                              <1> ; to the end of the file and return.
  1060                              <1> ; If in Concat and we are not on the first file, print content of 
  1061                              <1> ; destination lost and return.
  1062                              <1> ; Else, exist bad.
  1063                              <1> ;Concat is defined as (mod3Cpy or wcSrc) and oneDest
  1064 000026F2 0FB605(55070000)    <1>     movzx eax, byte [bCpFlg]   ;Get the flags
  1065 000026F9 89C1                <1>     mov ecx, eax        ;Copy the flags
  1066 000026FB 81E110000000        <1>     and ecx, oneDest    ;Isolate for AND
  1067 00002701 743C                <1>     jz .sameNameExit    ;If not set, not in Concat mode
  1068 00002703 2588000000          <1>     and eax, mod3Cpy | wcSrc   ;Compute the OR
  1069 00002708 89C1                <1>     mov ecx, eax
  1070 0000270A 2580000000          <1>     and eax, mod3Cpy    ;Save this bit
  1071 0000270F 81E108000000        <1>     and ecx, wcSrc      ;And this bit
  1072 00002715 09C8                <1>     or eax, ecx         ;Construct a single vale.
  1073 00002717 7426                <1>     jz .sameNameExit    ;If neither bit was set, we don't have condition.
  1074 00002719 488D15(93060000)    <1>     lea rdx, destSpec   ;Prepare rdx to the destination
  1075 00002720 F705(51070000)FFFF- <1>     test dword [dCpCnt], -1 ;Is this the first file?
  1075 00002728 FFFF                <1>
  1076 0000272A 7506                <1>     jnz .notFirstLost   ;If not, we skip this file from copy!
  1077 0000272C E884010000          <1>     call .openFile      ;Moving the fp suffices for the copy
  1078                              <1>     return
    13                              <2> %%_ret:
    14 00002731 C3                  <2>  ret
    15                              <2> %assign retOff %%_ret-$$
  1079                              <1> .notFirstLost:
  1080 00002732 488D1562DBFFFF      <1>     lea rdx, filLostErr
  1081 00002739 E8CA1B0000          <1>     call printString    ;Print this string and skip this file
  1082                              <1>     return
    13                              <2> %%_ret:
    14 0000273E C3                  <2>  ret
    15                              <2> %assign retOff %%_ret-$$
  1083                              <1> .sameNameExit:
  1084 0000273F B0FF                <1>     mov al, -1  ;Same filename error!
  1085                              <1> .badExit:
  1086 00002741 50                  <1>     push rax
  1087 00002742 E8D6000000          <1>     call .exitCleanup
  1088 00002747 58                  <1>     pop rax
  1089 00002748 F9                  <1>     stc
  1090                              <1>     return
    13                              <2> %%_ret:
    14 00002749 C3                  <2>  ret
    15                              <2> %assign retOff %%_ret-$$
  1091                              <1> .badExitNoSpace:
  1092 0000274A B0FE                <1>     mov al, -2  ;Access denied from Create happens if Root Dir full!
  1093 0000274C EBF3                <1>     jmp short .badExit
  1094                              <1> .notSameFile:
  1095                              <1> ;Open source with read permission
  1096                              <1> ;Open destination with write permission
  1097 0000274E 488D15(11060000)    <1>     lea rdx, srcSpec
  1098 00002755 B8003D0000          <1>     mov eax, 3D00h  ;Read open
  1099 0000275A CD21                <1>     int 21h
  1100 0000275C 72E3                <1>     jc .badExit
  1101 0000275E 668905(41070000)    <1>     mov word [sourceHdl], ax
  1102 00002765 0FB7D8              <1>     movzx ebx, ax   ;For bx
  1103                              <1> 
  1104 00002768 B800440000          <1>     mov eax, 4400h  ;Get device info for file in bx in dx
  1105 0000276D CD21                <1>     int 21h
  1106 0000276F 668915(45070000)    <1>     mov word [srcHdlInfo], dx   ;Store information here
  1107 00002776 F6C280              <1>     test dl, 80h    ;Is this a chardev?
  1108 00002779 7412                <1>     jz .prepCopy
  1109                              <1> ;Check the binary flag was not set on this source filespec
  1110 0000277B B0FD                <1>     mov al, -3  ;Prep the error code
  1111 0000277D F605(55070000)02    <1>     test byte [bCpFlg], binSrc
  1112 00002784 75BB                <1>     jnz .badExit    ;Return with the error code in al
  1113 00002786 800D(55070000)01    <1>     or byte [bCpFlg], ascSrc    ;Set the ascii read bit for later!
  1114                              <1> .prepCopy:
  1115 0000278D 31F6                <1>     xor esi, esi                ;Flag if ASCII copy done after write!
  1116 0000278F 488B15(47070000)    <1>     mov rdx, qword [cpBufPtr]   ;Get the buffer pointer
  1117                              <1> .copyLoop:
  1118                              <1> ;!!!!!!!!!!!!!!!!!!!!!!!!!!!!!!!!!!!!!!!!!!!!!!!!!!!!!!!!!!!!!!!!!!!!!!!!!!!!!
  1119                              <1> ; CONSIDER MODIFYING THIS ROUTINE SO THAT ASCII READS ONLY WRITE AFTER       !
  1120                              <1> ; FINDING A ^Z, OR FILLING THE BUFFER. CURRENTLY, WRITES HAPPEN ON EACH LINE.!
  1121                              <1> ;!!!!!!!!!!!!!!!!!!!!!!!!!!!!!!!!!!!!!!!!!!!!!!!!!!!!!!!!!!!!!!!!!!!!!!!!!!!!!
  1122 00002796 0FB70D(4F070000)    <1>     movzx ecx, word [wCpBufSz]
  1123 0000279D 0FB71D(41070000)    <1>     movzx ebx, word [sourceHdl]
  1124 000027A4 B8003F0000          <1>     mov eax, 3F00h ;Read
  1125 000027A9 CD21                <1>     int 21h
  1126 000027AB 7294                <1>     jc .badExit
  1127 000027AD 89C1                <1>     mov ecx, eax    ;Save the binary # of bytes read
  1128 000027AF F605(55070000)80    <1>     test byte [bCpFlg], mod3Cpy
  1129 000027B6 750B                <1>     jnz .doMod3BinCheck
  1130 000027B8 F605(55070000)01    <1>     test byte [bCpFlg], ascSrc  ;Are we copying in ascii mode
  1131 000027BF 742C                <1>     jz .notAscii
  1132 000027C1 EB09                <1>     jmp short .doAscii
  1133                              <1> .doMod3BinCheck:
  1134 000027C3 F605(55070000)02    <1>     test byte [bCpFlg], binSrc
  1135 000027CA 7521                <1>     jnz .notAscii
  1136                              <1> .doAscii:
  1137                              <1> ;Now scan the buffer for a EOF. If we find, we stop the copy at that char
  1138 000027CC 66F705(45070000)80- <1>     test word [srcHdlInfo], 80H ;Is this a chardev?
  1138 000027D4 00                  <1>
  1139 000027D5 7503                <1>     jnz .charDev
  1140 000027D7 67E343              <1>     jecxz .exitCleanup  ;We read no bytes from disk so can't scan for an EOF!
  1141                              <1> .charDev:
  1142 000027DA 50                  <1>     push rax        ;Save the original char count
  1143 000027DB 4889D7              <1>     mov rdi, rdx    ;rdx keeps the buffer ptr
  1144 000027DE B01A                <1>     mov al, EOF
  1145 000027E0 F2AE                <1>     repne scasb     ;Loop thru now!
  1146 000027E2 89C8                <1>     mov eax, ecx    ;Move the offset into the buffer in eax
  1147 000027E4 59                  <1>     pop rcx         ;Get the original read count into ecx
  1148 000027E5 7506                <1>     jne .notAscii   ;If EOF not found, ecx has the full buffer size to write
  1149                              <1> ;Here if EOF found.
  1150 000027E7 FFC0                <1>     inc eax         ;Drop one for the EOF char itself
  1151 000027E9 29C1                <1>     sub ecx, eax    ;Get difference for # of chars to write
  1152 000027EB FFCE                <1>     dec esi         ;Set to -1 to indicate we are done with ASCII copy!
  1153                              <1> .notAscii:
  1154 000027ED 85C9                <1>     test ecx, ecx   ;If no bytes were read, exit!
  1155 000027EF 742C                <1>     jz .exitCleanup
  1156 000027F1 51                  <1>     push rcx    ;Save the number of bytes to write
  1157 000027F2 52                  <1>     push rdx    ;Save the buffer ptr
  1158 000027F3 E891000000          <1>     call .getWriteHandle    ;Gets hdl in bx. Inc file ctr on create/open
  1159 000027F8 5A                  <1>     pop rdx
  1160 000027F9 59                  <1>     pop rcx
  1161 000027FA 0F824AFFFFFF        <1>     jc .badExitNoSpace
  1162 00002800 B800400000          <1>     mov eax, 4000h ;Write to handle in bx, to buffer in rdx
  1163 00002805 CD21                <1>     int 21h
  1164 00002807 0F8234FFFFFF        <1>     jc .badExit
  1165 0000280D 39C1                <1>     cmp ecx, eax            ;ecx=bytes to write, eax=bytes written
  1166 0000280F 0F8535FFFFFF        <1>     jne .badExitNoSpace     ;Disk must be full!!
  1167 00002815 85F6                <1>     test esi, esi           ;Always clear in Binary mode
  1168 00002817 0F8479FFFFFF        <1>     jz .copyLoop            ;Set possible in ASCII mode
  1169                              <1> .exitCleanup:
  1170                              <1> ;Add a terminating EOF if we have been asked to. Else, skip!
  1171 0000281D F605(55070000)04    <1>     test byte [bCpFlg], ascDes
  1172 00002824 7425                <1>     jz .ecNoEOF
  1173 00002826 0FBF1D(43070000)    <1>     movsx ebx, word [destHdl]
  1174 0000282D 81FBFFFFFFFF        <1>     cmp ebx, -1 ;If this hdl is closed, skip this!
  1175 00002833 7416                <1>     je .ecNoEOF
  1176 00002835 488B15(47070000)    <1>     mov rdx, qword [cpBufPtr]
  1177 0000283C C6021A              <1>     mov byte [rdx], EOF
  1178 0000283F B901000000          <1>     mov ecx, 1
  1179 00002844 B800400000          <1>     mov eax, 4000h  ;Write and ignore any errors that come from this!
  1180 00002849 CD21                <1>     int 21h
  1181                              <1> .ecNoEOF:
  1182                              <1> ;Now close copy handles!
  1183 0000284B 668B1D(41070000)    <1>     mov bx, word [sourceHdl]
  1184 00002852 6681FBFFFF          <1>     cmp bx, -1
  1185 00002857 7410                <1>     je .beSkipSource
  1186 00002859 B8003E0000          <1>     mov eax, 3E00h  ;Close this handle
  1187 0000285E CD21                <1>     int 21h
  1188 00002860 66C705(41070000)FF- <1>     mov word [sourceHdl], -1    ;Reset the var
  1188 00002868 FF                  <1>
  1189                              <1> .beSkipSource:
  1190 00002869 668B1D(43070000)    <1>     mov bx, word [destHdl]
  1191 00002870 6681FBFFFF          <1>     cmp bx, -1
  1192                              <1>     rete
    49                              <2> cret e
    19                              <3> %%_base:
    20                              <3> %assign baseVar %%_base-$$
    21                              <3>  %ifdef retOff
    22                              <3>  %if (baseVar - retOff <= 126) && (baseVar > retOff)
    23                              <3>  %ifdef currSegVBase
    24                              <3>  j%+1 short (retOff+currSegVBase)
    25                              <3>  %else
    26                              <3>  j%+1 short retOff
    27                              <3>  %endif
    28                              <3>  %else
    29 00002875 7501                <3>  j%-1 short %%a
    30                              <3>  return
    13                              <4> %%_ret:
    14 00002877 C3                  <4>  ret
    15                              <4> %assign retOff %%_ret-$$
    31                              <3> %%a:
    32                              <3>  %endif
    33                              <3>  %else
    34                              <3>  j%-1 short %%a
    35                              <3>  return
    36                              <3> %%a:
    37                              <3>  %endif
  1193 00002878 B8003E0000          <1>     mov eax, 3E00h  ;Close this one too!
  1194 0000287D CD21                <1>     int 21h
  1195 0000287F 66C705(43070000)FF- <1>     mov word [destHdl], -1  ;Reset the var
  1195 00002887 FF                  <1>
  1196                              <1>     return
    13                              <2> %%_ret:
    14 00002888 C3                  <2>  ret
    15                              <2> %assign retOff %%_ret-$$
  1197                              <1> 
  1198                              <1> .getWriteHandle:
  1199                              <1> ;Returns in bx the handle to the destination file. If the file has not 
  1200                              <1> ; yet been opened, creates/opens the destination file as appropriate.
  1201                              <1> ;Input: Nothing
  1202                              <1> ;Output: CF=NC: bx = Handle to the file
  1203                              <1> ;        CF=CY: File failed to open/create. 
  1204 00002889 0FB71D(43070000)    <1>     movzx ebx, word [destHdl]
  1205 00002890 6681FBFFFF          <1>     cmp bx, -1
  1206 00002895 7402                <1>     je .gwHProceed
  1207 00002897 F8                  <1>     clc     ;Clear the CF
  1208                              <1>     return
    13                              <2> %%_ret:
    14 00002898 C3                  <2>  ret
    15                              <2> %assign retOff %%_ret-$$
  1209                              <1> .gwHProceed:
  1210                              <1> ;Here if the destination has not been opened yet!
  1211 00002899 488D15(93060000)    <1>     lea rdx, destSpec   ;Prepare rdx to the destination
  1212                              <1> ;Now we create/reopen the file here!
  1213 000028A0 F605(55070000)10    <1>     test byte [bCpFlg], oneDest ;If single destination, concatenate
  1214 000028A7 743E                <1>     jz .createFile
  1215                              <1> ;Now we first try to open this file. If this is file 0, we create.
  1216                              <1> ;If this is more than file 0, we open
  1217 000028A9 813D(51070000)0000- <1>     cmp dword [dCpCnt], 0
  1217 000028B1 0000                <1>
  1218 000028B3 7432                <1>     je .createFile
  1219                              <1> ;Now we open the file instead and append to the end
  1220                              <1> .openFile:
  1221 000028B5 B8023D0000          <1>     mov eax, 3D02h  ;Open the file in exclusive read/write mode
  1222 000028BA CD21                <1>     int 21h
  1223                              <1>     retc
    57                              <2> cret c
    19                              <3> %%_base:
    20                              <3> %assign baseVar %%_base-$$
    21                              <3>  %ifdef retOff
    22                              <3>  %if (baseVar - retOff <= 126) && (baseVar > retOff)
    23                              <3>  %ifdef currSegVBase
    24 000028BC 72(98)              <3>  j%+1 short (retOff+currSegVBase)
    25                              <3>  %else
    26                              <3>  j%+1 short retOff
    27                              <3>  %endif
    28                              <3>  %else
    29                              <3>  j%-1 short %%a
    30                              <3>  return
    31                              <3> %%a:
    32                              <3>  %endif
    33                              <3>  %else
    34                              <3>  j%-1 short %%a
    35                              <3>  return
    36                              <3> %%a:
    37                              <3>  %endif
  1224 000028BE FF05(51070000)      <1>     inc dword [dCpCnt]  ;We've opened the file for writing!
  1225 000028C4 668905(43070000)    <1>     mov word [destHdl], ax
  1226 000028CB 0FB7D8              <1>     movzx ebx, ax
  1227 000028CE 31C9                <1>     xor ecx, ecx
  1228 000028D0 31D2                <1>     xor edx, edx
  1229 000028D2 F605(55070000)04    <1>     test byte [bCpFlg], ascDes  ;Did we write a terminating ^Z before?
  1230 000028D9 7404                <1>     jz .gwHNoAscii
  1231 000028DB FFCA                <1>     dec edx                     ;Overwrite the ^Z
  1232 000028DD FFC9                <1>     dec ecx                     ;PASS A SIGNED -1 !!!!
  1233                              <1> .gwHNoAscii:
  1234 000028DF B802420000          <1>     mov eax, 4202h  ;LSEEK from the end
  1235 000028E4 CD21                <1>     int 21h
  1236                              <1>     return
    13                              <2> %%_ret:
    14 000028E6 C3                  <2>  ret
    15                              <2> %assign retOff %%_ret-$$
  1237                              <1> .createFile:
  1238 000028E7 B8003C0000          <1>     mov eax, 3C00h  ;Create the file
  1239 000028EC 31C9                <1>     xor ecx, ecx    ;No file attributes
  1240 000028EE CD21                <1>     int 21h
  1241                              <1>     retc
    57                              <2> cret c
    19                              <3> %%_base:
    20                              <3> %assign baseVar %%_base-$$
    21                              <3>  %ifdef retOff
    22                              <3>  %if (baseVar - retOff <= 126) && (baseVar > retOff)
    23                              <3>  %ifdef currSegVBase
    24 000028F0 72(E6)              <3>  j%+1 short (retOff+currSegVBase)
    25                              <3>  %else
    26                              <3>  j%+1 short retOff
    27                              <3>  %endif
    28                              <3>  %else
    29                              <3>  j%-1 short %%a
    30                              <3>  return
    31                              <3> %%a:
    32                              <3>  %endif
    33                              <3>  %else
    34                              <3>  j%-1 short %%a
    35                              <3>  return
    36                              <3> %%a:
    37                              <3>  %endif
  1242 000028F2 FF05(51070000)      <1>     inc dword [dCpCnt]  ;File created for writing!
  1243 000028F8 668905(43070000)    <1>     mov word [destHdl], ax
  1244 000028FF 0FB7D8              <1>     movzx ebx, ax
  1245                              <1>     return
    13                              <2> %%_ret:
    14 00002902 C3                  <2>  ret
    15                              <2> %assign retOff %%_ret-$$
  1246                              <1> 
  1247                              <1> copyParse:
  1248                              <1> ;Checks to see if we are in mode 3. If we are, sets up the 
  1249                              <1> ; mode 3 variables. Ignores switches making life so much better.
  1250 00002903 498DB081000000      <1>     lea rsi, qword [r8 + cmdLine]
  1251 0000290A 488935(38070000)    <1>     mov qword [pNextFspec], rsi     ;Setup this var here
  1252 00002911 31C9                <1>     xor ecx, ecx    ;Use as a filespec counter in a "+ +" region
  1253                              <1> .cp1:
  1254 00002913 E834000000          <1>     call .gotoVar   ;Goto filespec. Move rsi->First non-terminator char or +
  1255 00002918 3C0D                <1>     cmp al, CR
  1256 0000291A 7428                <1>     je .cpExit
  1257 0000291C 3C2B                <1>     cmp al, "+"
  1258 0000291E 740F                <1>     je .cpPlus
  1259 00002920 FFC1                <1>     inc ecx ;Add another file to the count
  1260 00002922 E840000000          <1>     call .skipVar   ;Goto end of var. Move rsi->First terminator char or +
  1261 00002927 3C0D                <1>     cmp al, CR
  1262 00002929 7419                <1>     je .cpExit
  1263 0000292B 3C2B                <1>     cmp al, "+"
  1264 0000292D 75E4                <1>     jne .cp1 
  1265                              <1> .cpPlus:
  1266                              <1> ;Here we hit a "+"
  1267 0000292F 31C9                <1>     xor ecx, ecx    ;Clean this var again
  1268 00002931 800D(55070000)80    <1>     or byte [bCpFlg], mod3Cpy   ;We are in mode 3 if we are here
  1269 00002938 48FFC6              <1>     inc rsi         ;Go past the + sign
  1270 0000293B 488935(30070000)    <1>     mov qword [pLastFspec], rsi ;Save this var as we go
  1271 00002942 EBCF                <1>     jmp short .cp1
  1272                              <1> .cpExit:
  1273 00002944 81F903000000        <1>     cmp ecx, 3  ;If we have more than 2 files w/o a + between them, syntax err
  1274 0000294A F5                  <1>     cmc         ;Compliment CF to make CF=CY on error!
  1275                              <1>     return
    13                              <2> %%_ret:
    14 0000294B C3                  <2>  ret
    15                              <2> %assign retOff %%_ret-$$
  1276                              <1> .gotoVar:
  1277                              <1> ;Goes to the next variable, plus sign or CR.
  1278                              <1> ;Returns rsi -> First char of the pathspec, + or CR
  1279 0000294C AC                  <1>     lodsb
  1280 0000294D E8001C0000          <1>     call isALdelimiter  
  1281 00002952 74F8                <1>     je .gotoVar         ;Skips delimiters
  1282 00002954 3A05B1D6FFFF        <1>     cmp al, byte [switchChar]
  1283 0000295A 7507                <1>     jne .vexit
  1284 0000295C E806000000          <1>     call .skipVar   ;Now skip the string after the cmdline switch
  1285 00002961 EBE9                <1>     jmp short .gotoVar  ;And switches
  1286                              <1> .vexit:
  1287 00002963 48FFCE              <1>     dec rsi ;Return back to the break condition char
  1288                              <1>     return
    13                              <2> %%_ret:
    14 00002966 C3                  <2>  ret
    15                              <2> %assign retOff %%_ret-$$
  1289                              <1> .skipVar:
  1290                              <1> ;Goes to the delimiter for this string
  1291 00002967 AC                  <1>     lodsb
  1292 00002968 3C0D                <1>     cmp al, CR
  1293 0000296A 74F7                <1>     je .vexit
  1294 0000296C 3C2B                <1>     cmp al, "+"
  1295 0000296E 74F3                <1>     je .vexit
  1296 00002970 E8DD1B0000          <1>     call isALdelimiter
  1297 00002975 74EC                <1>     je .vexit
  1298 00002977 EBEE                <1>     jmp short .skipVar
  1299                              <1> 
  1300                              <1> 
  1301                              <1> erase:
  1302 00002979 F605CBD6FFFFFF      <1>     test byte [arg1Flg], -1
  1303 00002980 0F8400F1FFFF        <1>     jz badArgError
  1304                              <1> ;Now copy the argument from the command line to searchspec and null terminate
  1305 00002986 E82D1D0000          <1>     call buildCommandPath
  1306 0000298B 488D3D(70040000)    <1>     lea rdi, searchSpec
  1307 00002992 E8641C0000          <1>     call findLastPathComponant  ;Ret ptr to last \ or head of string if none
  1308 00002997 4889FE              <1>     mov rsi, rdi    ;Save the final componant as source fcb parsing below
  1309 0000299A 498D785C            <1>     lea rdi, qword [r8 + fcb1]  ;Use FCB1 as destination for parse
  1310 0000299E B80D290000          <1>     mov eax, 290Dh  ;Parse search mask to find if wc and if we have 11 ?s
  1311 000029A3 CD21                <1>     int 21h
  1312 000029A5 3C01                <1>     cmp al, 1
  1313 000029A7 0F858E000000        <1>     jne .noWildcard ;If no wildcards, just delete directly, unless a directory
  1314                              <1> ;No dirs to handle in here
  1315                              <1> ;Count the number of ?'s, if 11, we print the message
  1316 000029AD 498D705D            <1>     lea rsi, qword [r8 + fcb1 + fcb.filename]
  1317 000029B1 31C9                <1>     xor ecx, ecx
  1318                              <1> .wcScan:
  1319 000029B3 AC                  <1>     lodsb
  1320 000029B4 3C3F                <1>     cmp al, "?"
  1321 000029B6 7536                <1>     jne .findFile
  1322 000029B8 FFC1                <1>     inc ecx
  1323 000029BA 81F90B000000        <1>     cmp ecx, 11
  1324 000029C0 75F1                <1>     jne .wcScan
  1325                              <1> .ynmsg:
  1326 000029C2 488D153EDAFFFF      <1>     lea rdx, ynMes
  1327 000029C9 E83A190000          <1>     call printString
  1328 000029CE B800010000          <1>     mov eax, 0100h
  1329 000029D3 CD21                <1>     int 21h         ;Get char w/o echo to al
  1330 000029D5 88C2                <1>     mov dl, al
  1331 000029D7 B823650000          <1>     mov eax, 6523h  ;Get Y/N char
  1332 000029DC CD21                <1>     int 21h
  1333 000029DE 3D01000000          <1>     cmp eax, 1      ;Check against middle value (indicates Yes)
  1334                              <1>     retb            ;Return to cmd if they don't want it! (Returned 0)
    65                              <2> cret b
    19                              <3> %%_base:
    20                              <3> %assign baseVar %%_base-$$
    21                              <3>  %ifdef retOff
    22                              <3>  %if (baseVar - retOff <= 126) && (baseVar > retOff)
    23                              <3>  %ifdef currSegVBase
    24 000029E3 72(66)              <3>  j%+1 short (retOff+currSegVBase)
    25                              <3>  %else
    26                              <3>  j%+1 short retOff
    27                              <3>  %endif
    28                              <3>  %else
    29                              <3>  j%-1 short %%a
    30                              <3>  return
    31                              <3> %%a:
    32                              <3>  %endif
    33                              <3>  %else
    34                              <3>  j%-1 short %%a
    35                              <3>  return
    36                              <3> %%a:
    37                              <3>  %endif
  1335 000029E5 9C                  <1>     pushfq          ;Else save flags 
  1336 000029E6 E816190000          <1>     call printCRLF  ;Print a CRLF
  1337 000029EB 9D                  <1>     popfq
  1338 000029EC 75D4                <1>     jne short .ynmsg    ;If we were not 1, we were 2 so loop again
  1339                              <1> .findFile:
  1340                              <1> ;Now we find first/find next our way through the files
  1341 000029EE 488D15(70040000)    <1>     lea rdx, searchSpec    ;rdx points at searchSpec for findfirst/next
  1342 000029F5 31C9                <1>     xor ecx, ecx    ;Search for normal and ro files only
  1343 000029F7 B8004E0000          <1>     mov eax, 4E00h  ;Find first
  1344 000029FC CD21                <1>     int 21h
  1345 000029FE 0F829DF0FFFF        <1>     jc badFnf   ;Here we just print file not found error and return!
  1346                              <1> ;Now the file was found, we copy the name over, delete and keep going
  1347 00002A04 4889D7              <1>     mov rdi, rdx    ;Get in rdi the path to find last componant of...
  1348 00002A07 E8EF1B0000          <1>     call findLastPathComponant  ;... and point to it in rdi
  1349 00002A0C 4839D7              <1>     cmp rdi, rdx    ;If these are equal, no pathseps found
  1350 00002A0F 750C                <1>     jne .goDel
  1351 00002A11 807F013A            <1>     cmp byte [rdi + 1], ":" ;Is this a drive specifier?
  1352 00002A15 7506                <1>     jne .goDel
  1353 00002A17 48FFC7              <1>     inc rdi ;Move rdi past the drive specifier if a purely cd relative del
  1354 00002A1A 48FFC7              <1>     inc rdi
  1355                              <1> .goDel:
  1356 00002A1D 488D35(14010000)    <1>     lea rsi, qword [cmdFFBlock + ffBlock.asciizName]
  1357                              <1> .delNextFile:
  1358                              <1> ;Enter with:
  1359                              <1> ;   rsi -> asciiz name of file to delete
  1360                              <1> ;   rdi -> position in pathname to copy the filename to
  1361                              <1> ;   rdx -> pathname to delete
  1362                              <1> ;rsi, rdi and rdx dont move here.
  1363 00002A24 E8EC1A0000          <1>     call strcpy2    ;Now copy over ASCIIZname to last path componant
  1364 00002A29 B800410000          <1>     mov eax, 4100h  ;Delete File 
  1365 00002A2E CD21                <1>     int 21h         ;If this fails to delete it, ignore the failure
  1366 00002A30 B8004F0000          <1>     mov eax, 4F00h  ;Else, find next file
  1367 00002A35 CD21                <1>     int 21h
  1368 00002A37 73EB                <1>     jnc .delNextFile    
  1369 00002A39 F8                  <1>     clc ;Clear carry to indicate success
  1370                              <1>     return
    13                              <2> %%_ret:
    14 00002A3A C3                  <2>  ret
    15                              <2> %assign retOff %%_ret-$$
  1371                              <1> .noWildcard:
  1372                              <1> ;Here we just check that the file was not a directory. If it was, we add
  1373                              <1> ; a \*.*<NUL> over the null terminator
  1374 00002A3B 488D15(70040000)    <1>     lea rdx, searchSpec
  1375 00002A42 B910000000          <1>     mov ecx, dirDirectory    ;Search for normal, RO and dir
  1376 00002A47 B8004E0000          <1>     mov eax, 4E00h  ;Find first
  1377 00002A4C CD21                <1>     int 21h
  1378 00002A4E 0F824DF0FFFF        <1>     jc badFnf   ;Here we just print file not found error and return!
  1379 00002A54 F605(0B010000)10    <1>     test byte [cmdFFBlock + ffBlock.attribFnd], dirDirectory
  1380 00002A5B 741F                <1>     jz .delMain ;If not a dir, must be a file, delete it directly!
  1381                              <1>     ;Else, we are dealing with a dir
  1382 00002A5D 4889D7              <1>     mov rdi, rdx
  1383 00002A60 31C9                <1>     xor ecx, ecx
  1384 00002A62 FFC9                <1>     dec ecx
  1385 00002A64 F2AE                <1>     repne scasb ;Go to the end of the line!
  1386 00002A66 48FFCF              <1>     dec rdi
  1387 00002A69 0FB6059AD5FFFF      <1>     movzx eax, byte [pathSep]
  1388 00002A70 AA                  <1>     stosb
  1389 00002A71 B82A2E2A00          <1>     mov eax, "*.*"  ;Null terminated for us!
  1390 00002A76 AB                  <1>     stosd
  1391 00002A77 E946FFFFFF          <1>     jmp .ynmsg    ;Now prompt the y/n message and proceed as normal
  1392                              <1> .delMain:   ;Call with rdx -> buffer!
  1393 00002A7C B800410000          <1>     mov eax, 4100h  ;Delete File 
  1394 00002A81 CD21                <1>     int 21h
  1395                              <1>     retnc   ;Return if CF=NC
    61                              <2> cret nc
    19                              <3> %%_base:
    20                              <3> %assign baseVar %%_base-$$
    21                              <3>  %ifdef retOff
    22                              <3>  %if (baseVar - retOff <= 126) && (baseVar > retOff)
    23                              <3>  %ifdef currSegVBase
    24 00002A83 73(3A)              <3>  j%+1 short (retOff+currSegVBase)
    25                              <3>  %else
    26                              <3>  j%+1 short retOff
    27                              <3>  %endif
    28                              <3>  %else
    29                              <3>  j%-1 short %%a
    30                              <3>  return
    31                              <3> %%a:
    32                              <3>  %endif
    33                              <3>  %else
    34                              <3>  j%-1 short %%a
    35                              <3>  return
    36                              <3> %%a:
    37                              <3>  %endif
  1396 00002A85 3C05                <1>     cmp al, errAccDen
  1397 00002A87 0F84DEEFFFFF        <1>     je badAccError ;If the file is RO, fail!
  1398 00002A8D E9FDEFFFFF          <1>     jmp badFileError
  1399                              <1> 
  1400                              <1> date:
  1401 00002A92 498DB081000000      <1>     lea rsi, qword [r8 + cmdLine]
  1402 00002A99 E8A61A0000          <1>     call skipDelimiters
  1403 00002A9E 803E0D              <1>     cmp byte [rsi], CR  ;If nothing, get input
  1404 00002AA1 7563                <1>     jne .goDate  ;Else rsi is pointing to something possibly a date. Try it!
  1405                              <1> .init:
  1406                              <1>     ;Else, we do interactive mode!
  1407 00002AA3 488D15E0D8FFFF      <1>     lea rdx, curDate
  1408 00002AAA B409                <1>     mov ah, 09h
  1409 00002AAC CD21                <1>     int 21h
  1410 00002AAE E887190000          <1>     call printFmtDate
  1411                              <1> .noCur:
  1412 00002AB3 488D15E1D8FFFF      <1>     lea rdx, newDate
  1413 00002ABA B409                <1>     mov ah, 09h
  1414 00002ABC CD21                <1>     int 21h
  1415 00002ABE 488D15F5D8FFFF      <1>     lea rdx, ukDate
  1416 00002AC5 488D05E1D8FFFF      <1>     lea rax, usDate
  1417 00002ACC 488D1DF4D8FFFF      <1>     lea rbx, jpDate
  1418 00002AD3 803D(7D000000)01    <1>     cmp byte [ctryData + countryStruc.dtfmt], 1
  1419 00002ADA 480F47D3            <1>     cmova rdx, rbx
  1420 00002ADE 480F42D0            <1>     cmovb rdx, rax
  1421 00002AE2 B409                <1>     mov ah, 09h
  1422 00002AE4 CD21                <1>     int 21h
  1423                              <1> 
  1424 00002AE6 488D15(C3010000)    <1>     lea rdx, cLineBuffer  ;Make sure to use cLineBuffer to preserve F3
  1425 00002AED C60280              <1>     mov byte [rdx], inLen ;Enter a string of up to 128 chars in length
  1426 00002AF0 B40A                <1>     mov ah, 0Ah
  1427 00002AF2 CD21                <1>     int 21h
  1428 00002AF4 52                  <1>     push rdx
  1429 00002AF5 E807180000          <1>     call printCRLF
  1430 00002AFA 5A                  <1>     pop rdx
  1431 00002AFB 807A0100            <1>     cmp byte [rdx + 1], 0   ;If the user typed nothing...
  1432                              <1>     rete    ;Exit!
    49                              <2> cret e
    19                              <3> %%_base:
    20                              <3> %assign baseVar %%_base-$$
    21                              <3>  %ifdef retOff
    22                              <3>  %if (baseVar - retOff <= 126) && (baseVar > retOff)
    23                              <3>  %ifdef currSegVBase
    24                              <3>  j%+1 short (retOff+currSegVBase)
    25                              <3>  %else
    26                              <3>  j%+1 short retOff
    27                              <3>  %endif
    28                              <3>  %else
    29 00002AFF 7501                <3>  j%-1 short %%a
    30                              <3>  return
    13                              <4> %%_ret:
    14 00002B01 C3                  <4>  ret
    15                              <4> %assign retOff %%_ret-$$
    31                              <3> %%a:
    32                              <3>  %endif
    33                              <3>  %else
    34                              <3>  j%-1 short %%a
    35                              <3>  return
    36                              <3> %%a:
    37                              <3>  %endif
  1433                              <1>     ;No spaces anywhere, separator chars allowed are / . - only
  1434 00002B02 488D7202            <1>     lea rsi, qword [rdx + 2]    ;Go to the text portion
  1435                              <1> .goDate:
  1436 00002B06 31C0                <1>     xor eax, eax    
  1437 00002B08 803D(7D000000)01    <1>     cmp byte [ctryData + countryStruc.dtfmt], 1
  1438 00002B0F 727A                <1>     jb .us
  1439 00002B11 0F87B6000000        <1>     ja .jpn
  1440                              <1>     ;Here for UK style dates
  1441 00002B17 E8D51C0000          <1>     call getByte
  1442 00002B1C 725C                <1>     jc .badDate
  1443 00002B1E 8805(0F060000)      <1>     mov byte [td3], al  ;Store the day
  1444 00002B24 E80B010000          <1>     call .validSep
  1445 00002B29 754F                <1>     jne .badDate
  1446 00002B2B E8C11C0000          <1>     call getByte
  1447 00002B30 7248                <1>     jc .badDate
  1448 00002B32 8805(10060000)      <1>     mov byte [td4], al  ;Store month
  1449 00002B38 E8F7000000          <1>     call .validSep
  1450 00002B3D 753B                <1>     jne .badDate
  1451 00002B3F E8B91C0000          <1>     call getNum
  1452 00002B44 E8CE000000          <1>     call .doYear    ;Adjusts the year if necessary
  1453 00002B49 3D00000100          <1>     cmp eax, 10000h           ;If it is too large, fail!
  1454 00002B4E 732A                <1>     jae .badDate
  1455 00002B50 668905(0D060000)    <1>     mov word [td1], ax  ;Store the word directly
  1456                              <1> .writeDate:
  1457 00002B57 E8E8190000          <1>     call skipDelimiters
  1458 00002B5C 803E0D              <1>     cmp byte [rsi], CR  ;Must be terminated by a CR!!
  1459 00002B5F 7519                <1>     jne .badDate
  1460 00002B61 0FB70D(0D060000)    <1>     movzx ecx, word [td1]   ;Get the year
  1461 00002B68 668B15(0F060000)    <1>     mov dx, word [td3]      ;Read time and date together!
  1462 00002B6F B8002B0000          <1>     mov eax, 2B00h
  1463 00002B74 CD21                <1>     int 21h
  1464 00002B76 84C0                <1>     test al, al
  1465                              <1>     retz
    41                              <2> cret z
    19                              <3> %%_base:
    20                              <3> %assign baseVar %%_base-$$
    21                              <3>  %ifdef retOff
    22                              <3>  %if (baseVar - retOff <= 126) && (baseVar > retOff)
    23                              <3>  %ifdef currSegVBase
    24 00002B78 74(01)              <3>  j%+1 short (retOff+currSegVBase)
    25                              <3>  %else
    26                              <3>  j%+1 short retOff
    27                              <3>  %endif
    28                              <3>  %else
    29                              <3>  j%-1 short %%a
    30                              <3>  return
    31                              <3> %%a:
    32                              <3>  %endif
    33                              <3>  %else
    34                              <3>  j%-1 short %%a
    35                              <3>  return
    36                              <3> %%a:
    37                              <3>  %endif
  1466                              <1> .badDate:
  1467 00002B7A 488D15FAD7FFFF      <1>     lea rdx, badDate
  1468 00002B81 E882170000          <1>     call printString
  1469 00002B86 E928FFFFFF          <1>     jmp date.noCur
  1470                              <1> .us:
  1471 00002B8B E8611C0000          <1>     call getByte
  1472 00002B90 72E8                <1>     jc .badDate
  1473 00002B92 8805(10060000)      <1>     mov byte [td4], al  ;Store the month
  1474 00002B98 E897000000          <1>     call .validSep
  1475 00002B9D 75DB                <1>     jne .badDate
  1476 00002B9F E84D1C0000          <1>     call getByte
  1477 00002BA4 72D4                <1>     jc .badDate
  1478 00002BA6 8805(0F060000)      <1>     mov byte [td3], al  ;Store day
  1479 00002BAC E883000000          <1>     call .validSep
  1480 00002BB1 75C7                <1>     jne .badDate
  1481 00002BB3 E8451C0000          <1>     call getNum
  1482 00002BB8 E85A000000          <1>     call .doYear    ;Adjusts the year if necessary
  1483 00002BBD 3D00000100          <1>     cmp eax, 10000h           ;If it is too large, fail!
  1484 00002BC2 73B6                <1>     jae .badDate
  1485 00002BC4 668905(0D060000)    <1>     mov word [td1], ax  ;Store the word directly
  1486                              <1> .writeHop:
  1487 00002BCB EB8A                <1>     jmp short .writeDate
  1488                              <1> .jpn:
  1489 00002BCD E82B1C0000          <1>     call getNum
  1490 00002BD2 E840000000          <1>     call .doYear    ;Adjusts the year if necessary
  1491 00002BD7 3D00000100          <1>     cmp eax, 10000h           ;If it is too large, fail!
  1492 00002BDC 739C                <1>     jae .badDate
  1493 00002BDE 668905(0D060000)    <1>     mov word [td1], ax  ;Store the word directly
  1494 00002BE5 E84A000000          <1>     call .validSep
  1495 00002BEA 758E                <1>     jne .badDate
  1496 00002BEC E8001C0000          <1>     call getByte
  1497 00002BF1 7287                <1>     jc .badDate
  1498 00002BF3 8805(0F060000)      <1>     mov byte [td3], al  ;Store the day
  1499 00002BF9 E836000000          <1>     call .validSep
  1500 00002BFE 0F8576FFFFFF        <1>     jne .badDate
  1501 00002C04 E8E81B0000          <1>     call getByte
  1502 00002C09 0F826BFFFFFF        <1>     jc .badDate
  1503 00002C0F 8805(10060000)      <1>     mov byte [td4], al  ;Store month
  1504 00002C15 EBB4                <1>     jmp short .writeHop
  1505                              <1> .doYear:
  1506 00002C17 3D77000000          <1>     cmp eax, 119    ;If this is larger than 119, return assuming valid
  1507                              <1>     reta
    73                              <2> cret a
    19                              <3> %%_base:
    20                              <3> %assign baseVar %%_base-$$
    21                              <3>  %ifdef retOff
    22                              <3>  %if (baseVar - retOff <= 126) && (baseVar > retOff)
    23                              <3>  %ifdef currSegVBase
    24                              <3>  j%+1 short (retOff+currSegVBase)
    25                              <3>  %else
    26                              <3>  j%+1 short retOff
    27                              <3>  %endif
    28                              <3>  %else
    29 00002C1C 7601                <3>  j%-1 short %%a
    30                              <3>  return
    13                              <4> %%_ret:
    14 00002C1E C3                  <4>  ret
    15                              <4> %assign retOff %%_ret-$$
    31                              <3> %%a:
    32                              <3>  %endif
    33                              <3>  %else
    34                              <3>  j%-1 short %%a
    35                              <3>  return
    36                              <3> %%a:
    37                              <3>  %endif
  1508                              <1> ;If the user specifies 80-99 it means 1980-1999
  1509                              <1> ;If the user specifies 00-79 it means 2000-2079
  1510 00002C1F BBD0070000          <1>     mov ebx, 2000
  1511 00002C24 B96C070000          <1>     mov ecx, 1900
  1512 00002C29 3D50000000          <1>     cmp eax, 80     
  1513 00002C2E 0F42CB              <1>     cmovb ecx, ebx
  1514 00002C31 01C8                <1>     add eax, ecx
  1515                              <1>     return
    13                              <2> %%_ret:
    14 00002C33 C3                  <2>  ret
    15                              <2> %assign retOff %%_ret-$$
  1516                              <1> .validSep:
  1517 00002C34 AC                  <1>     lodsb           ;Get the char and return
  1518 00002C35 3C2E                <1>     cmp al, "."
  1519                              <1>     rete
    49                              <2> cret e
    19                              <3> %%_base:
    20                              <3> %assign baseVar %%_base-$$
    21                              <3>  %ifdef retOff
    22                              <3>  %if (baseVar - retOff <= 126) && (baseVar > retOff)
    23                              <3>  %ifdef currSegVBase
    24 00002C37 74(33)              <3>  j%+1 short (retOff+currSegVBase)
    25                              <3>  %else
    26                              <3>  j%+1 short retOff
    27                              <3>  %endif
    28                              <3>  %else
    29                              <3>  j%-1 short %%a
    30                              <3>  return
    31                              <3> %%a:
    32                              <3>  %endif
    33                              <3>  %else
    34                              <3>  j%-1 short %%a
    35                              <3>  return
    36                              <3> %%a:
    37                              <3>  %endif
  1520 00002C39 3C2F                <1>     cmp al, "/"
  1521                              <1>     rete
    49                              <2> cret e
    19                              <3> %%_base:
    20                              <3> %assign baseVar %%_base-$$
    21                              <3>  %ifdef retOff
    22                              <3>  %if (baseVar - retOff <= 126) && (baseVar > retOff)
    23                              <3>  %ifdef currSegVBase
    24 00002C3B 74(33)              <3>  j%+1 short (retOff+currSegVBase)
    25                              <3>  %else
    26                              <3>  j%+1 short retOff
    27                              <3>  %endif
    28                              <3>  %else
    29                              <3>  j%-1 short %%a
    30                              <3>  return
    31                              <3> %%a:
    32                              <3>  %endif
    33                              <3>  %else
    34                              <3>  j%-1 short %%a
    35                              <3>  return
    36                              <3> %%a:
    37                              <3>  %endif
  1522 00002C3D 3C2D                <1>     cmp al, "-"
  1523                              <1>     return
    13                              <2> %%_ret:
    14 00002C3F C3                  <2>  ret
    15                              <2> %assign retOff %%_ret-$$
  1524                              <1> 
  1525                              <1> time:
  1526 00002C40 498DB081000000      <1>     lea rsi, qword [r8 + cmdLine]
  1527 00002C47 E8F8180000          <1>     call skipDelimiters
  1528 00002C4C 803E0D              <1>     cmp byte [rsi], CR  ;If nothing, get input
  1529 00002C4F 7540                <1>     jne .goTime  ;Else rsi is pointing to something possibly a time. Try it!
  1530                              <1> .init:
  1531 00002C51 488D158BD7FFFF      <1>     lea rdx, curTime
  1532 00002C58 B409                <1>     mov ah, 09h
  1533 00002C5A CD21                <1>     int 21h
  1534 00002C5C E870170000          <1>     call printFmtTime
  1535                              <1> .noCur:
  1536 00002C61 488D158CD7FFFF      <1>     lea rdx, newTime
  1537 00002C68 B409                <1>     mov ah, 09h
  1538 00002C6A CD21                <1>     int 21h
  1539                              <1> 
  1540 00002C6C 488D15(C3010000)    <1>     lea rdx, cLineBuffer  ;Make sure to use cLineBuffer to preserve F3
  1541 00002C73 C60280              <1>     mov byte [rdx], inLen ;Enter a string of up to 128 chars in length
  1542 00002C76 B40A                <1>     mov ah, 0Ah
  1543 00002C78 CD21                <1>     int 21h
  1544 00002C7A 52                  <1>     push rdx
  1545 00002C7B 488D15ECD4FFFF      <1>     lea rdx, crlf
  1546 00002C82 B409                <1>     mov ah, 09h
  1547 00002C84 CD21                <1>     int 21h
  1548 00002C86 5A                  <1>     pop rdx
  1549 00002C87 807A0100            <1>     cmp byte [rdx + 1], 0   ;If the user typed nothing...
  1550                              <1>     rete    ;Exit!
    49                              <2> cret e
    19                              <3> %%_base:
    20                              <3> %assign baseVar %%_base-$$
    21                              <3>  %ifdef retOff
    22                              <3>  %if (baseVar - retOff <= 126) && (baseVar > retOff)
    23                              <3>  %ifdef currSegVBase
    24 00002C8B 74(3F)              <3>  j%+1 short (retOff+currSegVBase)
    25                              <3>  %else
    26                              <3>  j%+1 short retOff
    27                              <3>  %endif
    28                              <3>  %else
    29                              <3>  j%-1 short %%a
    30                              <3>  return
    31                              <3> %%a:
    32                              <3>  %endif
    33                              <3>  %else
    34                              <3>  j%-1 short %%a
    35                              <3>  return
    36                              <3> %%a:
    37                              <3>  %endif
  1551 00002C8D 488D7202            <1>     lea rsi, qword [rdx + 2]    ;Go to the text portion
  1552                              <1> .goTime:
  1553 00002C91 C705(0D060000)0000- <1>     mov dword [td1], 0          ;Set all fields to 0
  1553 00002C99 0000                <1>
  1554 00002C9B 31C0                <1>     xor eax, eax   
  1555 00002C9D E84F1B0000          <1>     call getByte
  1556 00002CA2 0F8294000000        <1>     jc .badTime         ;Get the number in eax
  1557 00002CA8 8805(0E060000)      <1>     mov byte [td2], al  ;Save hours
  1558 00002CAE E89A000000          <1>     call .validsep
  1559 00002CB3 0F8583000000        <1>     jne .badTime
  1560 00002CB9 E8331B0000          <1>     call getByte
  1561 00002CBE 727C                <1>     jc .badTime
  1562 00002CC0 8805(0D060000)      <1>     mov byte [td1], al  ;Save minutes
  1563 00002CC6 E882000000          <1>     call .validsep
  1564 00002CCB 740F                <1>     je .goSec
  1565 00002CCD 48FFCE              <1>     dec rsi ;Go back a char
  1566 00002CD0 E86F180000          <1>     call skipDelimiters ;Skip any delimiters
  1567 00002CD5 803E0D              <1>     cmp byte [rsi], CR
  1568 00002CD8 743E                <1>     je .setTime
  1569 00002CDA EB60                <1>     jmp short .badTime
  1570                              <1> .goSec:
  1571 00002CDC E878000000          <1>     call .checkNum
  1572 00002CE1 7259                <1>     jc .badTime
  1573 00002CE3 E8091B0000          <1>     call getByte
  1574 00002CE8 7252                <1>     jc .badTime
  1575 00002CEA 8805(10060000)      <1>     mov byte [td4], al  ;Save seconds
  1576 00002CF0 AC                  <1>     lodsb       ;Move rsi forwards
  1577 00002CF1 3C2E                <1>     cmp al, "." ;Now we dont allow for colon now, only dot!
  1578 00002CF3 740F                <1>     je .goMsec
  1579 00002CF5 48FFCE              <1>     dec rsi ;Go back a char
  1580 00002CF8 E847180000          <1>     call skipDelimiters ;Skip any delimiters
  1581 00002CFD 803E0D              <1>     cmp byte [rsi], CR
  1582 00002D00 7416                <1>     je .setTime
  1583 00002D02 EB38                <1>     jmp short .badTime
  1584                              <1> .goMsec:
  1585 00002D04 E850000000          <1>     call .checkNum
  1586 00002D09 7231                <1>     jc .badTime
  1587 00002D0B E8E11A0000          <1>     call getByte
  1588 00002D10 722A                <1>     jc .badTime
  1589 00002D12 8805(0F060000)      <1>     mov byte [td3], al  ;Save miliseconds
  1590                              <1> .setTime:
  1591 00002D18 E827180000          <1>     call skipDelimiters
  1592 00002D1D 803E0D              <1>     cmp byte [rsi], CR  ;Must be terminated by a CR!!
  1593 00002D20 751A                <1>     jne .badTime
  1594 00002D22 0FB70D(0D060000)    <1>     movzx ecx, word [td1]   ;Get hour/minutes
  1595 00002D29 0FB715(0F060000)    <1>     movzx edx, word [td3]   ;Get seconds/miliseconds
  1596 00002D30 B8002D0000          <1>     mov eax, 2D00h      ;Set time
  1597 00002D35 CD21                <1>     int 21h
  1598 00002D37 A8FF                <1>     test al, -1
  1599                              <1>     retz
    41                              <2> cret z
    19                              <3> %%_base:
    20                              <3> %assign baseVar %%_base-$$
    21                              <3>  %ifdef retOff
    22                              <3>  %if (baseVar - retOff <= 126) && (baseVar > retOff)
    23                              <3>  %ifdef currSegVBase
    24                              <3>  j%+1 short (retOff+currSegVBase)
    25                              <3>  %else
    26                              <3>  j%+1 short retOff
    27                              <3>  %endif
    28                              <3>  %else
    29 00002D39 7501                <3>  j%-1 short %%a
    30                              <3>  return
    13                              <4> %%_ret:
    14 00002D3B C3                  <4>  ret
    15                              <4> %assign retOff %%_ret-$$
    31                              <3> %%a:
    32                              <3>  %endif
    33                              <3>  %else
    34                              <3>  j%-1 short %%a
    35                              <3>  return
    36                              <3> %%a:
    37                              <3>  %endif
  1600                              <1> .badTime:
  1601 00002D3C 488D1591D6FFFF      <1>     lea rdx, badTime
  1602 00002D43 E8C0150000          <1>     call printString
  1603 00002D48 E914FFFFFF          <1>     jmp time.noCur
  1604                              <1> .validsep:
  1605 00002D4D AC                  <1>     lodsb
  1606 00002D4E 3A05(8A000000)      <1>     cmp al, byte [ctryData + countryStruc.timeSep]  ;Usually a colon
  1607                              <1>     rete
    49                              <2> cret e
    19                              <3> %%_base:
    20                              <3> %assign baseVar %%_base-$$
    21                              <3>  %ifdef retOff
    22                              <3>  %if (baseVar - retOff <= 126) && (baseVar > retOff)
    23                              <3>  %ifdef currSegVBase
    24 00002D54 74(3B)              <3>  j%+1 short (retOff+currSegVBase)
    25                              <3>  %else
    26                              <3>  j%+1 short retOff
    27                              <3>  %endif
    28                              <3>  %else
    29                              <3>  j%-1 short %%a
    30                              <3>  return
    31                              <3> %%a:
    32                              <3>  %endif
    33                              <3>  %else
    34                              <3>  j%-1 short %%a
    35                              <3>  return
    36                              <3> %%a:
    37                              <3>  %endif
  1608 00002D56 3C2E                <1>     cmp al, "."
  1609                              <1>     return
    13                              <2> %%_ret:
    14 00002D58 C3                  <2>  ret
    15                              <2> %assign retOff %%_ret-$$
  1610                              <1> .checkNum:
  1611 00002D59 AC                  <1>     lodsb   ;Now ensure the first char past the delim is a number
  1612 00002D5A 48FFCE              <1>     dec rsi
  1613 00002D5D 3C30                <1>     cmp al, "0"
  1614 00002D5F 7206                <1>     jb .cnbad
  1615 00002D61 3C39                <1>     cmp al, "9"
  1616 00002D63 7702                <1>     ja .cnbad
  1617 00002D65 F8                  <1>     clc
  1618                              <1>     return
    13                              <2> %%_ret:
    14 00002D66 C3                  <2>  ret
    15                              <2> %assign retOff %%_ret-$$
  1619                              <1> .cnbad:
  1620 00002D67 F9                  <1>     stc
  1621                              <1>     return
    13                              <2> %%_ret:
    14 00002D68 C3                  <2>  ret
    15                              <2> %assign retOff %%_ret-$$
  1622                              <1> ctty:
  1623 00002D69 F605DBD2FFFFFF      <1>     test byte [arg1Flg], -1
  1624 00002D70 0F8410EDFFFF        <1>     jz badArgError
  1625 00002D76 F605D1D2FFFFFF      <1>     test byte [arg2Flg], -1
  1626 00002D7D 0F8503EDFFFF        <1>     jnz badArgError
  1627 00002D83 498DB081000000      <1>     lea rsi, qword [r8 + cmdLine]
  1628 00002D8A 0FB605BBD2FFFF      <1>     movzx eax, byte [arg1Off]
  1629 00002D91 4801C6              <1>     add rsi, rax  ;Goto the first char of the argument
  1630 00002D94 807E013A            <1>     cmp byte [rsi + 1], ":" ;If a drive is specified, check if valid
  1631 00002D98 750F                <1>     jne .noDrive
  1632 00002D9A 0FB605ACD2FFFF      <1>     movzx eax, byte [arg1FCBret]
  1633 00002DA1 3CFF                <1>     cmp al, -1
  1634 00002DA3 0F84D4ECFFFF        <1>     je badDriveError
  1635                              <1> .noDrive:
  1636                              <1>     ;Now we open the provided file
  1637 00002DA9 E822190000          <1>     call copyArgumentToSearchSpec
  1638 00002DAE 488D15(70040000)    <1>     lea rdx, searchSpec
  1639                              <1> .loadSwap:
  1640 00002DB5 B8023D0000          <1>     mov eax, 3D02h  ;Open in read/write mode
  1641 00002DBA CD21                <1>     int 21h
  1642 00002DBC 0F82CDECFFFF        <1>     jc badFileError
  1643 00002DC2 0FB7D8              <1>     movzx ebx, ax   ;Save the handle in ebx
  1644 00002DC5 B800440000          <1>     mov eax, 4400h  ;Get device word
  1645 00002DCA CD21                <1>     int 21h
  1646 00002DCC F6C280              <1>     test dl, 80h    ;Test if this device is a char device
  1647 00002DCF 742F                <1>     jz .badCharDev  ;If this bit is 0 => Disk file
  1648                              <1>     ;Now we set this handle to be STDIO
  1649 00002DD1 80CA03              <1>     or dl, 3    ;Set STDIO bits
  1650 00002DD4 30F6                <1>     xor dh, dh
  1651 00002DD6 B801440000          <1>     mov eax, 4401h  ;Now we set the device word
  1652 00002DDB CD21                <1>     int 21h
  1653                              <1>     ;Now we DUP2 for STDIN/OUT/ERR
  1654 00002DDD 31C9                <1>     xor ecx, ecx    ;STDIN
  1655 00002DDF B800460000          <1>     mov eax, 4600h
  1656 00002DE4 CD21                <1>     int 21h
  1657 00002DE6 FFC1                <1>     inc ecx         ;STDOUT
  1658 00002DE8 B800460000          <1>     mov eax, 4600h
  1659 00002DED CD21                <1>     int 21h
  1660 00002DEF FFC1                <1>     inc ecx         ;STDERR
  1661 00002DF1 B800460000          <1>     mov eax, 4600h
  1662 00002DF6 CD21                <1>     int 21h
  1663 00002DF8 B8003E0000          <1>     mov eax, 3E00h ;Now we close the original handle
  1664 00002DFD CD21                <1>     int 21h
  1665                              <1>     return
    13                              <2> %%_ret:
    14 00002DFF C3                  <2>  ret
    15                              <2> %assign retOff %%_ret-$$
  1666                              <1> .badCharDev:
  1667 00002E00 488D15FED6FFFF      <1>     lea rdx, badDev
  1668 00002E07 B409                <1>     mov ah, 09h
  1669 00002E09 CD21                <1>     int 21h
  1670 00002E0B B43E                <1>     mov ah, 3Eh ;Close opened handle
  1671 00002E0D CD21                <1>     int 21h
  1672                              <1>     return
    13                              <2> %%_ret:
    14 00002E0F C3                  <2>  ret
    15                              <2> %assign retOff %%_ret-$$
  1673                              <1> 
  1674                              <1> cls:  
  1675                              <1> ;Start by checking multiplexer if ANSI.SYS is installed. If it is,
  1676                              <1> ; default to using it.
  1677                              <1> ;If not, check the device. If it supports Fast output (int 29h) AND 
  1678                              <1> ; within the first 1024 bytes of the int 29h vector is 
  1679                              <1> ; the instruction sequence:
  1680                              <1> ;  int 30h
  1681                              <1> ;  iretq
  1682                              <1> ; then we use int 30h directly.
  1683                              <1> ;Else, we default to an ANSI code that might not work.
  1684 00002E10 B8001A0000          <1>     mov eax, 1A00h  ;Check if ANSI.SYS is hooked in.
  1685 00002E15 CD2F                <1>     int 2Fh
  1686 00002E17 3CFF                <1>     cmp al, -1
  1687 00002E19 743D                <1>     je .doAnsi
  1688 00002E1B B800440000          <1>     mov eax, 4400h  ;Get device info
  1689 00002E20 BB01000000          <1>     mov ebx, 1      ;for handle 1
  1690 00002E25 CD21                <1>     int 21h         ;in dx
  1691 00002E27 F7C280000000        <1>     test edx, devCharDev
  1692 00002E2D 7429                <1>     jz .doAnsi  ;Make files register an ansi cls sequence
  1693 00002E2F F7C210000000        <1>     test edx, devCharFastOut
  1694 00002E35 7421                <1>     jz .doAnsi
  1695                              <1>     ;Test if Int 29h uses Int 30h
  1696                              <1>     ;Tests if within the first 1024 bytes we have the sequence Int 30h (30CD)
  1697                              <1>     ;Int 29h MUST be terminated with a IRETQ, within 1024 bytes
  1698 00002E37 B829350000          <1>     mov eax, 3529h  ;Get the vector for interrupt 29h
  1699 00002E3C CD21                <1>     int 21h
  1700 00002E3E B900040000          <1>     mov ecx, 1024   ;Check in a 1024 byte window for a Int 30h call
  1701                              <1> .biosCheck:
  1702 00002E43 66813BCD30          <1>     cmp word [rbx], 30CDh
  1703 00002E48 7426                <1>     je .biosConfirmed
  1704 00002E4A 66813B48CF          <1>     cmp word [rbx], 0CF48h   ;CFh = IRET, 48h=REX.W
  1705 00002E4F 7407                <1>     je .doAnsi      ;If we hit an IRETQ, assume not BIOS
  1706 00002E51 48FFC3              <1>     inc rbx         ;Else, go to next byte for checking
  1707 00002E54 FFC9                <1>     dec ecx
  1708 00002E56 75EB                <1>     jnz .biosCheck
  1709                              <1> .doAnsi:
  1710                              <1> ;4 chars in the ansi routine
  1711                              <1> ;Will just put the ANSI escape sequence on the screen if it doesn't 
  1712                              <1> ; understand ANSI codes
  1713 00002E58 488D3557D9FFFF      <1>     lea rsi, ansiCls
  1714 00002E5F B904000000          <1>     mov ecx, 4
  1715 00002E64 B406                <1>     mov ah, 06h ;Raw char output
  1716                              <1> .ansiLp:
  1717 00002E66 AC                  <1>     lodsb   ;Get the char in 
  1718 00002E67 88C2                <1>     mov dl, al
  1719 00002E69 CD21                <1>     int 21h
  1720 00002E6B FFC9                <1>     dec ecx
  1721 00002E6D 75F7                <1>     jnz .ansiLp
  1722                              <1>     return
    13                              <2> %%_ret:
    14 00002E6F C3                  <2>  ret
    15                              <2> %assign retOff %%_ret-$$
  1723                              <1> .biosConfirmed:
  1724                              <1>     ;Supports a SCP/BIOS compatible routine, use BIOS   
  1725 00002E70 B40B                <1>     mov ah, 0Bh  ; Set overscan to black (when Graphics becomes supported)
  1726 00002E72 31DB                <1>     xor ebx, ebx
  1727 00002E74 CD30                <1>     int 30h
  1728 00002E76 B40F                <1>     mov ah, 0Fh ;Get screen mode
  1729 00002E78 CD30                <1>     int 30h
  1730 00002E7A 53                  <1>     push rbx
  1731 00002E7B 0FB6D4              <1>     movzx edx, ah   ;Get number of columns in dl
  1732 00002E7E FECA                <1>     dec dl
  1733 00002E80 B619                <1>     mov dh, 25  ;Number of rows is standard
  1734 00002E82 31C0                <1>     xor eax, eax
  1735 00002E84 89C1                <1>     mov ecx, eax
  1736 00002E86 B707                <1>     mov bh, 7   ;Screen attributes
  1737 00002E88 B406                <1>     mov ah, 6   ;Scroll
  1738 00002E8A CD30                <1>     int 30h
  1739 00002E8C 31D2                <1>     xor edx, edx    ;Set cursor coordinates to top left of screen
  1740 00002E8E 5B                  <1>     pop rbx
  1741 00002E8F B402                <1>     mov ah, 2
  1742 00002E91 CD30                <1>     int 30h
  1743                              <1>     return
    13                              <2> %%_ret:
    14 00002E93 C3                  <2>  ret
    15                              <2> %assign retOff %%_ret-$$
  1744                              <1> 
  1745                              <1> break:
  1746 00002E94 F605B0D1FFFFFF      <1>     test byte [arg1Flg], -1
  1747 00002E9B 752D                <1>     jnz .argumentProvided
  1748                              <1>     ;Here we just get the status of break
  1749 00002E9D B800330000          <1>     mov eax, 3300h  ;Get break status in dl
  1750 00002EA2 CD21                <1>     int 21h
  1751 00002EA4 88D3                <1>     mov bl, dl
  1752 00002EA6 488D1505D7FFFF      <1>     lea rdx, breakIs
  1753 00002EAD B409                <1>     mov ah, 09h
  1754 00002EAF CD21                <1>     int 21h
  1755 00002EB1 488D15F2D6FFFF      <1>     lea rdx, onMes
  1756 00002EB8 488D0DE1D6FFFF      <1>     lea rcx, offMes
  1757 00002EBF 84DB                <1>     test bl, bl ;IF bl = 0, break is off
  1758 00002EC1 480F44D1            <1>     cmovz rdx, rcx
  1759 00002EC5 B409                <1>     mov ah, 09h
  1760 00002EC7 CD21                <1>     int 21h
  1761                              <1>     return
    13                              <2> %%_ret:
    14 00002EC9 C3                  <2>  ret
    15                              <2> %assign retOff %%_ret-$$
  1762                              <1> .argumentProvided:
  1763 00002ECA 498D705D            <1>     lea rsi, qword [r8 + fcb1 + fcb.filename]  ;Point to the first fcb name
  1764 00002ECE AD                  <1>     lodsd   ;Read the word
  1765 00002ECF 89C3                <1>     mov ebx, eax
  1766 00002ED1 25DFDF0000          <1>     and eax, 0DFDFh  ;Convert first two chars to uppercase
  1767 00002ED6 C1EB10              <1>     shr ebx, 10h     ;Get high word low
  1768 00002ED9 6681FB2020          <1>     cmp bx, "  " ;Two spaces is a possible ON 
  1769 00002EDE 7416                <1>     je .maybeOn
  1770 00002EE0 663D4F46            <1>     cmp ax, "OF"
  1771 00002EE4 7523                <1>     jne .badOnOff
  1772 00002EE6 6681E3DFFF          <1>     and bx, 0FFDFh ;Convert only the third char to UC. Fourth char MUST BE SPACE
  1773 00002EEB 6681FB4620          <1>     cmp bx, "F "
  1774 00002EF0 7517                <1>     jne .badOnOff
  1775                              <1>     ;Set off
  1776 00002EF2 31D2                <1>     xor edx, edx    ;DL=0 => BREAK is off
  1777 00002EF4 EB0B                <1>     jmp short .setBreak
  1778                              <1> .maybeOn:
  1779 00002EF6 663D4F4E            <1>     cmp ax, "ON"
  1780 00002EFA 750D                <1>     jne .badOnOff
  1781                              <1>     ;Set on
  1782 00002EFC BA01000000          <1>     mov edx, 1
  1783                              <1> .setBreak:
  1784 00002F01 B801330000          <1>     mov eax, 3301h  ;Set break
  1785 00002F06 CD21                <1>     int 21h
  1786                              <1>     return
    13                              <2> %%_ret:
    14 00002F08 C3                  <2>  ret
    15                              <2> %assign retOff %%_ret-$$
  1787                              <1> .badOnOff:
  1788 00002F09 488D15AFD8FFFF      <1>     lea rdx, badOnOff
  1789 00002F10 B409                <1>     mov ah, 09h
  1790 00002F12 CD21                <1>     int 21h
  1791                              <1>     return
    13                              <2> %%_ret:
    14 00002F14 C3                  <2>  ret
    15                              <2> %assign retOff %%_ret-$$
  1792                              <1> 
  1793                              <1> verify:
  1794 00002F15 F6052FD1FFFFFF      <1>     test byte [arg1Flg], -1
  1795 00002F1C 752D                <1>     jnz .argumentProvided
  1796                              <1>     ;Here we just get the status of break
  1797 00002F1E B800540000          <1>     mov eax, 5400h  ;Get verify status in al
  1798 00002F23 CD21                <1>     int 21h
  1799 00002F25 88C3                <1>     mov bl, al
  1800 00002F27 488D158ED6FFFF      <1>     lea rdx, verifyIs
  1801 00002F2E B409                <1>     mov ah, 09h
  1802 00002F30 CD21                <1>     int 21h
  1803 00002F32 488D1571D6FFFF      <1>     lea rdx, onMes
  1804 00002F39 488D0D60D6FFFF      <1>     lea rcx, offMes
  1805 00002F40 84DB                <1>     test bl, bl ;IF bl = 0, break is off
  1806 00002F42 480F44D1            <1>     cmovz rdx, rcx
  1807 00002F46 B409                <1>     mov ah, 09h
  1808 00002F48 CD21                <1>     int 21h
  1809                              <1>     return
    13                              <2> %%_ret:
    14 00002F4A C3                  <2>  ret
    15                              <2> %assign retOff %%_ret-$$
  1810                              <1> .argumentProvided:
  1811 00002F4B 498D705D            <1>     lea rsi, qword [r8 + fcb1 + fcb.filename]  ;Point to the first fcb name
  1812 00002F4F AD                  <1>     lodsd   ;Read the word
  1813 00002F50 89C3                <1>     mov ebx, eax
  1814 00002F52 25DFDF0000          <1>     and eax, 0DFDFh  ;Convert first two chars to uppercase
  1815 00002F57 C1EB10              <1>     shr ebx, 10h     ;Get high word low
  1816 00002F5A 6681FB2020          <1>     cmp bx, "  " ;Two spaces is a possible ON 
  1817 00002F5F 7416                <1>     je .maybeOn
  1818 00002F61 663D4F46            <1>     cmp ax, "OF"
  1819 00002F65 751F                <1>     jne .badOnOff
  1820 00002F67 6681E3DFFF          <1>     and bx, 0FFDFh ;Convert only the third char to UC. Fourth char MUST BE SPACE
  1821 00002F6C 6681FB4620          <1>     cmp bx, "F "
  1822 00002F71 7513                <1>     jne .badOnOff
  1823                              <1>     ;Set off
  1824 00002F73 31C0                <1>     xor eax, eax    ;AL=0 => VERIFY is off
  1825 00002F75 EB0A                <1>     jmp short .setVerify
  1826                              <1> .maybeOn:
  1827 00002F77 663D4F4E            <1>     cmp ax, "ON"
  1828 00002F7B 7509                <1>     jne .badOnOff
  1829                              <1>     ;Set on
  1830 00002F7D 31C0                <1>     xor eax, eax
  1831 00002F7F FFC0                <1>     inc eax ;AL=1 => VERIFY is on
  1832                              <1> .setVerify:
  1833 00002F81 B42E                <1>     mov ah, 2Eh  ;Set Verify
  1834 00002F83 CD21                <1>     int 21h
  1835                              <1>     return
    13                              <2> %%_ret:
    14 00002F85 C3                  <2>  ret
    15                              <2> %assign retOff %%_ret-$$
  1836                              <1> .badOnOff:
  1837 00002F86 488D1532D8FFFF      <1>     lea rdx, badOnOff
  1838 00002F8D B409                <1>     mov ah, 09h
  1839 00002F8F CD21                <1>     int 21h
  1840                              <1>     return
    13                              <2> %%_ret:
    14 00002F91 C3                  <2>  ret
    15                              <2> %assign retOff %%_ret-$$
  1841                              <1> 
  1842                              <1> rename:
  1843 00002F92 F605B2D0FFFFFF      <1>     test byte [arg1Flg], -1
  1844 00002F99 0F84E7EAFFFF        <1>     jz badArgError
  1845 00002F9F F605A8D0FFFFFF      <1>     test byte [arg2Flg], -1
  1846 00002FA6 0F84DAEAFFFF        <1>     jz badArgError    
  1847                              <1>     ;Initialise the variables!
  1848 00002FAC 488D35(11060000)    <1>     lea rsi, srcSpec
  1849 00002FB3 488935(15070000)    <1>     mov qword [srcPtr], rsi
  1850 00002FBA 488D35(93060000)    <1>     lea rsi, destSpec
  1851 00002FC1 488935(1D070000)    <1>     mov qword [destPtr], rsi
  1852                              <1>     ;Check the second path is just a filename!
  1853 00002FC8 0FB60580D0FFFF      <1>     movzx eax, byte [arg2Off]
  1854 00002FCF 498DB081000000      <1>     lea rsi, qword [r8 + cmdLine]
  1855 00002FD6 4801C6              <1>     add rsi, rax    ;Point to the path componant
  1856 00002FD9 488D3D(70040000)    <1>     lea rdi, searchSpec
  1857 00002FE0 57                  <1>     push rdi
  1858 00002FE1 E88F160000          <1>     call cpDelimPathToBufz  ;Copy the path to rdi
  1859 00002FE6 5F                  <1>     pop rdi
  1860 00002FE7 807F013A            <1>     cmp byte [rdi + 1], ":"  ;Is this a drive sep?
  1861 00002FEB 0F8495EAFFFF        <1>     je badArgError  ;Cannot pass a path as the second argument
  1862                              <1> ;Check if a drive specifier has been given
  1863 00002FF1 0FB60554D0FFFF      <1>     movzx eax, byte [arg1Off]
  1864 00002FF8 498DB081000000      <1>     lea rsi, qword [r8 + cmdLine]
  1865 00002FFF 4801C6              <1>     add rsi, rax    ;Point to the path componant
  1866 00003002 66AD                <1>     lodsw   ;Get the first two chars
  1867 00003004 80FC3A              <1>     cmp ah, ":" ;If not, current drive
  1868 00003007 752A                <1>     jne .curDrvSrc
  1869                              <1> ;Else, copy over the drive letter from the source path, if one exists!
  1870 00003009 488B35(15070000)    <1>     mov rsi, qword [srcPtr]
  1871 00003010 668906              <1>     mov word [rsi], ax
  1872 00003013 488105(15070000)02- <1>     add qword [srcPtr], 2   
  1872 0000301B 000000              <1>
  1873 0000301E 488B35(1D070000)    <1>     mov rsi, qword [destPtr]
  1874 00003025 668906              <1>     mov word [rsi], ax
  1875 00003028 488105(1D070000)02- <1>     add qword [destPtr], 2  ;Advance the pointer, to copy to after this ptr
  1875 00003030 000000              <1>
  1876                              <1> .curDrvSrc:
  1877 00003033 4889FE              <1>     mov rsi, rdi
  1878                              <1> .destScan:
  1879 00003036 AC                  <1>     lodsb   ;Get the char
  1880 00003037 3A05CDCFFFFF        <1>     cmp al, byte [pathSep]  ;Ensure no path seps
  1881 0000303D 0F8443EAFFFF        <1>     je badArgError
  1882 00003043 84C0                <1>     test al, al
  1883 00003045 75EF                <1>     jnz .destScan
  1884                              <1> ;Now store question marks over all of fcb1 and fcb2's name and drive specifier
  1885 00003047 498D785C            <1>     lea rdi, qword [r8 + fcb1]  ;Use FCB1 for searchpath res
  1886 0000304B 48B83F3F3F3F3F3F3F- <1>     mov rax, "????????"
  1886 00003054 3F                  <1>
  1887 00003055 B903000000          <1>     mov ecx, 3  ;24 bytes
  1888 0000305A F348AB              <1>     rep stosq
  1889 0000305D AB                  <1>     stosd   ;Plus 4 to get 28 = 16 + 1 + 11
  1890 0000305E 488D35(70040000)    <1>     lea rsi, searchSpec
  1891 00003065 498D786C            <1>     lea rdi, qword [r8 + fcb2]  ;Place destination pattern here
  1892 00003069 B80D290000          <1>     mov eax, 290Dh
  1893 0000306E CD21                <1>     int 21h     
  1894 00003070 50                  <1>     push rax    ;Save the WC signature
  1895 00003071 E842160000          <1>     call buildCommandPath   ;Copy the source path+searchspec to searchSpec
  1896 00003076 488D3D(70040000)    <1>     lea rdi, searchSpec
  1897 0000307D E879150000          <1>     call findLastPathComponant  ;Go to the end of the path in rdi
  1898 00003082 4889FE              <1>     mov rsi, rdi
  1899 00003085 4889FB              <1>     mov rbx, rdi    ;Save the componant in rbx
  1900 00003088 498D785C            <1>     lea rdi, qword [r8 + fcb1]  ;Now copy source pattern over!
  1901 0000308C B80D290000          <1>     mov eax, 290Dh
  1902 00003091 CD21                <1>     int 21h
  1903 00003093 59                  <1>     pop rcx ;Get back the WC signature from the destination path!
  1904 00003094 88CC                <1>     mov ah, cl
  1905 00003096 6685C0              <1>     test ax, ax ;If neither path has wildcards, go straight to renaming
  1906 00003099 0F84E6000000        <1>     jz .noWC
  1907 0000309F 3CFF                <1>     cmp al, -1  ;Is the source drive bad?
  1908 000030A1 0F84DFE9FFFF        <1>     je badArgError
  1909 000030A7 488D35(70040000)    <1>     lea rsi, searchSpec ;Are we are the head of the buffer?
  1910                              <1>     ;Now we check if we have a path to actually handle
  1911 000030AE 4839F3              <1>     cmp rbx, rsi
  1912 000030B1 7444                <1>     je .noPath
  1913 000030B3 C643FF00            <1>     mov byte [rbx - 1], 0   ;The previous char is a pathsep, overwrite it!
  1914 000030B7 488D35(70040000)    <1>     lea rsi, searchSpec
  1915 000030BE 488B3D(11060000)    <1>     mov rdi, qword [srcSpec]
  1916 000030C5 56                  <1>     push rsi
  1917 000030C6 E83B140000          <1>     call strcpy ;Copy the string, leave the ptrs past the null
  1918 000030CB 5E                  <1>     pop rsi
  1919 000030CC 48FFCF              <1>     dec rdi     ;Point rdi to the null
  1920 000030CF 8A0535CFFFFF        <1>     mov al, byte [pathSep]
  1921 000030D5 AA                  <1>     stosb       ;Store the pathsep and advance the pointer
  1922 000030D6 48893D(15070000)    <1>     mov qword [srcPtr], rdi ;Store this ptr here
  1923 000030DD 488B3D(1D070000)    <1>     mov rdi, qword [destPtr]    ;Get the ptr (if it was advanced)
  1924 000030E4 E81D140000          <1>     call strcpy ;Copy the string, leave the ptrs past the null
  1925 000030E9 48FFCF              <1>     dec rdi     ;Point rdi to the null
  1926 000030EC AA                  <1>     stosb       ;Store the pathsep and adv the ptr
  1927 000030ED 48893D(1D070000)    <1>     mov qword [destPtr], rdi
  1928 000030F4 8843FF              <1>     mov byte [rbx - 1], al  ;Now replace the null with a pathsep again!
  1929                              <1> .noPath:
  1930                              <1>     ;Now we have where to copy the files to, we can start our work!
  1931 000030F7 488D15(70040000)    <1>     lea rdx, searchSpec
  1932 000030FE 31C9                <1>     xor ecx, ecx    ;Rename works on normal and read only files only!
  1933 00003100 B8004E0000          <1>     mov eax, 4E00h  ;Find first!
  1934 00003105 CD21                <1>     int 21h
  1935 00003107 0F828BE9FFFF        <1>     jc badDupFnf    ;If no file was found!
  1936                              <1> .wcLoop:
  1937                              <1>     ;Now build an FCB form of the name of the file we found in fcb1
  1938 0000310D 488D35(14010000)    <1>     lea rsi, cmdFFBlock + ffBlock.asciizName
  1939 00003114 498D785C            <1>     lea rdi, qword [r8 + fcb1]
  1940 00003118 B801290000          <1>     mov eax, 2901h  ;Now we copy the name over, cleaning the FCB name
  1941 0000311D CD21                <1>     int 21h 
  1942                              <1>     ;Now depending on source and dest chars, we build a filename in renName
  1943 0000311F 498D706D            <1>     lea rsi, qword [r8 + fcb2 + fcb.filename]    
  1944 00003123 488D3D(25070000)    <1>     lea rdi, renName    ;Start by copying the destination pattern
  1945 0000312A 57                  <1>     push rdi
  1946 0000312B 48A5                <1>     movsq
  1947 0000312D 66A5                <1>     movsw
  1948 0000312F A4                  <1>     movsb
  1949 00003130 5F                  <1>     pop rdi
  1950 00003131 498D705D            <1>     lea rsi, qword [r8 + fcb1 + fcb.filename] ;Now start sourcing chars!
  1951 00003135 B90B000000          <1>     mov ecx, 11 ;11 chars to copy!
  1952                              <1> .wcNameMake:
  1953 0000313A AC                  <1>     lodsb   ;Get the char from the source string
  1954 0000313B 803F3F              <1>     cmp byte [rdi], "?" ;Are we over a WC?
  1955 0000313E 7502                <1>     jne .noStore    ;Dont store the char there
  1956 00003140 8807                <1>     mov byte [rdi], al  ;If we are over a wc, store the char there!
  1957                              <1> .noStore:
  1958 00003142 48FFC7              <1>     inc rdi ;Goto next char position
  1959 00003145 FFC9                <1>     dec ecx
  1960 00003147 75F1                <1>     jnz .wcNameMake
  1961                              <1> ;renName now has the FCB name for the file we wish to make!
  1962                              <1> ;Now make the two paths!
  1963 00003149 488D35(14010000)    <1>     lea rsi, cmdFFBlock + ffBlock.asciizName
  1964 00003150 488B3D(15070000)    <1>     mov rdi, qword [srcPtr]
  1965 00003157 E8AA130000          <1>     call strcpy ;Doesn't matter that we preserve the pointers
  1966 0000315C 488D35(25070000)    <1>     lea rsi, renName
  1967 00003163 488B3D(1D070000)    <1>     mov rdi, qword [destPtr]
  1968 0000316A E8B0140000          <1>     call FCBToAsciiz
  1969 0000316F 488D15(11060000)    <1>     lea rdx, srcSpec
  1970 00003176 E83F000000          <1>     call .ren   ;Fail silently on wildcard rename
  1971 0000317B B8004F0000          <1>     mov eax, 4F00h  ;Find next
  1972 00003180 CD21                <1>     int 21h
  1973 00003182 7389                <1>     jnc .wcLoop     ;And process it too!
  1974                              <1>     return          ;Else just return!
    13                              <2> %%_ret:
    14 00003184 C3                  <2>  ret
    15                              <2> %assign retOff %%_ret-$$
  1975                              <1> .noWC:
  1976 00003185 E82E150000          <1>     call buildCommandPath   ;Copy the source arg into searchspec
  1977 0000318A 0FB605BECEFFFF      <1>     movzx eax, byte [arg2Off]
  1978 00003191 498DB081000000      <1>     lea rsi, qword [r8 + cmdLine]
  1979 00003198 4801C6              <1>     add rsi, rax    ;Go to the start of the command to source chars
  1980 0000319B 488B3D(1D070000)    <1>     mov rdi, qword [destPtr]    
  1981 000031A2 E8CE140000          <1>     call cpDelimPathToBufz
  1982 000031A7 488D15(70040000)    <1>     lea rdx, searchSpec
  1983 000031AE E807000000          <1>     call .ren
  1984                              <1>     retnc   ;Return if all oki!
    61                              <2> cret nc
    19                              <3> %%_base:
    20                              <3> %assign baseVar %%_base-$$
    21                              <3>  %ifdef retOff
    22                              <3>  %if (baseVar - retOff <= 126) && (baseVar > retOff)
    23                              <3>  %ifdef currSegVBase
    24 000031B3 73(84)              <3>  j%+1 short (retOff+currSegVBase)
    25                              <3>  %else
    26                              <3>  j%+1 short retOff
    27                              <3>  %endif
    28                              <3>  %else
    29                              <3>  j%-1 short %%a
    30                              <3>  return
    31                              <3> %%a:
    32                              <3>  %endif
    33                              <3>  %else
    34                              <3>  j%-1 short %%a
    35                              <3>  return
    36                              <3> %%a:
    37                              <3>  %endif
  1985 000031B5 E9DEE8FFFF          <1>     jmp badDupFnf   ;Always just return this
  1986                              <1> .ren:
  1987 000031BA 488D3D(93060000)    <1>     lea rdi, destSpec
  1988 000031C1 B800560000          <1>     mov eax, 5600h
  1989 000031C6 CD21                <1>     int 21h
  1990                              <1>     return
    13                              <2> %%_ret:
    14 000031C8 C3                  <2>  ret
    15                              <2> %assign retOff %%_ret-$$
  1991                              <1> 
  1992                              <1> truename:
  1993 000031C9 F6057BCEFFFFFF      <1>     test byte [arg1Flg], -1
  1994 000031D0 0F84B0E8FFFF        <1>     jz badArgError
  1995 000031D6 E8DD140000          <1>     call buildCommandPath   ;Get the first argument into the searchSpec
  1996 000031DB 8B05(70040000)      <1>     mov eax, dword [searchSpec]
  1997 000031E1 C1E808              <1>     shr eax, 8  ;Drop the first char 
  1998 000031E4 3C3A                <1>     cmp al, ":" ;If its not a drive letter, go search
  1999 000031E6 7523                <1>     jne .goSearch
  2000 000031E8 C1E808              <1>     shr eax, 8  ;Drop the colon too
  2001 000031EB 84C0                <1>     test al, al
  2002 000031ED 740D                <1>     jz .kludge
  2003 000031EF 3A0515CEFFFF        <1>     cmp al, byte [pathSep]  ;Was path at least X:\ ?
  2004 000031F5 7514                <1>     jne .goSearch
  2005 000031F7 C1E808              <1>     shr eax, 8  ;Was the path exactly X:\<NUL>?
  2006 000031FA 750F                <1>     jnz .goSearch
  2007                              <1> .kludge:
  2008 000031FC 0FB60507CEFFFF      <1>     movzx eax, byte [pathSep]
  2009 00003203 B42E                <1>     mov ah, "." ;Add the dot to the second byte
  2010 00003205 8905(72040000)      <1>     mov dword [searchSpec + 2], eax ;Add the pathsep, CD dot and null terminator here too
  2011                              <1> .goSearch:
  2012 0000320B 488D35(70040000)    <1>     lea rsi, searchSpec     ;Store the path here
  2013 00003212 4889F7              <1>     mov rdi, rsi    ;Normalise the pathspec here
  2014 00003215 B800600000          <1>     mov eax, 6000h  ;TRUENAME
  2015 0000321A CD21                <1>     int 21h
  2016 0000321C 730D                <1>     jnc .writePath
  2017 0000321E 3C02                <1>     cmp al, errFnf
  2018 00003220 0F8469E8FFFF        <1>     je badFileError
  2019 00003226 E949E8FFFF          <1>     jmp badParamError
  2020                              <1> .writePath:
  2021 0000322B E8D1100000          <1>     call printCRLF
  2022 00003230 4889FA              <1>     mov rdx, rdi    ;Print from the destination buffer
  2023 00003233 B9FFFFFFFF          <1>     mov ecx, -1
  2024 00003238 30C0                <1>     xor al, al
  2025 0000323A F2AE                <1>     repne scasb     ;Get the new len
  2026 0000323C F7D1                <1>     not ecx         ;Invert bits and subtract by 1 (to drop trailing 0)
  2027 0000323E FFC9                <1>     dec ecx
  2028 00003240 BB01000000          <1>     mov ebx, 01
  2029 00003245 B440                <1>     mov ah, 40h
  2030 00003247 CD21                <1>     int 21h
  2031 00003249 E8B3100000          <1>     call printCRLF
  2032                              <1>     return
    13                              <2> %%_ret:
    14 0000324E C3                  <2>  ret
    15                              <2> %assign retOff %%_ret-$$
  2033                              <1> 
  2034                              <1> volume:
  2035                              <1> ;Only one argument. VOL X: (you can have more trash after the colon)
  2036 0000324F F605F8CDFFFFFF      <1>     test byte [arg2Flg], -1
  2037 00003256 0F852AE8FFFF        <1>     jnz badArgError
  2038 0000325C F605E8CDFFFFFF      <1>     test byte [arg1Flg], -1
  2039 00003263 7507                <1>     jnz .notCurrentDrive
  2040 00003265 E897120000          <1>     call getCurrentDrive    ;Get 0-based current drive number in al
  2041 0000326A EB31                <1>     jmp short .dirEP
  2042                              <1> .notCurrentDrive:
  2043 0000326C E847140000          <1>     call buildCommandPath   ;Get the first argument into the searchSpec
  2044 00003271 488D35(70040000)    <1>     lea rsi, searchSpec
  2045 00003278 E8C7120000          <1>     call skipDelimiters     ;Move rsi to the first char of the command
  2046 0000327D 66AD                <1>     lodsw                   ;Get this word
  2047 0000327F 80FC3A              <1>     cmp ah, ":"             ;If this is not a colon, not a drive, error
  2048 00003282 0F85FEE7FFFF        <1>     jne badArgError
  2049 00003288 8A05BFCDFFFF        <1>     mov al, byte [arg1FCBret]   ;Get the response from the parse
  2050 0000328E A8FF                <1>     test al, -1
  2051 00003290 0F85E7E7FFFF        <1>     jnz badDriveError ;Can't have either wildcards nor be invalid (obviously)
  2052 00003296 410FB6405C          <1>     movzx eax, byte [r8 + fcb1 + fcb.driveNum] ;Get the 1-based drive number
  2053 0000329B FFC8                <1>     dec eax ;Convert to 0 based number
  2054                              <1> .dirEP: ;Must be called with VALID 0 based drive number in al  
  2055 0000329D 488D156CCDFFFF      <1>     lea rdx, volFcb
  2056 000032A4 FFC0                <1>     inc eax ;Get 1 based drive number
  2057 000032A6 89C3                <1>     mov ebx, eax    ;Save the drive number in ebx
  2058 000032A8 884207              <1>     mov byte [rdx + exFcb.driveNum], al ;Store drive number we are 
  2059 000032AB B800110000          <1>     mov eax, 1100h ;Find first FCB
  2060 000032B0 CD21                <1>     int 21h
  2061 000032B2 50                  <1>     push rax
  2062                              <1>     ;Print the label intro spiel, using the given (valid) drive number
  2063 000032B3 488D15B4CEFFFF      <1>     lea rdx, crlf
  2064 000032BA B409                <1>     mov ah, 09h
  2065 000032BC CD21                <1>     int 21h
  2066 000032BE 488D1569D1FFFF      <1>     lea rdx, volMes
  2067 000032C5 B409                <1>     mov ah, 09h
  2068 000032C7 CD21                <1>     int 21h
  2069 000032C9 88DA                <1>     mov dl, bl  ;Get the 1 based drive number
  2070 000032CB 80C240              <1>     add dl, "@" ;Convert to a ASCII char to print
  2071 000032CE B402                <1>     mov ah, 02h
  2072 000032D0 CD21                <1>     int 21h
  2073 000032D2 58                  <1>     pop rax
  2074 000032D3 84C0                <1>     test al, al ;If this is zero, the call succeeded
  2075 000032D5 7409                <1>     jz .volIDOk
  2076 000032D7 488D1567D1FFFF      <1>     lea rdx, volNo
  2077 000032DE EB19                <1>     jmp short .volEndPrint
  2078                              <1> .volIDOk:
  2079 000032E0 488D1559D1FFFF      <1>     lea rdx, volOk
  2080 000032E7 B409                <1>     mov ah, 09h
  2081 000032E9 CD21                <1>     int 21h
  2082 000032EB C605(09010000)24    <1>     mov byte [cmdFFBlock + exFcb.curBlock], "$"   ;Place a $ at the end of the name
  2083 000032F2 488D15(FE000000)    <1>     lea rdx, qword [cmdFFBlock + exFcb.filename]
  2084                              <1> .volEndPrint:
  2085 000032F9 B409                <1>     mov ah, 09h
  2086 000032FB CD21                <1>     int 21h
  2087 000032FD 488D156ACEFFFF      <1>     lea rdx, crlf
  2088 00003304 B409                <1>     mov ah, 09h
  2089 00003306 CD21                <1>     int 21h
  2090                              <1>     return
    13                              <2> %%_ret:
    14 00003308 C3                  <2>  ret
    15                              <2> %assign retOff %%_ret-$$
  2091                              <1> 
  2092                              <1> version:
  2093 00003309 488D155ECEFFFF      <1>     lea rdx, crlf
  2094 00003310 B409                <1>     mov ah, 09h
  2095 00003312 CD21                <1>     int 21h
  2096 00003314 488D1501D1FFFF      <1>     lea rdx, dosVer
  2097 0000331B B409                <1>     mov ah, 09h
  2098 0000331D CD21                <1>     int 21h
  2099 0000331F E80C000000          <1>     call .printVersionNumber
  2100 00003324 488D1543CEFFFF      <1>     lea rdx, crlf
  2101 0000332B B409                <1>     mov ah, 09h
  2102 0000332D CD21                <1>     int 21h
  2103                              <1>     return
    13                              <2> %%_ret:
    14 0000332F C3                  <2>  ret
    15                              <2> %assign retOff %%_ret-$$
  2104                              <1> .printVersionNumber:
  2105 00003330 B430                <1>     mov ah, 30h ;Get version numbers, al = Major, ah = Minor
  2106 00003332 CD21                <1>     int 21h
  2107 00003334 50                  <1>     push rax
  2108 00003335 0FB6C0              <1>     movzx eax, al
  2109 00003338 E854140000          <1>     call printDecimalWord
  2110 0000333D B22E                <1>     mov dl, "."
  2111 0000333F B402                <1>     mov ah, 02h
  2112 00003341 CD21                <1>     int 21h
  2113 00003343 58                  <1>     pop rax
  2114 00003344 0FB6C4              <1>     movzx eax, ah
  2115 00003347 E845140000          <1>     call printDecimalWord
  2116                              <1>     return
    13                              <2> %%_ret:
    14 0000334C C3                  <2>  ret
    15                              <2> %assign retOff %%_ret-$$
  2117                              <1> 
  2118                              <1> 
  2119                              <1> memory:
  2120 0000334D B800520000          <1>     mov eax, 5200h  ;Get Sysvars :)
  2121 00003352 CD21                <1>     int 21h
  2122 00003354 4885DB              <1>     test rbx, rbx
  2123 00003357 7510                <1>     jnz .sysvarsOK
  2124 00003359 488D15CDD3FFFF      <1>     lea rdx, memBad0
  2125 00003360 B409                <1>     mov ah, 09h
  2126 00003362 CD21                <1>     int 21h
  2127 00003364 E9D0140000          <1>     jmp freezePC.altEP
  2128                              <1> .sysvarsOK:
  2129                              <1>     ;Use rsi to store DOS memory, rdi to store Free memory and rbp for Hole
  2130                              <1>     ; and rcx to store Application memory
  2131 00003369 31F6                <1>     xor esi, esi
  2132 0000336B 31FF                <1>     xor edi, edi
  2133 0000336D 31ED                <1>     xor ebp, ebp
  2134 0000336F 31C9                <1>     xor ecx, ecx
  2135 00003371 488D5BF8            <1>     lea rbx, qword [rbx - 8]    ;Go back a qword
  2136 00003375 488B1B              <1>     mov rbx, qword [rbx]
  2137                              <1> .memLp:
  2138 00003378 803B4D              <1>     cmp byte [rbx], mcbMarkCtn
  2139 0000337B 7409                <1>     je .validMCB
  2140 0000337D 803B5A              <1>     cmp byte [rbx], mcbMarkEnd
  2141 00003380 0F8506010000        <1>     jne .badMCBFound
  2142                              <1> .validMCB:
  2143 00003386 8B4309              <1>     mov eax, dword [rbx + mcb.blockSize]
  2144 00003389 48C1E004            <1>     shl rax, 4  ;Convert to bytes
  2145 0000338D 48817B0108000000    <1>     cmp qword [rbx + mcb.owner], mcbOwnerDOS
  2146 00003395 7505                <1>     jne .notDOS
  2147 00003397 4801C6              <1>     add rsi, rax    ;Add to DOS count
  2148 0000339A EB21                <1>     jmp short .gotoNext
  2149                              <1> .notDOS:
  2150 0000339C 48817B0100000000    <1>     cmp qword [rbx + mcb.owner], mcbOwnerFree
  2151 000033A4 7505                <1>     jne .notFree
  2152 000033A6 4801C7              <1>     add rdi, rax    ;Add to Free space count
  2153 000033A9 EB12                <1>     jmp short .gotoNext
  2154                              <1> .notFree:
  2155 000033AB 48817B0107000000    <1>     cmp qword [rbx + mcb.owner], mcbOwnerHole
  2156 000033B3 7505                <1>     jne .notHole
  2157 000033B5 4801C5              <1>     add rbp, rax    ;Add to Hole count
  2158 000033B8 EB03                <1>     jmp short .gotoNext
  2159                              <1> .notHole:
  2160 000033BA 4801C1              <1>     add rcx, rax    ;Add to Application count
  2161                              <1> .gotoNext:
  2162 000033BD 803B5A              <1>     cmp byte [rbx], mcbMarkEnd
  2163 000033C0 7407                <1>     je .endOfWalk
  2164 000033C2 488D5C0310          <1>     lea rbx, qword [rbx + mcb.program + rax]
  2165 000033C7 EBAF                <1>     jmp short .memLp
  2166                              <1> .endOfWalk:
  2167                              <1>     
  2168 000033C9 488D15BED2FFFF      <1>     lea rdx, memDOS
  2169 000033D0 B409                <1>     mov ah, 09h
  2170 000033D2 CD21                <1>     int 21h
  2171 000033D4 4889F0              <1>     mov rax, rsi
  2172 000033D7 E89D000000          <1>     call .mcbPrintAmount
  2173 000033DC 488D1543D3FFFF      <1>     lea rdx, memByte
  2174 000033E3 B409                <1>     mov ah, 09h
  2175 000033E5 CD21                <1>     int 21h
  2176                              <1> 
  2177 000033E7 4885ED              <1>     test rbp, rbp
  2178 000033EA 741E                <1>     jz .skipHole
  2179 000033EC 488D15E7D2FFFF      <1>     lea rdx, memHole
  2180 000033F3 B409                <1>     mov ah, 09h
  2181 000033F5 CD21                <1>     int 21h
  2182 000033F7 4889E8              <1>     mov rax, rbp
  2183 000033FA E87A000000          <1>     call .mcbPrintAmount
  2184 000033FF 488D1520D3FFFF      <1>     lea rdx, memByte
  2185 00003406 B409                <1>     mov ah, 09h
  2186 00003408 CD21                <1>     int 21h
  2187                              <1> .skipHole:
  2188                              <1> 
  2189 0000340A 488D15A3D2FFFF      <1>     lea rdx, memApp
  2190 00003411 B409                <1>     mov ah, 09h
  2191 00003413 CD21                <1>     int 21h
  2192 00003415 4889C8              <1>     mov rax, rcx
  2193 00003418 E85C000000          <1>     call .mcbPrintAmount
  2194 0000341D 488D1502D3FFFF      <1>     lea rdx, memByte
  2195 00003424 B409                <1>     mov ah, 09h
  2196 00003426 CD21                <1>     int 21h
  2197                              <1> 
  2198 00003428 488D15D1D2FFFF      <1>     lea rdx, memFree
  2199 0000342F B409                <1>     mov ah, 09h
  2200 00003431 CD21                <1>     int 21h
  2201 00003433 4889F8              <1>     mov rax, rdi
  2202 00003436 E83E000000          <1>     call .mcbPrintAmount
  2203 0000343B 488D15E4D2FFFF      <1>     lea rdx, memByte
  2204 00003442 B409                <1>     mov ah, 09h
  2205 00003444 CD21                <1>     int 21h
  2206                              <1> 
  2207 00003446 488D151BD2FFFF      <1>     lea rdx, memSys
  2208 0000344D B409                <1>     mov ah, 09h
  2209 0000344F CD21                <1>     int 21h
  2210 00003451 4889F0              <1>     mov rax, rsi
  2211 00003454 4801F8              <1>     add rax, rdi
  2212 00003457 4801C8              <1>     add rax, rcx
  2213 0000345A 4801E8              <1>     add rax, rbp
  2214 0000345D E817000000          <1>     call .mcbPrintAmount
  2215 00003462 488D15BDD2FFFF      <1>     lea rdx, memByte
  2216 00003469 B409                <1>     mov ah, 09h
  2217 0000346B CD21                <1>     int 21h
  2218                              <1> 
  2219 0000346D 488D15FACCFFFF      <1>     lea rdx, crlf
  2220 00003474 B409                <1>     mov ah, 09h
  2221 00003476 CD21                <1>     int 21h
  2222                              <1>     return
    13                              <2> %%_ret:
    14 00003478 C3                  <2>  ret
    15                              <2> %assign retOff %%_ret-$$
  2223                              <1> 
  2224                              <1> .mcbPrintAmount:
  2225 00003479 51                  <1>     push rcx
  2226 0000347A 56                  <1>     push rsi
  2227 0000347B 57                  <1>     push rdi
  2228 0000347C 55                  <1>     push rbp
  2229 0000347D B90F000000          <1>     mov ecx, 15 ;Makes space for up to (999 Gb of memory)
  2230 00003482 E86A120000          <1>     call printDecimalValLB
  2231 00003487 5D                  <1>     pop rbp
  2232 00003488 5F                  <1>     pop rdi
  2233 00003489 5E                  <1>     pop rsi
  2234 0000348A 59                  <1>     pop rcx
  2235                              <1>     return
    13                              <2> %%_ret:
    14 0000348B C3                  <2>  ret
    15                              <2> %assign retOff %%_ret-$$
  2236                              <1> .badMCBFound:
  2237 0000348C 488D15DAD2FFFF      <1>     lea rdx, memBad2
  2238 00003493 B409                <1>     mov ah, 09h
  2239 00003495 CD21                <1>     int 21h
  2240 00003497 E99D130000          <1>     jmp freezePC.altEP
  2241                              <1> 
    23                                  %include "./src/cmdFunc2.asm"
     1                              <1> ;The second file with internal functions.
     2                              <1> ;Functions included with name and label:
     3                              <1> ;----------------------------------------------------
     4                              <1> ; LABEL         NAME
     5                              <1> ;----------------------------------------------------
     6                              <1> ; type          TYPE
     7                              <1> ; exit          EXIT
     8                              <1> ; launchChild   <LAUNCH CHILD>
     9                              <1> ; set           SET
    10                              <1> ; pathEdit      PATH
    11                              <1> ; prompt        PROMPT
    12                              <1> ; echo          ECHO
    13                              <1> ; pauza         PAUSE
    14                              <1> ; remark        REM 
    15                              <1> ; shift         SHIFT
    16                              <1> ; goto          GOTO 
    17                              <1> ; ifCmd         IF  
    18                              <1> ; forCmd        FOR
    19                              <1> ; callCmd       CALL
    20                              <1> ;----------------------------------------------------
    21                              <1> 
    22                              <1> type:
    23 0000349C F605A8CBFFFFFF      <1>     test byte [arg1Flg], -1 ;If this not set, error
    24 000034A3 0F84DDE5FFFF        <1>     jz badArgError
    25 000034A9 F6059ECBFFFFFF      <1>     test byte [arg2Flg], -1
    26 000034B0 0F85D0E5FFFF        <1>     jnz badArgError         ;If this set, error
    27 000034B6 4C8B0543CBFFFF      <1>     mov r8, [pPSP]
    28 000034BD 498DB081000000      <1>     lea rsi, qword [r8 + cmdLine]
    29 000034C4 0FB60581CBFFFF      <1>     movzx eax, byte [arg1Off]
    30 000034CB 4801C6              <1>     add rsi, rax    ;Point rsi to this argument
    31 000034CE 803E0D              <1>     cmp byte [rsi], CR
    32 000034D1 0F84AFE5FFFF        <1>     je badArgError
    33 000034D7 807E013A            <1>     cmp byte [rsi + 1], ":" ;If a drive is specified, check if valid
    34 000034DB 750F                <1>     jne .noDrive
    35 000034DD 0FB60569CBFFFF      <1>     movzx eax, byte [arg1FCBret]
    36 000034E4 3CFF                <1>     cmp al, -1
    37 000034E6 0F8491E5FFFF        <1>     je badDriveError
    38                              <1> .noDrive:
    39                              <1>     ;Now we open the provided file
    40 000034EC E8C7110000          <1>     call buildCommandPath
    41 000034F1 488D15(70040000)    <1>     lea rdx, searchSpec
    42 000034F8 B8003D0000          <1>     mov eax, 3D00h  ;Open in read only mode
    43 000034FD CD21                <1>     int 21h
    44 000034FF 0F828AE5FFFF        <1>     jc badFileError
    45 00003505 498D9080000000      <1>     lea rdx, qword [r8 + psp.dta]
    46 0000350C 0FB7D8              <1>     movzx ebx, ax    ;Save the file handle in ebx
    47                              <1> .lp:
    48 0000350F B980000000          <1>     mov ecx, 128    ;Read 128 bytes at a time
    49 00003514 B43F                <1>     mov ah, 3Fh ;Read handle
    50 00003516 CD21                <1>     int 21h
    51 00003518 89C1                <1>     mov ecx, eax
    52 0000351A 67E317              <1>     jecxz .exit
    53 0000351D 53                  <1>     push rbx    ;Save the original in handle
    54 0000351E BB01000000          <1>     mov ebx, 1  ;STDOUT
    55 00003523 B440                <1>     mov ah, 40h
    56 00003525 CD21                <1>     int 21h
    57 00003527 5B                  <1>     pop rbx ;Get back the original read handle
    58 00003528 720F                <1>     jc .exitBad
    59 0000352A 39C8                <1>     cmp eax, ecx
    60 0000352C 74E1                <1>     je .lp
    61 0000352E FFC9                <1>     dec ecx ;One less for a ^Z
    62 00003530 39C8                <1>     cmp eax, ecx
    63 00003532 7505                <1>     jne .exitBad
    64                              <1> .exit:
    65 00003534 B43E                <1>     mov ah, 3Eh ;Close handle
    66 00003536 CD21                <1>     int 21h
    67                              <1>     return
    13                              <2> %%_ret:
    14 00003538 C3                  <2>  ret
    15                              <2> %assign retOff %%_ret-$$
    68                              <1> .exitBad:
    69                              <1>     ;If it is a char device, don't print an error
    70 00003539 B800440000          <1>     mov eax, 4400h  ;Get IOCTL mode 
    71 0000353E BB01000000          <1>     mov ebx, 1
    72 00003543 CD21                <1>     int 21h
    73 00003545 F6C280              <1>     test dl, devCharDev
    74                              <1>     retnz
    45                              <2> cret nz
    19                              <3> %%_base:
    20                              <3> %assign baseVar %%_base-$$
    21                              <3>  %ifdef retOff
    22                              <3>  %if (baseVar - retOff <= 126) && (baseVar > retOff)
    23                              <3>  %ifdef currSegVBase
    24 00003548 75(38)              <3>  j%+1 short (retOff+currSegVBase)
    25                              <3>  %else
    26                              <3>  j%+1 short retOff
    27                              <3>  %endif
    28                              <3>  %else
    29                              <3>  j%-1 short %%a
    30                              <3>  return
    31                              <3> %%a:
    32                              <3>  %endif
    33                              <3>  %else
    34                              <3>  j%-1 short %%a
    35                              <3>  return
    36                              <3> %%a:
    37                              <3>  %endif
    75 0000354A E9CEE4FFFF          <1>     jmp badDiskFull
    76                              <1> 
    77                              <1> exit:
    78 0000354F F605(1A000000)01    <1>     test byte [statFlg1], permaShell
    79 00003556 740E                <1>     jz .ouch        ;If not permashell, time to EXIT
    80 00003558 F605(1A000000)04    <1>     test byte [statFlg1], inSingle  ;If perma and single command
    81 0000355F 0F856BDFFFFF        <1>     jnz int2ERet    ;We are Int 2Eh, exit through the handler
    82                              <1>     return  ;Else, permashell just returns
    13                              <2> %%_ret:
    14 00003565 C3                  <2>  ret
    15                              <2> %assign retOff %%_ret-$$
    83                              <1> .ouch:
    84 00003566 B8004C0000          <1>     mov eax, 4C00h  ;Exit now okay
    85 0000356B CD21                <1>     int 21h
    86                              <1>     return  ;If the exit wasn't successful for some reason, return as normal
    13                              <2> %%_ret:
    14 0000356D C3                  <2>  ret
    15                              <2> %assign retOff %%_ret-$$
    87                              <1> 
    88                              <1> launchChild:
    89                              <1>     ;We execute an external command here.
    90                              <1>     ;Here we will behave like COMMAND.COM for later DOS and honour extensions.
    91                              <1>     ;COMMAND.COM on DOS 3.3 doesn't honour the extension. If there exists a 
    92                              <1>     ;foo.com and a foo.exe in the same dir and you type foo.exe it launches 
    93                              <1>     ;foo.com. We will not honour this behaviour as this kinda sucks!
    94                              <1>     ;We know the drive we are on is valid so no need to double check that!      
    95                              <1>     ;Now we rebuild the cmdFcb from the last path componant.
    96 0000356E 488D3D(C7020000)    <1>     lea rdi, cmdPathSpec
    97 00003575 4889FE              <1>     mov rsi, rdi
    98 00003578 B811120000          <1>     mov eax, 1211h  ;Normalise this path first
    99 0000357D CD2F                <1>     int 2fh
   100 0000357F E877100000          <1>     call findLastPathComponant  ;Point rdi to last path componant
   101 00003584 4889FE              <1>     mov rsi, rdi    ;Source here
   102 00003587 488D3D(E6000000)    <1>     lea rdi, cmdFcb
   103 0000358E B801290000          <1>     mov eax, 2901h  ;Skip leading blanks, clean the FCB name
   104 00003593 CD21                <1>     int 21h
   105 00003595 84C0                <1>     test al, al     ;Don't allow any wildcards in the name
   106 00003597 0F8519E5FFFF        <1>     jnz badCmdError
   107 0000359D 4831ED              <1>     xor rbp, rbp    ;rbp keeps a ptr to the next PATH componant to search in
   108                              <1> .pathLoop:
   109 000035A0 488D35(EF000000)    <1>     lea rsi, qword [cmdFcb + fcb.fileext]
   110 000035A7 488D3D32D2FFFF      <1>     lea rdi, extStr
   111 000035AE BA03000000          <1>     mov edx, 3  ;Number of valid extension types
   112                              <1> .extLp:
   113 000035B3 56                  <1>     push rsi    ;Save the ptr to the head of the file extension
   114 000035B4 B903000000          <1>     mov ecx, 3  ;Number of chars per extension
   115 000035B9 F3A6                <1>     rep cmpsb   ;Compare the two strings
   116 000035BB 5E                  <1>     pop rsi
   117 000035BC 85C9                <1>     test ecx, ecx
   118 000035BE 7452                <1>     jz .extFnd      ;If all three chars were equal, we have valid ext!
   119 000035C0 4801CF              <1>     add rdi, rcx    ;Add the remaining chars to rdi
   120 000035C3 FFCA                <1>     dec edx         ;Else one less extension type to check
   121 000035C5 75EC                <1>     jnz .extLp
   122                              <1>     ;None of the three extensions were ok, so check if it is all spaces.
   123                              <1>     ;If not, error.
   124 000035C7 B903000000          <1>     mov ecx, 3
   125 000035CC 4889F7              <1>     mov rdi, rsi
   126 000035CF B020                <1>     mov al, SPC
   127 000035D1 F3AE                <1>     rep scasb   
   128 000035D3 85C9                <1>     test ecx, ecx   ;Are all three chars spaces?
   129 000035D5 0F85DBE4FFFF        <1>     jnz badCmdError    ;If not, error!
   130                              <1>     ;Now we search first with COM, then EXE, then BAT. 
   131 000035DB 488D35FED1FFFF      <1>     lea rsi, extStr
   132 000035E2 BB03000000          <1>     mov ebx, 3  ;Use ebx as the attempt counter
   133                              <1> .extSrchLp:
   134 000035E7 488D3D(EF000000)    <1>     lea rdi, qword [cmdFcb + fcb.fileext]
   135 000035EE B903000000          <1>     mov ecx, 3
   136 000035F3 F3A4                <1>     rep movsb   ;Copy the extension over!
   137 000035F5 E847010000          <1>     call .prepAndSearch     ;Prep and search path in rdx.
   138 000035FA 731D                <1>     jnc .extSrchFnd         ;If CF=NC, find found!
   139 000035FC FFCB                <1>     dec ebx                 ;Decrement extension counter
   140 000035FE 75E7                <1>     jnz .extSrchLp
   141                              <1> ;Here we have ran out of extensions to search for! Now if the path was rel
   142                              <1> ; we start prepending path componants and trying again. To do this, we reset
   143                              <1> ; by setting the fcb extension back to all spaces.
   144 00003600 488D3D(EF000000)    <1>     lea rdi, qword [cmdFcb + fcb.fileext]
   145 00003607 B903000000          <1>     mov ecx, 3
   146 0000360C B020                <1>     mov al, SPC
   147 0000360E F3AA                <1>     rep stosb   ;Store back the empty extension!
   148 00003610 EB71                <1>     jmp short .pathHandle
   149                              <1> .extFnd:
   150                              <1> ;Here if the file had the right extension.
   151 00003612 E82A010000          <1>     call .prepAndSearch    ;Prep and search path in rdx.
   152 00003617 726A                <1>     jc .pathHandle
   153                              <1> .extSrchFnd:
   154                              <1> ;Pathspec in rdx exists, so now we prepare to launch it! First check it is not
   155                              <1> ; a BAT. If it is, separate handling!
   156 00003619 803D(EF000000)42    <1>     cmp byte [cmdFcb + fcb.fileext], "B"    ;If it is B, its a batch!
   157 00003620 0F8411DFFFFF        <1>     je batLaunch
   158 00003626 488D1D(21010000)    <1>     lea rbx, launchBlock
   159 0000362D 498B403E            <1>     mov rax, qword [r8 + psp.envPtr]    ;Get the env pointer
   160 00003631 488903              <1>     mov qword [rbx + execProg.pEnv], rax 
   161 00003634 498D8080000000      <1>     lea rax, qword [r8 + cmdTail]
   162 0000363B 48894308            <1>     mov qword [rbx + execProg.pCmdLine], rax
   163 0000363F 498D405C            <1>     lea rax, qword [r8 + fcb1]
   164 00003643 48894310            <1>     mov qword [rbx + execProg.pfcb1], rax
   165 00003647 498D406C            <1>     lea rax, qword [r8 + fcb2]
   166 0000364B 48894318            <1>     mov qword [rbx + execProg.pfcb2], rax
   167 0000364F 488D15(C7020000)    <1>     lea rdx, cmdPathSpec
   168 00003656 B8004B0000          <1>     mov eax, 4B00h  ;Load and execute!
   169 0000365B CD21                <1>     int 21h
   170                              <1> ;If the program failed to start, verify why!
   171 0000365D B800590000          <1>     mov eax, 5900h      ;Get extended error
   172 00003662 31DB                <1>     xor ebx, ebx
   173 00003664 CD21                <1>     int 21h
   174                              <1> ;!!!!!!!!!!!!!!!!!!!!!!!!!!!!!!!!!!!!!!!!!!!!!!!
   175                              <1> ; The below doesnt make any sense. Retcode is
   176                              <1> ; is not the DOS error code.
   177                              <1> ;!!!!!!!!!!!!!!!!!!!!!!!!!!!!!!!!!!!!!!!!!!!!!!!
   178                              <1>     ;mov word [returnCode], ax   ;Error code from EXEC
   179                              <1> ;!!!!!!!!!!!!!!!!!!!!!!!!!!!!!!!!!!!!!!!!!!!!!!!
   180 00003666 3C05                <1>     cmp al, errAccDen   ;Access denied?
   181 00003668 0F84FDE3FFFF        <1>     je badAccError
   182 0000366E 3C08                <1>     cmp al, errNoMem    ;If not enough memory, print so
   183 00003670 0F84DAE3FFFF        <1>     je badNoMemError    
   184 00003676 3C07                <1>     cmp al, errMCBbad   ;If MCB bad error, freeze PC
   185 00003678 0F84B0110000        <1>     je freezePC
   186 0000367E E933E4FFFF          <1>     jmp badCmdError     ;If something goes wrong, error out
   187                              <1> .pathHandle:        
   188                              <1> ;First check if rbp is null. If it is, its a first time entry. 
   189                              <1> ;al has error code!
   190 00003683 4885ED              <1>     test rbp, rbp
   191 00003686 0F85A3000000        <1>     jnz .pathReentry
   192                              <1> ;Now check if the command we recieved included an absolute path.
   193                              <1> ;If so, we don't do path substitution and just fail at this point
   194 0000368C 488D35(C7020000)    <1>     lea rsi, cmdPathSpec
   195 00003693 66AD                <1>     lodsw   ;Get the first two chars
   196 00003695 3A056FC9FFFF        <1>     cmp al, byte [pathSep]  ;If char 1 a pathsep, we are absolute!
   197 0000369B 0F8415E4FFFF        <1>     je badCmdError  ;Therefore, exit bad!
   198 000036A1 84E4                <1>     test ah, ah ;If the second char is nul, its a 1 char command, must be rel
   199 000036A3 7412                <1>     je .pathGetEnv
   200 000036A5 80FC3A              <1>     cmp ah, ":" ;If char 2 is colon, must be drive sep (not chardev)
   201 000036A8 750D                <1>     jne .pathGetEnv ;Therefore, if not equal, relative path!
   202 000036AA AC                  <1>     lodsb   ;Get the third char
   203 000036AB 3A0559C9FFFF        <1>     cmp al, byte [pathSep]  ;If this is a pathsep, we are absolute!
   204 000036B1 0F84FFE3FFFF        <1>     je badCmdError  ;Therefore, exit bad!
   205                              <1> .pathGetEnv:
   206                              <1> ;Now get a pointer to the environment and search for PATH=
   207                              <1> ;We only take the final portion of the path and add it to each path componant
   208                              <1> ;This agrees with DOS 3.3
   209 000036B7 E856120000          <1>     call checkEnvGoodAndGet   ;Ensure our env is double null terminated!
   210 000036BC 0F84F4E3FFFF        <1>     jz badCmdError  ;If returned ZF=ZE, error out!
   211                              <1>     ;If we are here, env is double null terminated. rsi has the env ptr
   212                              <1>     ;Now we know we dont have to keep track of chars!!
   213 000036C2 488D3D39D1FFFF      <1>     lea rdi, pathEVar   ;Get a ptr to the path env string
   214 000036C9 E89E120000          <1>     call searchForEnvVar
   215 000036CE 0F82E2E3FFFF        <1>     jc badCmdError      ;If PATH not found, exit error!
   216 000036D4 4889F7              <1>     mov rdi, rsi        ;Move the PATH= ptr to rdi
   217 000036D7 4881C705000000      <1>     add rdi, 5          ;Go past the PATH= portion of the env string
   218                              <1> .pathRejoin:
   219 000036DE 803F00              <1>     cmp byte [rdi], 0   ;Is the first char after equals a null?
   220 000036E1 0F84CFE3FFFF        <1>     je badCmdError      ;Empty or no more path? Error!
   221 000036E7 4889FE              <1>     mov rsi, rdi        ;This is a ; or null delimited ASCII string
   222 000036EA 488D3D(70040000)    <1>     lea rdi, searchSpec ;Build the path in searchSpec
   223                              <1>     ;WARNING!!! THIS COULD CAUSE A BUFFER OVERFLOW BUG!!
   224                              <1>     ;SHOULD CHECK THE LENGTH OF THE PATH COMPONANT THAT WE ARE 
   225                              <1>     ; SPLICING ON. IF IT IS LONGER THAN 64 CHARS WE IGNORE IT!!
   226                              <1>     ;This is impossible to do if env edited by COMMAND.COM
   227 000036F1 E8690F0000          <1>     call cpDelimOrCtrlStringToBufz      ;Copies upto ; or null 
   228 000036F6 48FFCE              <1>     dec rsi ;Point rsi to the char which delimited the path
   229 000036F9 4889F5              <1>     mov rbp, rsi    ;Point rbp to this char
   230 000036FC 48FFCF              <1>     dec rdi ;Point to the null terminator
   231 000036FF 8A0505C9FFFF        <1>     mov al, byte [pathSep]
   232 00003705 3847FF              <1>     cmp byte [rdi - 1], al
   233 00003708 7401                <1>     je .skipPathsep ;Need for rootdir as a double slash start is a netpath
   234 0000370A AA                  <1>     stosb   ;Store a pathsep onto the null terminator
   235                              <1> .skipPathsep: ;Affects double slashes in path (but thats ok)
   236 0000370B 488D35(E7000000)    <1>     lea rsi, qword [cmdFcb + fcb.filename]
   237 00003712 E8080F0000          <1>     call FCBToAsciiz    ;Store the name here and null terminate
   238 00003717 488D35(70040000)    <1>     lea rsi, searchSpec 
   239 0000371E 488D3D(C7020000)    <1>     lea rdi, cmdPathSpec
   240 00003725 E8DC0D0000          <1>     call strcpy         ;Copy the string to the cmdPathSpec
   241 0000372A E971FEFFFF          <1>     jmp .pathLoop       ;And try again, now in this path!
   242                              <1> .pathReentry:
   243 0000372F 807D0000            <1>     cmp byte [rbp], 0   ;Each env string is finally null terminated.
   244 00003733 0F847DE3FFFF        <1>     je badCmdError
   245                              <1> ;Currently, because we dont swap drives, we wont print this message.
   246                              <1> ;Not really a big deal...
   247                              <1>     ;cmp al, errBadDrv
   248                              <1>     ;jne .pathDrvOk
   249                              <1>     ;lea rdx, badDrvSrch ;Print the drive was invalid!
   250                              <1>     ;mov eax, 0900h
   251                              <1>     ;int 21h
   252                              <1> ;.pathDrvOk:
   253 00003739 48FFC5              <1>     inc rbp             ;Go to the start of the next componant
   254 0000373C 4889EF              <1>     mov rdi, rbp        ;So rdi points to the first char of next comp
   255 0000373F EB9D                <1>     jmp short .pathRejoin   ;Check if null, and if not, proceed again!
   256                              <1> 
   257                              <1> .prepAndSearch:
   258                              <1> ;Copies over the name and extension in UC to the last componant of the 
   259                              <1> ;cmdPathSpec and null terminates. 
   260                              <1> ;Input: cmdFcb name + ext setup. 
   261                              <1> ;Output: rdx -> Filled in cmdPathSpec 
   262                              <1> ;        CF=NC, file in rdx found. CF=CY, file in rdx not found! al = errcde
   263 00003741 51                  <1>     push rcx
   264 00003742 56                  <1>     push rsi
   265 00003743 57                  <1>     push rdi
   266 00003744 488D3D(C7020000)    <1>     lea rdi, cmdPathSpec 
   267 0000374B 4889FA              <1>     mov rdx, rdi    ;Save the path ptr in rdx
   268 0000374E E8A80E0000          <1>     call findLastPathComponant  ;Point rdi to the final path componant 
   269 00003753 807F013A            <1>     cmp byte [rdi + 1], ":"
   270 00003757 7507                <1>     jne .notdriveRel
   271 00003759 4881C702000000      <1>     add rdi, 2  ;Go past the drive specifier, but keep it!
   272                              <1> .notdriveRel:
   273 00003760 488D35(E7000000)    <1>     lea rsi, qword [cmdFcb + fcb.filename]
   274 00003767 E8B30E0000          <1>     call FCBToAsciiz    ;Get an asciiz suffix
   275 0000376C B8004E0000          <1>     mov eax, 4E00h  ;Find first
   276 00003771 31C9                <1>     xor ecx, ecx  ;Only Normal and RO files searchable!
   277 00003773 CD21                <1>     int 21h
   278 00003775 5F                  <1>     pop rdi
   279 00003776 5E                  <1>     pop rsi
   280 00003777 59                  <1>     pop rcx
   281                              <1>     return
    13                              <2> %%_ret:
    14 00003778 C3                  <2>  ret
    15                              <2> %assign retOff %%_ret-$$
   282                              <1> 
   283                              <1> set:
   284 00003779 E894110000          <1>     call checkEnvGoodAndGet 
   285 0000377E 0F84DEE2FFFF        <1>     jz badEnvSpaceError
   286 00003784 F605C0C8FFFFFF      <1>     test byte [arg1Flg], -1
   287 0000378B 752E                <1>     jnz .editEnv
   288                              <1> ;Here we just print the environment.
   289                              <1> ;We know this is a good env so keep going! env ptr in rsi
   290 0000378D 4889F7              <1>     mov rdi, rsi
   291 00003790 4889F2              <1>     mov rdx, rsi
   292                              <1> .findLp:
   293 00003793 B9FFFFFFFF          <1>     mov ecx, -1
   294 00003798 31C0                <1>     xor eax, eax
   295                              <1> .scanLp:
   296 0000379A F2AE                <1>     repne scasb
   297 0000379C 75FC                <1>     jne .scanLp
   298 0000379E F7D1                <1>     not ecx ;Get count and subtract by 1 to drop end null
   299                              <1>     ;Else, we now print this environment variable and CRLF it
   300                              <1>     ;rdx points to the start of the string aleady
   301                              <1>     ;ecx has the bytes to print
   302 000037A0 BB01000000          <1>     mov ebx, 1      ;Print to STDOUT
   303 000037A5 B800400000          <1>     mov eax, 4000h  ;Print to handle
   304 000037AA CD21                <1>     int 21h
   305 000037AC E8500B0000          <1>     call printCRLF
   306 000037B1 803F00              <1>     cmp byte [rdi], 0   ;Is this a second null.
   307                              <1>     rete    ;Return if it is
    49                              <2> cret e
    19                              <3> %%_base:
    20                              <3> %assign baseVar %%_base-$$
    21                              <3>  %ifdef retOff
    22                              <3>  %if (baseVar - retOff <= 126) && (baseVar > retOff)
    23                              <3>  %ifdef currSegVBase
    24 000037B4 74(78)              <3>  j%+1 short (retOff+currSegVBase)
    25                              <3>  %else
    26                              <3>  j%+1 short retOff
    27                              <3>  %endif
    28                              <3>  %else
    29                              <3>  j%-1 short %%a
    30                              <3>  return
    31                              <3> %%a:
    32                              <3>  %endif
    33                              <3>  %else
    34                              <3>  j%-1 short %%a
    35                              <3>  return
    36                              <3> %%a:
    37                              <3>  %endif
   308 000037B6 4889FA              <1>     mov rdx, rdi   
   309 000037B9 EBD8                <1>     jmp short .findLp
   310                              <1> .editEnv:
   311 000037BB 0FB6058AC8FFFF      <1>     movzx eax, byte [arg1Off]
   312 000037C2 498DB081000000      <1>     lea rsi, qword [r8 + cmdLine]
   313 000037C9 4801C6              <1>     add rsi, rax            ;rsi -> EnvvarName=[string]<CR>
   314                              <1> .altEp:
   315 000037CC 4889F7              <1>     mov rdi, rsi            ;Point rdi to the start of the string
   316 000037CF B00D                <1>     mov al, CR              ;Search for the CR
   317 000037D1 410FB68880000000    <1>     movzx ecx, byte [r8 + cmdLineCnt]   ;Get the char count of the tail
   318 000037D9 89CB                <1>     mov ebx, ecx            ;Save this count 
   319 000037DB 53                  <1>     push rbx                ;Save this count on the stack too!
   320 000037DC F2AE                <1>     repne scasb             ;Now get the length of this env string
   321 000037DE 29CB                <1>     sub ebx, ecx            ;Get the length of the string with <CR>
   322 000037E0 66891D(56070000)    <1>     mov word [envVarSz], bx ;Store the count
   323 000037E7 59                  <1>     pop rcx                 ;Get the char count back!
   324 000037E8 89CB                <1>     mov ebx, ecx            
   325 000037EA 4889F7              <1>     mov rdi, rsi            ;Point rdi again to the cmdTail
   326 000037ED B03D                <1>     mov al, "="             ;Scan for an equals sign
   327 000037EF F2AE                <1>     repne scasb
   328 000037F1 0F8562E2FFFF        <1>     jne badSyntaxError      ;There must be an equal sign here!
   329 000037F7 29CB                <1>     sub ebx, ecx            ;Get the count with space for a terminating 0
   330 000037F9 66891D(58070000)    <1>     mov word [envVarNamSz], bx
   331 00003800 803F0D              <1>     cmp byte [rdi], CR      ;If the path is just PATH=<CR>, free var!
   332 00003803 7477                <1>     je .delEnvVar           ;Free the envvar and return
   333 00003805 56                  <1>     push rsi                ;Save the ptr to the start of the envvar
   334 00003806 4889F7              <1>     mov rdi, rsi            ;Input= rdi -> String to search for
   335 00003809 E85E110000          <1>     call searchForEnvVar    ;Look for the environment variable
   336 0000380E 7205                <1>     jc .editNewEnv          ;Create a new environment variable!
   337 00003810 E885110000          <1>     call envFree            ;Free the var in rsi
   338                              <1> .editNewEnv:
   339 00003815 E8B9110000          <1>     call getFreeSpace       ;Get the free space in env in ecx
   340 0000381A E8D9110000          <1>     call getPtrToEndOfEnv   ;Point to the free space in rdi
   341 0000381F 5E                  <1>     pop rsi                 ;Get back the ptr to the string
   342 00003820 31C0                <1>     xor eax, eax            ;Prepare null length!
   343 00003822 81F904000000        <1>     cmp ecx, 4              ;Minimal env string size is 4, i.e. "X=A<CR>"
   344 00003828 0F42C8              <1>     cmovb ecx, eax          ;If below, essentially 0 bytes
   345 0000382B 720B                <1>     jb .reallocTry          ;Try to reallocate!
   346 0000382D FFC9                <1>     dec ecx                 ;Save a byte for end magic null
   347 0000382F 663B0D(56070000)    <1>     cmp cx, word [envVarSz] ;Do we have enough space?
   348 00003836 7327                <1>     jae .nameCp             ;If above or equal, we good to go!
   349                              <1> .reallocTry:
   350                              <1>     ;Here we try to reallocate the environment. If we cannot reallocate
   351                              <1>     ; we proceed with the environment size.
   352 00003838 E8D0110000          <1>     call growEnvBlock   ;Attempt to grow the environment
   353 0000383D 7319                <1>     jnc .reallocOk
   354 0000383F 0F841DE2FFFF        <1>     jz badEnvSpaceError    ;Max environment space
   355                              <1>     ;Here we couldnt reallocate, but we check to see if we can fit
   356                              <1>     ; partially the variable into the env. If so we do that. If the name
   357                              <1>     ; cannot fit, we don't bother
   358                              <1>     ;Min size of envVarNamSz is 2 i.e. "X="
   359 00003845 663B0D(58070000)    <1>     cmp cx, word [envVarNamSz]  ;cx has the free space in environment
   360                              <1>     retb    ;Fail silently if we cant, catches the cx=0,1 case!
    65                              <2> cret b
    19                              <3> %%_base:
    20                              <3> %assign baseVar %%_base-$$
    21                              <3>  %ifdef retOff
    22                              <3>  %if (baseVar - retOff <= 126) && (baseVar > retOff)
    23                              <3>  %ifdef currSegVBase
    24                              <3>  j%+1 short (retOff+currSegVBase)
    25                              <3>  %else
    26                              <3>  j%+1 short retOff
    27                              <3>  %endif
    28                              <3>  %else
    29 0000384C 7301                <3>  j%-1 short %%a
    30                              <3>  return
    13                              <4> %%_ret:
    14 0000384E C3                  <4>  ret
    15                              <4> %assign retOff %%_ret-$$
    31                              <3> %%a:
    32                              <3>  %endif
    33                              <3>  %else
    34                              <3>  j%-1 short %%a
    35                              <3>  return
    36                              <3> %%a:
    37                              <3>  %endif
   361 0000384F E80EE2FFFF          <1>     call badEnvSpaceError   ;Print the env space error!
   362 00003854 FFC9                <1>     dec ecx  ;Make space for the end null of the environment! Wont overflow!
   363 00003856 EB07                <1>     jmp short .nameCp   ;Else, just copy what we can
   364                              <1> .reallocOk:
   365                              <1>     ;Here we have all the space to just copy the full path
   366 00003858 0FB70D(56070000)    <1>     movzx ecx, word [envVarSz]
   367                              <1> .nameCp:
   368                              <1> ;Now copy over the env var, ecx = #ofchars to copy
   369                              <1> ;Always enough memory for name= here
   370 0000385F AC                  <1>     lodsb
   371 00003860 E8C40C0000          <1>     call ucChar
   372 00003865 AA                  <1>     stosb
   373 00003866 66FFC9              <1>     dec cx      ;Always decrement this count
   374 00003869 3C3D                <1>     cmp al, "="
   375 0000386B 75F2                <1>     jne .nameCp
   376                              <1> .exitNameCp:
   377 0000386D AC                  <1>     lodsb
   378 0000386E 3C0D                <1>     cmp al, CR
   379 00003870 7405                <1>     je .exitCp
   380 00003872 AA                  <1>     stosb
   381 00003873 FFC9                <1>     dec ecx
   382 00003875 75F6                <1>     jnz .exitNameCp
   383                              <1> .exitCp:
   384 00003877 31C0                <1>     xor eax, eax
   385 00003879 66AB                <1>     stosw   ;Store the final null word
   386                              <1>     return
    13                              <2> %%_ret:
    14 0000387B C3                  <2>  ret
    15                              <2> %assign retOff %%_ret-$$
   387                              <1> .delEnvVar:
   388                              <1>     ;rsi -> Start of the envvar name in user buffer
   389 0000387C 4889F7              <1>     mov rdi, rsi            ;Input= rdi -> String to search for
   390 0000387F E8E8100000          <1>     call searchForEnvVar    ;Look for the environment variable
   391 00003884 7205                <1>     jc .delEnvVarSkip
   392 00003886 E80F110000          <1>     call envFree    ;Free the env var at rsi
   393                              <1> .delEnvVarSkip:
   394 0000388B F8                  <1>     clc             ;Clear CF if the var doesnt exist
   395                              <1>     return
    13                              <2> %%_ret:
    14 0000388C C3                  <2>  ret
    15                              <2> %assign retOff %%_ret-$$
   396                              <1> 
   397                              <1> pathEdit:
   398                              <1> ;Each path componant !!must!! be terminated by a semicolon. 
   399                              <1> ;No separators allowed either side of the semicolon. Spaces allowed ONLY 
   400                              <1> ; after the equals sign. If what follows a semicolon is a terminator, we 
   401                              <1> ; end there. Error with too many arguments error!
   402                              <1> ;If after the equals sign there is nothing, we just print the path!
   403                              <1> ;Gotta process the command line ourselves first
   404 0000388D E880100000          <1>     call checkEnvGoodAndGet         ;Use as a good environment check!
   405 00003892 0F84CAE1FFFF        <1>     jz badEnvSpaceError
   406                              <1>     ;Now we know we can use r8 to get the envptr when needed
   407 00003898 498DB081000000      <1>     lea rsi, qword [r8 + cmdLine]   ;Get the ptr to scan for ; or <CR>
   408 0000389F E8AD000000          <1>     call .skipPathDelimiters
   409 000038A4 3C0D                <1>     cmp al, CR
   410 000038A6 7466                <1>     je .printPath
   411                              <1> ;Else use the set command to setup the path in the searchSpec.
   412 000038A8 56                  <1>     push rsi    ;Save the first char of the command line string
   413 000038A9 488D3552CFFFFF      <1>     lea rsi, pathEVar
   414 000038B0 488D3D(70040000)    <1>     lea rdi, searchSpec
   415 000038B7 E84A0C0000          <1>     call strcpy
   416 000038BC 48FFCF              <1>     dec rdi     ;Point to the terminating null
   417 000038BF 5E                  <1>     pop rsi     ;Get back the first char of the pathstring
   418 000038C0 31C9                <1>     xor ecx, ecx    ;Make a count of chars
   419                              <1> .cpLp:
   420 000038C2 AC                  <1>     lodsb
   421 000038C3 3C0D                <1>     cmp al, CR
   422 000038C5 7411                <1>     je .cpLpExit
   423 000038C7 E891000000          <1>     call .isALPathDelimiter ;Any path delims now are exit conditions!
   424 000038CC 740A                <1>     je .cpLpExit
   425 000038CE E8560C0000          <1>     call ucChar ;Uppercase the char
   426 000038D3 AA                  <1>     stosb       ;Store it
   427 000038D4 FFC1                <1>     inc ecx     ;Inc the count, CR not inclusive!
   428 000038D6 EBEA                <1>     jmp short .cpLp
   429                              <1> .cpLpExit:
   430                              <1>     ;Remove trailing semicolons
   431 000038D8 807FFF3B            <1>     cmp byte [rdi - 1], ";" ;Check back a char
   432 000038DC 7507                <1>     jne .cpLpNoIntervene
   433 000038DE FFC9                <1>     dec ecx     ;Reduce the count by one
   434 000038E0 48FFCF              <1>     dec rdi     ;Go back a char
   435 000038E3 EBF3                <1>     jmp short .cpLpExit ;Keep removing
   436                              <1> .cpLpNoIntervene:
   437 000038E5 B00D                <1>     mov al, CR  ;Now we store the terminator!
   438 000038E7 AA                  <1>     stosb       ;Store it!
   439 000038E8 81C105000000        <1>     add ecx, 5  ;PATH= is 5 chars
   440 000038EE 41888880000000      <1>     mov byte [r8 + cmdLineCnt], cl  ;Store the count
   441 000038F5 FFC1                <1>     inc ecx     ;Add the CR for copying over
   442 000038F7 488D35(70040000)    <1>     lea rsi, searchSpec
   443 000038FE 498DB881000000      <1>     lea rdi, qword [r8 + cmdLine]
   444 00003905 57                  <1>     push rdi
   445 00003906 F3A4                <1>     rep movsb
   446 00003908 5E                  <1>     pop rsi         ;Get the ptr to the cmdline in rsi
   447 00003909 E9BEFEFFFF          <1>     jmp set.altEp   ;We've now set the string up, lets go!
   448                              <1> .printPath:
   449 0000390E 488D3DEDCEFFFF      <1>     lea rdi, pathEVar   ;This is what we want to get
   450 00003915 E852100000          <1>     call searchForEnvVar    ;Returns ptr to env var in rsi
   451 0000391A 7221                <1>     jc .noPathPrnt      ;If the var doesnt exit, print no path!
   452 0000391C 4889F7              <1>     mov rdi, rsi        
   453 0000391F E8FB0B0000          <1>     call strlen         ;Get the length of the path in rdi
   454 00003924 81F906000000        <1>     cmp ecx, 6          ;Is our path just PATH=<NUL>?
   455 0000392A 7411                <1>     je .noPathPrnt      ;Print no path!
   456 0000392C FFC9                <1>     dec ecx             ;Drop the terminating null from the count
   457 0000392E 4889FA              <1>     mov rdx, rdi        ;Set path ptr for printing
   458 00003931 BB01000000          <1>     mov ebx, 1          ;STDOUT
   459 00003936 B800400000          <1>     mov eax, 4000h      ;ecx = char count, rdx points to PATH= string
   460 0000393B EB0C                <1>     jmp short .pathExit
   461                              <1> .noPathPrnt:
   462 0000393D 488D1587CBFFFF      <1>     lea rdx, noPath
   463 00003944 B800090000          <1>     mov eax, 0900h
   464                              <1> .pathExit:
   465 00003949 CD21                <1>     int 21h
   466 0000394B E8B1090000          <1>     call printCRLF      ;Print a crlf at the end
   467                              <1>     return
    13                              <2> %%_ret:
    14 00003950 C3                  <2>  ret
    15                              <2> %assign retOff %%_ret-$$
   468                              <1> .skipPathDelimiters:
   469                              <1> ;Input: rsi -> Start of string to parse
   470                              <1> ;Output: rsi -> First non-delimiter char of string
   471                              <1> ;        al = First non delim char
   472 00003951 AC                  <1>     lodsb
   473 00003952 E806000000          <1>     call .isALPathDelimiter
   474 00003957 74F8                <1>     je .skipPathDelimiters
   475 00003959 48FFCE              <1>     dec rsi
   476                              <1>     return
    13                              <2> %%_ret:
    14 0000395C C3                  <2>  ret
    15                              <2> %assign retOff %%_ret-$$
   477                              <1> .isALPathDelimiter:
   478                              <1> ;Same as before without semicolon
   479 0000395D 3C20                <1>     cmp al, SPC
   480                              <1>     rete
    49                              <2> cret e
    19                              <3> %%_base:
    20                              <3> %assign baseVar %%_base-$$
    21                              <3>  %ifdef retOff
    22                              <3>  %if (baseVar - retOff <= 126) && (baseVar > retOff)
    23                              <3>  %ifdef currSegVBase
    24 0000395F 74(5C)              <3>  j%+1 short (retOff+currSegVBase)
    25                              <3>  %else
    26                              <3>  j%+1 short retOff
    27                              <3>  %endif
    28                              <3>  %else
    29                              <3>  j%-1 short %%a
    30                              <3>  return
    31                              <3> %%a:
    32                              <3>  %endif
    33                              <3>  %else
    34                              <3>  j%-1 short %%a
    35                              <3>  return
    36                              <3> %%a:
    37                              <3>  %endif
   481 00003961 3C09                <1>     cmp al, TAB
   482                              <1>     rete
    49                              <2> cret e
    19                              <3> %%_base:
    20                              <3> %assign baseVar %%_base-$$
    21                              <3>  %ifdef retOff
    22                              <3>  %if (baseVar - retOff <= 126) && (baseVar > retOff)
    23                              <3>  %ifdef currSegVBase
    24 00003963 74(5C)              <3>  j%+1 short (retOff+currSegVBase)
    25                              <3>  %else
    26                              <3>  j%+1 short retOff
    27                              <3>  %endif
    28                              <3>  %else
    29                              <3>  j%-1 short %%a
    30                              <3>  return
    31                              <3> %%a:
    32                              <3>  %endif
    33                              <3>  %else
    34                              <3>  j%-1 short %%a
    35                              <3>  return
    36                              <3> %%a:
    37                              <3>  %endif
   483 00003965 3C2C                <1>     cmp al, ","
   484                              <1>     rete
    49                              <2> cret e
    19                              <3> %%_base:
    20                              <3> %assign baseVar %%_base-$$
    21                              <3>  %ifdef retOff
    22                              <3>  %if (baseVar - retOff <= 126) && (baseVar > retOff)
    23                              <3>  %ifdef currSegVBase
    24 00003967 74(5C)              <3>  j%+1 short (retOff+currSegVBase)
    25                              <3>  %else
    26                              <3>  j%+1 short retOff
    27                              <3>  %endif
    28                              <3>  %else
    29                              <3>  j%-1 short %%a
    30                              <3>  return
    31                              <3> %%a:
    32                              <3>  %endif
    33                              <3>  %else
    34                              <3>  j%-1 short %%a
    35                              <3>  return
    36                              <3> %%a:
    37                              <3>  %endif
   485 00003969 3C3D                <1>     cmp al, "="
   486                              <1>     return
    13                              <2> %%_ret:
    14 0000396B C3                  <2>  ret
    15                              <2> %assign retOff %%_ret-$$
   487                              <1> 
   488                              <1> prompt:
   489 0000396C E8A10F0000          <1>     call checkEnvGoodAndGet         ;Use as a good environment check!
   490 00003971 0F84EBE0FFFF        <1>     jz badEnvSpaceError
   491                              <1>     ;Now we know we can use r8 to get the envptr when needed
   492 00003977 498DB081000000      <1>     lea rsi, qword [r8 + cmdLine]   ;Get the ptr to scan for ; or <CR>
   493 0000397E E8C10B0000          <1>     call skipDelimiters ;Points rsi to the first non-delimiter char
   494 00003983 803E0D              <1>     cmp byte [rsi], CR  ;Is the first non-delim a CR?
   495 00003986 742C                <1>     je .reset   ;Reset if so
   496 00003988 56                  <1>     push rsi    ;Save ptr to the start of the user typed line
   497 00003989 488D3548CEFFFF      <1>     lea rsi, promptEVar ;Copy the PROMPT= prefix to searchspec
   498 00003990 488D3D(70040000)    <1>     lea rdi, searchSpec
   499 00003997 B907000000          <1>     mov ecx, 7  ;Copy without <CR>
   500 0000399C F3A4                <1>     rep movsb
   501 0000399E 5E                  <1>     pop rsi ;Get back ptr to the user typed line
   502 0000399F 31C9                <1>     xor ecx, ecx    ;Get char count
   503                              <1> .cp:    ;Now copy the user string over
   504 000039A1 AC                  <1>     lodsb
   505 000039A2 AA                  <1>     stosb 
   506 000039A3 3C0D                <1>     cmp al, CR
   507 000039A5 7404                <1>     je .cpOk
   508 000039A7 FFC1                <1>     inc ecx ;Increment count if non CR char copied over
   509 000039A9 EBF6                <1>     jmp short .cp
   510                              <1> .cpOk:
   511 000039AB 488D35(70040000)    <1>     lea rsi, searchSpec ;Source the string from here
   512 000039B2 EB09                <1>     jmp short .goSet    ;Got the CR-less count
   513                              <1> .reset:
   514                              <1> ;Delete the environment variable!
   515 000039B4 488D351DCEFFFF      <1>     lea rsi, promptEVar 
   516 000039BB 31C9                <1>     xor ecx, ecx    ;No chars to write to the envstring
   517                              <1> .goSet:
   518 000039BD 81C107000000        <1>     add ecx, 7  ;Add the chars for the prompt= string too
   519 000039C3 41888880000000      <1>     mov byte [r8 + cmdLineCnt], cl 
   520 000039CA FFC1                <1>     inc ecx     ;Include CR in copy
   521 000039CC 498DB881000000      <1>     lea rdi, qword [r8 + cmdLine]
   522 000039D3 57                  <1>     push rdi
   523 000039D4 F3A4                <1>     rep movsb
   524 000039D6 5E                  <1>     pop rsi
   525 000039D7 E9F0FDFFFF          <1>     jmp set.altEp
   526                              <1> 
   527                              <1> echo:
   528                              <1> ;Echo behaves funny. If the first char in the tail is one of ,=;.+
   529                              <1> ; it doesn't print it, treating it as a whitespace. 
   530                              <1> ; It skips actual whitespaces, not delimiters as normal.
   531 000039DC 498DB081000000      <1>     lea rsi, qword [r8 + cmdLine]
   532 000039E3 4889F5              <1>     mov rbp, rsi    ;Save the pointer in rbp
   533                              <1> .skipws:
   534 000039E6 AC                  <1>     lodsb
   535 000039E7 3C20                <1>     cmp al, SPC
   536 000039E9 74FB                <1>     je .skipws
   537 000039EB 3C09                <1>     cmp al, TAB
   538 000039ED 74F7                <1>     je .skipws
   539                              <1> ;Now we have the first non-whitespace char. Check if it is CR. 
   540                              <1> ; If so, it means print echo status.
   541 000039EF 3C0D                <1>     cmp al, CR
   542 000039F1 752A                <1>     jne .notStatus
   543 000039F3 488D15CDCBFFFF      <1>     lea rdx, echoIs
   544 000039FA E809090000          <1>     call printString
   545 000039FF 488D15A4CBFFFF      <1>     lea rdx, onMes
   546 00003A06 488D0D93CBFFFF      <1>     lea rcx, offMes
   547 00003A0D F605F9C5FFFFFF      <1>     test byte [echoFlg], -1
   548 00003A14 480F44D1            <1>     cmovz rdx, rcx
   549 00003A18 E9EB080000          <1>     jmp printString
   550                              <1> .notStatus:
   551                              <1> ;Now check if we are doing an ECHO ON or ECHO OFF 
   552 00003A1D 4889EE              <1>     mov rsi, rbp        ;Point back to the head of the tail.
   553 00003A20 E81F0B0000          <1>     call skipDelimiters
   554 00003A25 E89E0E0000          <1>     call makeArgAsciz       ;Do a normal argument
   555 00003A2A E8150B0000          <1>     call skipDelimiters
   556 00003A2F 803E0D              <1>     cmp byte [rsi], CR
   557 00003A32 752C                <1>     jne .doEcho
   558                              <1> ;Here if one word, check if it is ON or OFF.
   559 00003A34 488D3574CBFFFF      <1>     lea rsi, onStr
   560 00003A3B E8AF0E0000          <1>     call strcmp
   561 00003A40 7508                <1>     jne .checkOff
   562 00003A42 C605C4C5FFFF01      <1>     mov byte [echoFlg], 1   ;Set to 1 if on.
   563                              <1>     return
    13                              <2> %%_ret:
    14 00003A49 C3                  <2>  ret
    15                              <2> %assign retOff %%_ret-$$
   564                              <1> .checkOff:
   565 00003A4A 488D3555CBFFFF      <1>     lea rsi, offStr
   566 00003A51 E8990E0000          <1>     call strcmp
   567 00003A56 7508                <1>     jne .doEcho       ;If neither ON nor OFF, 
   568 00003A58 C605AEC5FFFF00      <1>     mov byte [echoFlg], 0   ;Set to 0 if off.
   569                              <1>     return
    13                              <2> %%_ret:
    14 00003A5F C3                  <2>  ret
    15                              <2> %assign retOff %%_ret-$$
   570                              <1> .doEcho:
   571                              <1> ;Else we have to echo something now. 
   572 00003A60 4889EA              <1>     mov rdx, rbp    ;Point rdx to the print buffer
   573 00003A63 0FB64AFF            <1>     movzx ecx, byte [rdx - 1]   ;Get the count byte
   574 00003A67 8A02                <1>     mov al, byte [rdx]  ;Get the first char, if it is special, ignore it.
   575 00003A69 E818000000          <1>     call .isAlSpecial
   576 00003A6E 7505                <1>     jne .doPrint
   577 00003A70 FFC9                <1>     dec ecx ;Drop the special first char from the count
   578 00003A72 48FFC2              <1>     inc rdx
   579                              <1> .doPrint:
   580                              <1> ;ecx = count of chars to print
   581                              <1> ;rdx -> Buffer to print
   582 00003A75 BB01000000          <1>     mov ebx, 1  ;STDOUT
   583 00003A7A B800400000          <1>     mov eax, 4000h
   584 00003A7F CD21                <1>     int 21h
   585 00003A81 E97B080000          <1>     jmp printCRLF
   586                              <1> 
   587                              <1> .isAlSpecial:
   588                              <1> ;Called on the first char after whitespace skip
   589 00003A86 3C2E                <1>     cmp al, "."
   590                              <1>     rete
    49                              <2> cret e
    19                              <3> %%_base:
    20                              <3> %assign baseVar %%_base-$$
    21                              <3>  %ifdef retOff
    22                              <3>  %if (baseVar - retOff <= 126) && (baseVar > retOff)
    23                              <3>  %ifdef currSegVBase
    24 00003A88 74(5F)              <3>  j%+1 short (retOff+currSegVBase)
    25                              <3>  %else
    26                              <3>  j%+1 short retOff
    27                              <3>  %endif
    28                              <3>  %else
    29                              <3>  j%-1 short %%a
    30                              <3>  return
    31                              <3> %%a:
    32                              <3>  %endif
    33                              <3>  %else
    34                              <3>  j%-1 short %%a
    35                              <3>  return
    36                              <3> %%a:
    37                              <3>  %endif
   591 00003A8A 3C2B                <1>     cmp al, "+"
   592                              <1>     rete
    49                              <2> cret e
    19                              <3> %%_base:
    20                              <3> %assign baseVar %%_base-$$
    21                              <3>  %ifdef retOff
    22                              <3>  %if (baseVar - retOff <= 126) && (baseVar > retOff)
    23                              <3>  %ifdef currSegVBase
    24 00003A8C 74(5F)              <3>  j%+1 short (retOff+currSegVBase)
    25                              <3>  %else
    26                              <3>  j%+1 short retOff
    27                              <3>  %endif
    28                              <3>  %else
    29                              <3>  j%-1 short %%a
    30                              <3>  return
    31                              <3> %%a:
    32                              <3>  %endif
    33                              <3>  %else
    34                              <3>  j%-1 short %%a
    35                              <3>  return
    36                              <3> %%a:
    37                              <3>  %endif
   593 00003A8E E8BF0A0000          <1>     call isALdelimiter
   594                              <1>     return
    13                              <2> %%_ret:
    14 00003A93 C3                  <2>  ret
    15                              <2> %assign retOff %%_ret-$$
   595                              <1> 
   596                              <1> pauza:  ;Well... pause is an instruction in english 0:)
   597                              <1> ;Thank you authors of MSDOS Encyclopedia for confusing an argument to this command
   598                              <1> ; with just... the actual command tail being echoed with the command -_-
   599 00003A94 F60572C5FFFFFF      <1>     test byte [echoFlg], -1
   600 00003A9B 7528                <1>     jnz .echoTail
   601                              <1> ;Since we havent echoed the command out, type the tail out manually
   602 00003A9D 498DB081000000      <1>     lea rsi, qword [r8 + cmdLine]  ;Goto command line
   603 00003AA4 E89B0A0000          <1>     call skipDelimiters ;Skip leading delims
   604 00003AA9 4889F2              <1>     mov rdx, rsi
   605 00003AAC 410FB68880000000    <1>     movzx ecx, byte [r8 + cmdLineCnt]  ;Get the count
   606 00003AB4 BB01000000          <1>     mov ebx, 1  ;Echo to STDOUT 
   607 00003AB9 B800400000          <1>     mov eax, 4000h  ;Write
   608 00003ABE CD21                <1>     int 21h
   609 00003AC0 E83C080000          <1>     call printCRLF
   610                              <1> .echoTail:
   611 00003AC5 488D1567C8FFFF      <1>     lea rdx, pauseMes
   612 00003ACC E837080000          <1>     call printString
   613 00003AD1 B800080000          <1>     mov eax, 0800h  ;CON input w/o echo. Triggers ^C
   614 00003AD6 CD21                <1>     int 21h
   615 00003AD8 E824080000          <1>     call printCRLF
   616                              <1> remark:
   617                              <1>     return
    13                              <2> %%_ret:
    14 00003ADD C3                  <2>  ret
    15                              <2> %assign retOff %%_ret-$$
   618                              <1> ;If in a batch file, do nothing. Else, go through normal loop.
   619                              <1> ;    test byte [statFlg1], inBatch
   620                              <1> ;    retz
   621                              <1> ;.go:
   622                              <1> ;    pop rbx
   623                              <1> ;    pop rbx ;Realign the stack back :)
   624                              <1> ;    call getSetMainState
   625                              <1> ;    jmp commandMain.inputGetAgain   ;Clean any redirs and get input
   626                              <1> 
   627                              <1> shift:
   628                              <1> ;If not in batch, immediately return!
   629 00003ADE F605(1A000000)08    <1>     test byte [statFlg1], inBatch
   630                              <1>     retz
    41                              <2> cret z
    19                              <3> %%_base:
    20                              <3> %assign baseVar %%_base-$$
    21                              <3>  %ifdef retOff
    22                              <3>  %if (baseVar - retOff <= 126) && (baseVar > retOff)
    23                              <3>  %ifdef currSegVBase
    24 00003AE5 74(DD)              <3>  j%+1 short (retOff+currSegVBase)
    25                              <3>  %else
    26                              <3>  j%+1 short retOff
    27                              <3>  %endif
    28                              <3>  %else
    29                              <3>  j%-1 short %%a
    30                              <3>  return
    31                              <3> %%a:
    32                              <3>  %endif
    33                              <3>  %else
    34                              <3>  j%-1 short %%a
    35                              <3>  return
    36                              <3> %%a:
    37                              <3>  %endif
   631 00003AE7 488B1D(1B000000)    <1>     mov rbx, qword [bbPtr]  ;Get the batch block
   632 00003AEE 488D7B13            <1>     lea rdi, qword [rbx + batBlockHdr.wArgs]
   633 00003AF2 488D7702            <1>     lea rsi, qword [rdi + 2]    ;Source from one word ahead
   634 00003AF6 B909000000          <1>     mov ecx, 9
   635 00003AFB 31C0                <1>     xor eax, eax
   636                              <1> .lp:
   637 00003AFD 66AD                <1>     lodsw
   638 00003AFF 66AB                <1>     stosw
   639 00003B01 3DFFFF0000          <1>     cmp eax, 0FFFFh   ;Once we xfer a -1 word, no more args on cmd line
   640                              <1>     retz
    41                              <2> cret z
    19                              <3> %%_base:
    20                              <3> %assign baseVar %%_base-$$
    21                              <3>  %ifdef retOff
    22                              <3>  %if (baseVar - retOff <= 126) && (baseVar > retOff)
    23                              <3>  %ifdef currSegVBase
    24 00003B06 74(DD)              <3>  j%+1 short (retOff+currSegVBase)
    25                              <3>  %else
    26                              <3>  j%+1 short retOff
    27                              <3>  %endif
    28                              <3>  %else
    29                              <3>  j%-1 short %%a
    30                              <3>  return
    31                              <3> %%a:
    32                              <3>  %endif
    33                              <3>  %else
    34                              <3>  j%-1 short %%a
    35                              <3>  return
    36                              <3> %%a:
    37                              <3>  %endif
   641 00003B08 FFC9                <1>     dec ecx
   642 00003B0A 75F1                <1>     jnz .lp
   643                              <1> ;Now we gotta scan for one more cmdline argument
   644 00003B0C 66C74325FFFF        <1>     mov word [rbx + batBlockHdr.wArgs + 2*9], -1   ;Init a -1 at the end
   645 00003B12 B00D                <1>     mov al, CR
   646 00003B14 31C9                <1>     xor ecx, ecx
   647 00003B16 FFC9                <1>     dec ecx ;
   648 00003B18 488D3C03            <1>     lea rdi, qword [rbx + rax]  ;rax has the last offset
   649 00003B1C F2AE                <1>     repne scasb ;Find CR which terminated old last argument, go past it
   650 00003B1E 803F00              <1>     cmp byte [rdi], 0   ;If this is the terminating null, leave as -1
   651                              <1>     rete
    49                              <2> cret e
    19                              <3> %%_base:
    20                              <3> %assign baseVar %%_base-$$
    21                              <3>  %ifdef retOff
    22                              <3>  %if (baseVar - retOff <= 126) && (baseVar > retOff)
    23                              <3>  %ifdef currSegVBase
    24 00003B21 74(DD)              <3>  j%+1 short (retOff+currSegVBase)
    25                              <3>  %else
    26                              <3>  j%+1 short retOff
    27                              <3>  %endif
    28                              <3>  %else
    29                              <3>  j%-1 short %%a
    30                              <3>  return
    31                              <3> %%a:
    32                              <3>  %endif
    33                              <3>  %else
    34                              <3>  j%-1 short %%a
    35                              <3>  return
    36                              <3> %%a:
    37                              <3>  %endif
   652 00003B23 4829DF              <1>     sub rdi, rbx    ;Get the offset from batBlockHdr
   653 00003B26 66897B25            <1>     mov word [rbx + batBlockHdr.wArgs + 2*9], di    ;Store the difference
   654                              <1>     return
    13                              <2> %%_ret:
    14 00003B2A C3                  <2>  ret
    15                              <2> %assign retOff %%_ret-$$
   655                              <1>     
   656                              <1> goto:
   657                              <1> ;If not in batch, immediately return!
   658 00003B2B F605(1A000000)08    <1>     test byte [statFlg1], inBatch
   659                              <1>     retz
    41                              <2> cret z
    19                              <3> %%_base:
    20                              <3> %assign baseVar %%_base-$$
    21                              <3>  %ifdef retOff
    22                              <3>  %if (baseVar - retOff <= 126) && (baseVar > retOff)
    23                              <3>  %ifdef currSegVBase
    24 00003B32 74(2A)              <3>  j%+1 short (retOff+currSegVBase)
    25                              <3>  %else
    26                              <3>  j%+1 short retOff
    27                              <3>  %endif
    28                              <3>  %else
    29                              <3>  j%-1 short %%a
    30                              <3>  return
    31                              <3> %%a:
    32                              <3>  %endif
    33                              <3>  %else
    34                              <3>  j%-1 short %%a
    35                              <3>  return
    36                              <3> %%a:
    37                              <3>  %endif
   660 00003B34 488B2D(1B000000)    <1>     mov rbp, qword [bbPtr]
   661 00003B3B 4885ED              <1>     test rbp, rbp
   662                              <1>     retz
    41                              <2> cret z
    19                              <3> %%_base:
    20                              <3> %assign baseVar %%_base-$$
    21                              <3>  %ifdef retOff
    22                              <3>  %if (baseVar - retOff <= 126) && (baseVar > retOff)
    23                              <3>  %ifdef currSegVBase
    24 00003B3E 74(2A)              <3>  j%+1 short (retOff+currSegVBase)
    25                              <3>  %else
    26                              <3>  j%+1 short retOff
    27                              <3>  %endif
    28                              <3>  %else
    29                              <3>  j%-1 short %%a
    30                              <3>  return
    31                              <3> %%a:
    32                              <3>  %endif
    33                              <3>  %else
    34                              <3>  j%-1 short %%a
    35                              <3>  return
    36                              <3> %%a:
    37                              <3>  %endif
   663                              <1> ;Start by copying the command line label to fcb1
   664 00003B40 498DB081000000      <1>     lea rsi, qword [r8 + cmdLine]
   665 00003B47 498D785D            <1>     lea rdi, qword [r8 + fcb1 + fcb.filename]  ;Use fcb1 for the command line
   666 00003B4B E8F4090000          <1>     call skipDelimiters     ;Go to the first argument on cmdline
   667 00003B50 B908000000          <1>     mov ecx, 8
   668 00003B55 803E3A              <1>     cmp byte [rsi], ":" ;If we the first char of the cmdline lbl is :, skip
   669 00003B58 7503                <1>     jne .startCopy
   670 00003B5A 48FFC6              <1>     inc rsi
   671                              <1> .startCopy:
   672 00003B5D AC                  <1>     lodsb
   673 00003B5E 3C20                <1>     cmp al, SPC         ;Skip any spaces
   674 00003B60 74FB                <1>     je .startCopy       
   675 00003B62 3C0D                <1>     cmp al, CR          ;If CR, exit copy
   676 00003B64 740C                <1>     je .endCopy
   677 00003B66 E8E7090000          <1>     call isALdelimiter  ;If delimiter char, exit copy
   678 00003B6B 7405                <1>     jz .endCopy
   679 00003B6D AA                  <1>     stosb           
   680 00003B6E FFC9                <1>     dec ecx             ;Decrement counter
   681 00003B70 75EB                <1>     jnz .startCopy
   682                              <1> .endCopy:
   683                              <1> ;Now search the batch file for the label.
   684 00003B72 F7D9                <1>     neg ecx
   685 00003B74 81C108000000        <1>     add ecx, 8      ;Get the number of chars copied into ecx
   686 00003B7A 498D505C            <1>     lea rdx, qword [r8 + fcb1]
   687 00003B7E 880A                <1>     mov byte [rdx + fcb.driveNum], cl    ;Store the count in drivenum
   688 00003B80 E8C7000000          <1>     call .ucChars   ;Now we UC the chars in the string
   689 00003B85 48C7450B00000000    <1>     mov qword [rbp + batBlockHdr.qBatOff], 0    ;Reset the file ptr
   690 00003B8D E82BDEFFFF          <1>     call batOpen    ;Open the batch file. Handle in ebx.
   691                              <1> ;File opened from the start. Now start byte by byte read.
   692                              <1> .notLabelLp:
   693 00003B92 F605(1A000000)10    <1>     test byte [statFlg1], batchEOF  
   694 00003B99 0F859B000000        <1>     jnz .eof    ;If we hit an ^Z while processing file, don't loop again
   695 00003B9F 498D506D            <1>     lea rdx, [r8 + fcb2 + fcb.filename]  ;fcb2 for the bat search buffer
   696                              <1> .findLbl:
   697                              <1> ;Keep searching for a label
   698 00003BA3 E84DDEFFFF          <1>     call batReadChar
   699 00003BA8 0F848C000000        <1>     jz .eof
   700 00003BAE 48FF450B            <1>     inc qword [rbp + batBlockHdr.qBatOff] ;Inc the fp for each char read
   701 00003BB2 803A3A              <1>     cmp byte [rdx], ":"
   702 00003BB5 75EC                <1>     jne .findLbl 
   703                              <1> ;Here we found a candidate label. Take 8 chars w/o spaces and initial :
   704 00003BB7 31C9                <1>     xor ecx, ecx
   705                              <1> .loadRead:
   706 00003BB9 E837DEFFFF          <1>     call batReadChar
   707 00003BBE 744D                <1>     jz .lblDone
   708 00003BC0 8A02                <1>     mov al, byte [rdx]  ;Get the char read into al
   709 00003BC2 48FF450B            <1>     inc qword [rbp + batBlockHdr.qBatOff] ;Inc the fp for each char read
   710 00003BC6 3C0D                <1>     cmp al, CR
   711 00003BC8 7433                <1>     je .lblDoneCR
   712 00003BCA 3C0A                <1>     cmp al, LF
   713 00003BCC 743F                <1>     je .lblDone
   714 00003BCE 3C20                <1>     cmp al, SPC
   715 00003BD0 74E7                <1>     je .loadRead
   716 00003BD2 E87B090000          <1>     call isALdelimiter
   717 00003BD7 740D                <1>     jz .pullEol ;If we have a delimiter char, pull it
   718 00003BD9 48FFC2              <1>     inc rdx ;Inc the storage pointer
   719 00003BDC FFC1                <1>     inc ecx ;Inc the count
   720 00003BDE 81F908000000        <1>     cmp ecx, 8  ;Once we read 8 chars, readthru to end of line
   721 00003BE4 75D3                <1>     jne .loadRead
   722                              <1> .pullEol:
   723 00003BE6 E80ADEFFFF          <1>     call batReadChar
   724 00003BEB 7420                <1>     jz .lblDone
   725 00003BED 48FF450B            <1>     inc qword [rbp + batBlockHdr.qBatOff] ;Inc the fp for each char read
   726 00003BF1 803A0D              <1>     cmp byte [rdx], CR
   727 00003BF4 7407                <1>     je .lblDoneCR
   728 00003BF6 803A0A              <1>     cmp byte [rdx], LF
   729 00003BF9 7412                <1>     je .lblDone
   730 00003BFB EBE9                <1>     jmp short .pullEol
   731                              <1> .lblDoneCR:
   732                              <1> ;Read a CR, check if the next char is an LF and scan past it.
   733 00003BFD E8F3DDFFFF          <1>     call batReadChar
   734 00003C02 7409                <1>     jz .lblDone
   735 00003C04 803A0A              <1>     cmp byte [rdx], LF
   736 00003C07 7504                <1>     jne .lblDone    ;No LF
   737                              <1> ;Else include the LF in the count to go past
   738 00003C09 48FF450B            <1>     inc qword [rbp + batBlockHdr.qBatOff] 
   739                              <1> .lblDone:
   740                              <1> ;Check what we have to see if it is possible to form a label
   741 00003C0D 498D506C            <1>     lea rdx, qword [r8 + fcb2]
   742 00003C11 880A                <1>     mov byte [rdx + fcb.driveNum], cl  ;Store the len in the drive letter
   743 00003C13 E834000000          <1>     call .ucChars    ;Now we UC the chars in the fcb pointed to by rdx
   744                              <1> ;Now compare the strings (trailing space padding)
   745 00003C18 488D32              <1>     lea rsi, qword [rdx]
   746 00003C1B AC                  <1>     lodsb   ;Get the count into al and move rsi to filename
   747 00003C1C 0FB6C8              <1>     movzx ecx, al   ;Move the count into ecx
   748 00003C1F 498D785D            <1>     lea rdi, qword [r8 + fcb1 + fcb.filename]
   749 00003C23 384FFF              <1>     cmp byte [rdi - 1], cl  ;If the counts are not equal, skip the cmp
   750 00003C26 0F8566FFFFFF        <1>     jne .notLabelLp
   751 00003C2C F3A6                <1>     repe cmpsb  ;Now do a string cmp
   752 00003C2E 0F855EFFFFFF        <1>     jne .notLabelLp
   753                              <1>     ;Here if the label is found. Bat FP points to the next line to read.
   754 00003C34 E8B4DDFFFF          <1>     call batClose   ;Close the handle
   755                              <1>     return
    13                              <2> %%_ret:
    14 00003C39 C3                  <2>  ret
    15                              <2> %assign retOff %%_ret-$$
   756                              <1>     ;jmp remark.go   ;Now behave like rem to get the next line!
   757                              <1> .eof:
   758                              <1> ;Print label not found, end batch mode and return
   759 00003C3A 488D15D5C8FFFF      <1>     lea rdx, badLbl
   760 00003C41 E8C2060000          <1>     call printString
   761 00003C46 E8D5DAFFFF          <1>     call batFinish  ;Kill the batch processor
   762                              <1>     return
    13                              <2> %%_ret:
    14 00003C4B C3                  <2>  ret
    15                              <2> %assign retOff %%_ret-$$
   763                              <1> 
   764                              <1> .ucChars:
   765                              <1> ;Input: rdx -> Buffer where the first byte gives number of chars to UC
   766                              <1> ;Output: The rdx[0] bytes from rdx[1] are UC'd
   767 00003C4C 50                  <1>     push rax
   768 00003C4D 51                  <1>     push rcx
   769 00003C4E 56                  <1>     push rsi
   770                              <1> 
   771 00003C4F 488D7201            <1>     lea rsi, qword [rdx + 1]    ;Start of string to uppercase
   772 00003C53 0FB60A              <1>     movzx ecx, byte [rdx]       ;Get byte count to uppercase
   773                              <1> .ucclp:
   774 00003C56 AC                  <1>     lodsb   ;Get the char
   775 00003C57 E8CD080000          <1>     call ucChar
   776 00003C5C 8846FF              <1>     mov byte [rsi - 1], al  ;Replace the char with it's UC'd version
   777 00003C5F FFC9                <1>     dec ecx     
   778 00003C61 75F3                <1>     jnz .ucclp  ;Go again if we havent exhausted all chars
   779                              <1>     
   780 00003C63 5E                  <1>     pop rsi
   781 00003C64 59                  <1>     pop rcx
   782 00003C65 58                  <1>     pop rax
   783                              <1>     return
    13                              <2> %%_ret:
    14 00003C66 C3                  <2>  ret
    15                              <2> %assign retOff %%_ret-$$
   784                              <1> 
   785                              <1> ifCmd:
   786 00003C67 C605(72000000)00    <1>     mov byte [ifFlg], ifReset ;Reset not state
   787 00003C6E 498DB081000000      <1>     lea rsi, qword [r8 + cmdLine]
   788 00003C75 E8600C0000          <1>     call getNextArg    ;Skip leading delimiters
   789 00003C7A 4889F3              <1>     mov rbx, rsi        ;Save the possible start of string ptr (if string)
   790 00003C7D E8390C0000          <1>     call makeAsciizAdv ;Move rsi to next word, rdi -> ASCIZ string
   791 00003C82 56                  <1>     push rsi    ;Save ptr to the next word on stack
   792 00003C83 488D35BFC9FFFF      <1>     lea rsi, notString
   793 00003C8A E8600C0000          <1>     call strcmp
   794 00003C8F 5E                  <1>     pop rsi
   795 00003C90 750F                <1>     jne .chkErlvl
   796 00003C92 800D(72000000)01    <1>     or byte [ifFlg], ifNot  ;Set not on
   797 00003C99 4889F3              <1>     mov rbx, rsi    ;Save the start of string ptr (if string)
   798 00003C9C E81A0C0000          <1>     call makeAsciizAdv     ;Goto next word
   799                              <1> .chkErlvl:
   800 00003CA1 56                  <1>     push rsi    ;rsi points to the argument
   801 00003CA2 488D35A4C9FFFF      <1>     lea rsi, errlvlStr
   802 00003CA9 E8410C0000          <1>     call strcmp
   803 00003CAE 5E                  <1>     pop rsi
   804 00003CAF 0F849A000000        <1>     je .errorLvl
   805 00003CB5 56                  <1>     push rsi
   806 00003CB6 488D359BC9FFFF      <1>     lea rsi, existStr
   807 00003CBD E82D0C0000          <1>     call strcmp
   808 00003CC2 5E                  <1>     pop rsi
   809 00003CC3 7472                <1>     je .exist
   810                              <1> ;Here we check condition string1==string2
   811                              <1> ;rsi points to the start of the string to check condition of
   812 00003CC5 4889DE              <1>     mov rsi, rbx    ;Get back the start of the string
   813 00003CC8 4889F7              <1>     mov rdi, rsi    ;Move rdi to the start of the string
   814 00003CCB 31C9                <1>     xor ecx, ecx    ;String length cnt
   815                              <1> .scCheck:
   816 00003CCD AC                  <1>     lodsb
   817 00003CCE 3C3D                <1>     cmp al, "="
   818 00003CD0 7417                <1>     je .scEqFnd
   819 00003CD2 E87B080000          <1>     call isALdelimiter
   820 00003CD7 0F847CDDFFFF        <1>     je badSyntaxError
   821 00003CDD 3C0D                <1>     cmp al, CR
   822 00003CDF 0F8474DDFFFF        <1>     je badSyntaxError
   823 00003CE5 FFC1                <1>     inc ecx         ;One more char to count
   824 00003CE7 EBE4                <1>     jmp short .scCheck
   825                              <1> .scEqFnd:
   826 00003CE9 AC                  <1>     lodsb   ;Move rsi to the char past this equal sign
   827 00003CEA 3C3D                <1>     cmp al, "=" ;Is the second char an equal too?
   828 00003CEC 0F8567DDFFFF        <1>     jne badSyntaxError
   829 00003CF2 F3A6                <1>     repe cmpsb  ;Compare the strings, leave rsi past string 2
   830 00003CF4 7507                <1>     jnz .cndMiss
   831                              <1> .cndHit:
   832 00003CF6 800D(72000000)02    <1>     or byte [ifFlg], ifCond ;The default condition was hit
   833                              <1> .cndMiss:
   834 00003CFD 0FB605(72000000)    <1>     movzx eax, byte [ifFlg]
   835 00003D04 89C3                <1>     mov ebx, eax
   836 00003D06 D1EB                <1>     shr ebx, 1      ;Get bit 1 to bit 0
   837 00003D08 2501000000          <1>     and eax, 1      ;Isolate bit 0
   838 00003D0D 31D8                <1>     xor eax, ebx    ;xor the condition hit bit with not. If 1, execute!
   839                              <1>     retz            ;Else return silently!
    41                              <2> cret z
    19                              <3> %%_base:
    20                              <3> %assign baseVar %%_base-$$
    21                              <3>  %ifdef retOff
    22                              <3>  %if (baseVar - retOff <= 126) && (baseVar > retOff)
    23                              <3>  %ifdef currSegVBase
    24                              <3>  j%+1 short (retOff+currSegVBase)
    25                              <3>  %else
    26                              <3>  j%+1 short retOff
    27                              <3>  %endif
    28                              <3>  %else
    29 00003D0F 7501                <3>  j%-1 short %%a
    30                              <3>  return
    13                              <4> %%_ret:
    14 00003D11 C3                  <4>  ret
    15                              <4> %assign retOff %%_ret-$$
    31                              <3> %%a:
    32                              <3>  %endif
    33                              <3>  %else
    34                              <3>  j%-1 short %%a
    35                              <3>  return
    36                              <3> %%a:
    37                              <3>  %endif
   840                              <1> ;Now rsi points to delims before the command. 
   841                              <1> ; Skip the delims and copy the argument!
   842 00003D12 E82D080000          <1>     call skipDelimiters    ;Now go to the next argument (No need for CR check)
   843 00003D17 488D3D(C5010000)    <1>     lea rdi, qword [cLineBuffer + 2]
   844 00003D1E 31C9                <1>     xor ecx, ecx
   845                              <1> .cpExitLp:
   846 00003D20 AC                  <1>     lodsb
   847 00003D21 AA                  <1>     stosb
   848 00003D22 FFC1                <1>     inc ecx ;Add a new char to the count
   849 00003D24 3C0D                <1>     cmp al, CR
   850 00003D26 75F8                <1>     jne .cpExitLp
   851 00003D28 FFC9                <1>     dec ecx ;Drop CR from count
   852 00003D2A 880D(C4010000)      <1>     mov byte [cLineBuffer + 1], cl
   853 00003D30 58                  <1>     pop rax ;Balance the stack
   854 00003D31 58                  <1>     pop rax
   855 00003D32 E96BCDFFFF          <1>     jmp commandMain.batProceed    ;And execute the command now!
   856                              <1> .exist:
   857                              <1> ;Here we do the check for file existance
   858 00003D37 E87F0B0000          <1>     call makeAsciizAdv
   859 00003D3C B910000000          <1>     mov ecx, dirDirectory    ;Search for normal, RO and dir
   860 00003D41 4889FA              <1>     mov rdx, rdi    ;Move the ptr to rdx
   861 00003D44 B8004E0000          <1>     mov eax, 4E00h  ;Find first
   862 00003D49 CD21                <1>     int 21h
   863 00003D4B 73A9                <1>     jnc .cndHit
   864 00003D4D EBAE                <1>     jmp short .cndMiss
   865                              <1> .errorLvl:
   866                              <1> ;Here we do the check for error level
   867 00003D4F E8670B0000          <1>     call makeAsciizAdv
   868 00003D54 4887FE              <1>     xchg rdi, rsi
   869 00003D57 E8A10A0000          <1>     call getNum     ;Get value in eax
   870 00003D5C 3DFF000000          <1>     cmp eax, 255    ;Value can't be bigger than 255
   871 00003D61 0F87F2DCFFFF        <1>     ja badSyntaxError
   872 00003D67 4887FE              <1>     xchg rdi, rsi
   873 00003D6A 3A05(00000000)      <1>     cmp al, byte [returnCode]
   874 00003D70 7484                <1>     je .cndHit
   875 00003D72 E986FFFFFF          <1>     jmp .cndMiss
   876                              <1> 
   877                              <1> forCmd:
   878                              <1> ;FOR %<var> IN (list) DO command
   879                              <1> ;Allocate a FOR block, parse the for command line and fill in the forBlk.
   880                              <1> ; Works by writing a new version of the commandline for each element in the
   881                              <1> ; list. If %<arg> in the command, it just executes the command n times where 
   882                              <1> ; n is the number of elements in the list.
   883 00003D77 F605(74000000)FF    <1>     test byte [forFlg], -1
   884 00003D7E 0F85BEDCFFFF        <1>     jnz badForError
   885 00003D84 BB19000000          <1>     mov ebx, ((forBlk_size + 0Fh) >> 4) ;Get paras to allocate
   886 00003D89 B800480000          <1>     mov eax, 4800h  ;ALLOC
   887 00003D8E CD21                <1>     int 21h
   888 00003D90 0F82BADCFFFF        <1>     jc badNoMemError
   889 00003D96 C605(74000000)FF    <1>     mov byte [forFlg], -1   ;Set var
   890 00003D9D 488905(75000000)    <1>     mov qword [pForBlk], rax    ;Save the ptr to the ForBlk
   891 00003DA4 4889C5              <1>     mov rbp, rax            ;Move forblk ptr to rbp
   892                              <1> ;Clean the memory block for use
   893 00003DA7 4889C7              <1>     mov rdi, rax
   894 00003DAA 31C0                <1>     xor eax, eax
   895 00003DAC B986010000          <1>     mov ecx, forBlk_size
   896 00003DB1 F3AA                <1>     rep stosb
   897                              <1> ;Clean any pre-established redirs
   898 00003DB3 E8FADBFFFF          <1>     call batKillRedir   ;Preserves rbp
   899                              <1> ;Now copy the command line to the block :)
   900 00003DB8 488D35(C3010000)    <1>     lea rsi, cLineBuffer   ;Start reading what we typed in
   901 00003DBF 488DBD95000000      <1>     lea rdi, qword [rbp + forBlk.sCmdLine]
   902 00003DC6 57                  <1>     push rdi
   903 00003DC7 B982000000          <1>     mov ecx, cmdBufferL
   904 00003DCC F3A4                <1>     rep movsb   ;And copy!
   905 00003DCE 5E                  <1>     pop rsi     ;Now source the command line from our copy! :)
   906                              <1> ;Now we parse the command line.
   907 00003DCF 4881C602000000      <1>     add rsi, 2  ;Now skip the buffer length bytes
   908 00003DD6 E8FF0A0000          <1>     call getNextArg     ;Moves rdi to the FOR. Guaranteed to be so! 
   909                              <1> .findForLp:
   910 00003DDB E8DB0A0000          <1>     call makeAsciizAdv  ;Move rsi to the next word (%<VAR>) [LAZY!]
   911 00003DE0 56                  <1>     push rsi
   912 00003DE1 488D3567C7FFFF      <1>     lea rsi, forStr
   913 00003DE8 E8020B0000          <1>     call strcmp
   914 00003DED 5E                  <1>     pop rsi
   915 00003DEE 75EB                <1>     jne .findForLp  ;We are guaranteed to have a FOR in the command line
   916 00003DF0 E8C60A0000          <1>     call makeAsciizAdv  ;Moves rdi to the buffer. rsi to IN
   917 00003DF5 803F25              <1>     cmp byte [rdi], "%"
   918 00003DF8 0F85D3000000        <1>     jne .forBadSynExit
   919 00003DFE 807F0200            <1>     cmp byte [rdi + 2], 0
   920 00003E02 0F85C9000000        <1>     jne .forBadSynExit
   921 00003E08 0FB64701            <1>     movzx eax, byte [rdi + 1]
   922 00003E0C 888585010000        <1>     mov byte [rbp + forBlk.bLpVar], al  ;Store the loopchar
   923 00003E12 E8A40A0000          <1>     call makeAsciizAdv  ;Moves rdi to the buffer. rsi to "("
   924 00003E17 56                  <1>     push rsi
   925 00003E18 488D353FC8FFFF      <1>     lea rsi, inStr
   926 00003E1F E8CB0A0000          <1>     call strcmp
   927 00003E24 5E                  <1>     pop rsi
   928 00003E25 0F85A6000000        <1>     jne .forBadSynExit
   929                              <1> ;Need special handling now as "(" might be appended to element
   930 00003E2B AC                  <1>     lodsb   ;Get the byte, advance rsi past it 
   931 00003E2C 3A0532C8FFFF        <1>     cmp al, byte [listOpenStr]
   932 00003E32 0F8599000000        <1>     jne .forBadSynExit
   933 00003E38 E89D0A0000          <1>     call getNextArg
   934                              <1>     ;rsi points to the first list element
   935                              <1> .argCpy:
   936 00003E3D E8790A0000          <1>     call makeAsciizAdv  ;Move rsi to the next list element
   937                              <1> ;Now we check if this is just a ")"
   938 00003E42 0FB707              <1>     movzx eax, word [rdi]   ;Get this word
   939 00003E45 663B051AC8FFFF      <1>     cmp ax, word [listClosStr]  ;Was this ")"<NUL> ?
   940 00003E4C 744F                <1>     je .argCpyEnd
   941                              <1> ;Here we have a list element, rsi points to next entry in list
   942 00003E4E FE4500              <1>     inc byte [rbp + forBlk.bListc]  ;We have one more argument
   943 00003E51 488B9D85000000      <1>     mov rbx, qword [rbp + forBlk.pLstCurr]  ;Get ptr to space for list element
   944 00003E58 4885DB              <1>     test rbx, rbx
   945 00003E5B 7504                <1>     jnz .inProgress
   946                              <1> ;Here we have the first list element
   947 00003E5D 488D5D01            <1>     lea rbx, qword [rbp + forBlk.sListBlk]   ;Start writing here
   948                              <1> .inProgress:
   949                              <1> ;Now check if this command is terminated with a ). If it is, end of list.
   950 00003E61 57                  <1>     push rdi
   951 00003E62 E8B8060000          <1>     call strlen ;Get the string length 
   952 00003E67 81E902000000        <1>     sub ecx, 2     ;Drop terminating null
   953 00003E6D 4801CF              <1>     add rdi, rcx    ;Point to the final char
   954 00003E70 0FB707              <1>     movzx eax, word [rdi]   ;Get this char
   955 00003E73 663B05ECC7FFFF      <1>     cmp ax, word [listClosStr]  ;Was this ")"<NUL> ?
   956 00003E7A 7503                <1>     jne .notEnd
   957 00003E7C C60700              <1>     mov byte [rdi], 0   ;Overwrite with a null over the ")"
   958                              <1> .notEnd:
   959 00003E7F 5F                  <1>     pop rdi
   960 00003E80 56                  <1>     push rsi
   961 00003E81 4889FE              <1>     mov rsi, rdi    ;Source ASCIZ from the buffer we built in
   962 00003E84 4889DF              <1>     mov rdi, rbx    ;Write here
   963 00003E87 E87A060000          <1>     call strcpy     ;Copy and advance pointers with terminating null
   964 00003E8C 4889BD85000000      <1>     mov qword [rbp + forBlk.pLstCurr], rdi  ;Store next arg here
   965 00003E93 5E                  <1>     pop rsi
   966 00003E94 663B05CBC7FFFF      <1>     cmp ax, word [listClosStr]  ;Check again
   967 00003E9B 75A0                <1>     jne .argCpy ;If not equal, we loop again
   968                              <1> .argCpyEnd:
   969                              <1> ;rsi points to DO command here. 
   970                              <1> ;Parsed all arguments, store ptr to head of asciiz list for processing
   971 00003E9D E8190A0000          <1>     call makeAsciizAdv  ;Move rsi to the command string
   972 00003EA2 56                  <1>     push rsi
   973 00003EA3 488D35B7C7FFFF      <1>     lea rsi, doStr
   974 00003EAA E8400A0000          <1>     call strcmp
   975 00003EAF 5E                  <1>     pop rsi
   976 00003EB0 751F                <1>     jne .forBadSynExit
   977 00003EB2 4889B58D000000      <1>     mov qword [rbp + forBlk.pCmd], rsi  ;Store ptr to head of cmd string :)
   978 00003EB9 48C785850000000000- <1>     mov qword [rbp + forBlk.pLstCurr], 0 ;Signal to start from first arg
   978 00003EC2 0000                <1>
   979 00003EC4 807D0000            <1>     cmp byte [rbp + forBlk.bListc], 0   ;If the count of args 0, syntax error
   980 00003EC8 7407                <1>     je .forBadSynExit
   981 00003ECA E832040000          <1>     call printCRLF  ;Else print CRLF to indicate command accepted 
   982 00003ECF EB0A                <1>     jmp short forProceed    ;And go!!!!
   983                              <1> .forBadSynExit:
   984 00003ED1 E889010000          <1>     call forFree
   985 00003ED6 E97EDBFFFF          <1>     jmp badSyntaxError
   986                              <1> 
   987                              <1> forProceed:
   988                              <1> ;Start by getting the forblk pointer and set the FFblock immediately
   989 00003EDB 488B2D(75000000)    <1>     mov rbp, qword [pForBlk]    ;Get the ptr to the for block
   990 00003EE2 488D955A010000      <1>     lea rdx, qword [rbp + forBlk.sFFBuffer]
   991 00003EE9 B8001A0000          <1>     mov eax, 1A00h  ;Set the DTA to the FFblock dta
   992 00003EEE CD21                <1>     int 21h
   993                              <1> ;Now we ascertain whether or not we need a new list entry or use existing
   994                              <1> .longString:
   995 00003EF0 F68583000000FF      <1>     test byte [rbp + forBlk.bCmdWC], -1 ;If entry has WC, keep using
   996 00003EF7 0F8598000000        <1>     jne .ctnFor
   997                              <1> ;Here we go for a new entry! Check if we are at the start of the list.
   998 00003EFD 48F78585000000FFFF- <1>     test qword [rbp + forBlk.pLstCurr], -1    ;If null, just starting
   998 00003F06 FFFF                <1>
   999 00003F08 7506                <1>     jnz .getNextListElement
  1000                              <1> ;Here if we are starting a new for command.
  1001 00003F0A 488D7501            <1>     lea rsi, qword [rbp + forBlk.sListBlk]  ;First arg is here
  1002 00003F0E EB2F                <1>     jmp short .useString
  1003                              <1> .getNextListElement:
  1004                              <1> ;Else get the ptr and advance it!
  1005 00003F10 C6858300000000      <1>     mov byte [rbp + forBlk.bCmdWC], 0   ;Turn off wildcard if on
  1006 00003F17 488BB585000000      <1>     mov rsi, qword [rbp + forBlk.pLstCurr]  ;Get last processed arg ptr
  1007 00003F1E 4889F7              <1>     mov rdi, rsi    ;Need for strlen
  1008 00003F21 E8F9050000          <1>     call strlen
  1009 00003F26 4801CE              <1>     add rsi, rcx    ;Goto next arg!
  1010 00003F29 0FB64D00            <1>     movzx ecx, byte [rbp + forBlk.bListc]
  1011 00003F2D FE8584000000        <1>     inc byte [rbp + forBlk.bArgNum] ;We've gone to the next arg
  1012 00003F33 388D84000000        <1>     cmp byte [rbp + forBlk.bArgNum], cl
  1013 00003F39 0F84CD000000        <1>     je forEnd  ;Once equal, we have processed all args. Game over!
  1014                              <1> .useString:
  1015                              <1> ;Now update the pointer in the block!
  1016 00003F3F 4889B585000000      <1>     mov qword [rbp + forBlk.pLstCurr], rsi  ;Now working on this arg.
  1017                              <1> ;Now scan string for wildcards
  1018 00003F46 56                  <1>     push rsi
  1019                              <1> .wcCheck:
  1020 00003F47 AC                  <1>     lodsb
  1021 00003F48 84C0                <1>     test al, al 
  1022 00003F4A 740F                <1>     jz .wcCheckEnd
  1023 00003F4C 3C2A                <1>     cmp al, "*"
  1024 00003F4E 7404                <1>     je .wcFnd
  1025 00003F50 3C3F                <1>     cmp al, "?"
  1026 00003F52 75F3                <1>     jne .wcCheck
  1027                              <1> .wcFnd:
  1028 00003F54 C68583000000FF      <1>     mov byte [rbp + forBlk.bCmdWC], -1  ;We have wildcards!
  1029                              <1> .wcCheckEnd:
  1030                              <1> ;Here we copy the argument to the buffer (for possible expansion)
  1031 00003F5B 5E                  <1>     pop rsi ;Pop back the head of the string to copy over
  1032 00003F5C 488DBD17010000      <1>     lea rdi, qword [rbp + forBlk.sNameBuf]
  1033 00003F63 E8AD050000          <1>     call strcpy2    ;Copy w/o moving the pointers
  1034                              <1> ;rsi now can be trashed!
  1035 00003F68 B910000000          <1>     mov ecx, dirDirectory
  1036 00003F6D B8004E0000          <1>     mov eax, 4E00h  ;Find first
  1037                              <1> .searchAgain:   ;Need rdi -> Path for below
  1038 00003F72 4889FA              <1>     mov rdx, rdi    ;Move the pointer to rdx for search. 
  1039 00003F75 CD21                <1>     int 21h 
  1040 00003F77 7297                <1>     jc .getNextListElement  ;Get next list element.
  1041 00003F79 80BD83000000FF      <1>     cmp byte [rbp + forBlk.bCmdWC], -1  ;If no WC, use sNameBuf as is!
  1042 00003F80 7521                <1>     jne .copyCommand
  1043                              <1> ;Else, we must replace the wildcards. Cannot be in path as find first
  1044                              <1> ; doesn't resolve wildcards in path componants, only filename.
  1045 00003F82 E874060000          <1>     call findLastPathComponant  ;Point rdi to the last path componant
  1046                              <1> ;We don't need rsi pointing to the string anymore.
  1047 00003F87 488DB578010000      <1>     lea rsi, qword [rbp + forBlk.sFFBuffer + ffBlock.asciizName]
  1048 00003F8E E882050000          <1>     call strcpy2    ;Copy w/o moving pointers
  1049 00003F93 EB0E                <1>     jmp short .copyCommand
  1050                              <1> .ctnFor:
  1051                              <1> ;If we searched a filespec with a wildcard, we come here for the next
  1052                              <1> ; in the series. forBlk.sNameBuf is not corrupted while executing a command
  1053 00003F95 B8004F0000          <1>     mov eax, 4F00h  ;Find Next file for the file found in FFBuffer
  1054 00003F9A 488DBD17010000      <1>     lea rdi, qword [rbp + forBlk.sNameBuf]  ;Need for getting last pathcomp
  1055 00003FA1 EBCF                <1>     jmp short .searchAgain  ;We have a WC, get next file!
  1056                              <1> .copyCommand:
  1057                              <1> ;We substitute the string in forBlk.sNameBuf into the command line when we
  1058                              <1> ; hit a matching %<var>
  1059 00003FA3 488BB58D000000      <1>     mov rsi, qword [rbp + forBlk.pCmd]  ;Copy the command line
  1060 00003FAA 488D3D(C5010000)    <1>     lea rdi, qword [cLineBuffer + 2]   ;We will be writing to this buffer
  1061 00003FB1 31C9                <1>     xor ecx, ecx    ;Keep track of chars we copy over
  1062                              <1> .ccLp:
  1063 00003FB3 AC                  <1>     lodsb
  1064 00003FB4 3C25                <1>     cmp al, "%"     
  1065 00003FB6 7411                <1>     je .ccMeta      ;Go if metachar found!
  1066                              <1> .ccLp1:
  1067 00003FB8 3C0D                <1>     cmp al, CR
  1068 00003FBA 7444                <1>     jz .ccLpEnd     ;Exit if CR terminator found!
  1069 00003FBC 81F980000000        <1>     cmp ecx, inLen  ;If we are at space for CR w/o it then string too long.
  1070 00003FC2 743C                <1>     je .ccLpEnd     ;Truncate here
  1071 00003FC4 FFC1                <1>     inc ecx         ;Else, add one more char
  1072 00003FC6 AA                  <1>     stosb           ;And shove it!
  1073 00003FC7 EBEA                <1>     jmp short .ccLp
  1074                              <1> .ccMeta:
  1075 00003FC9 AC                  <1>     lodsb           ;Get the next char
  1076 00003FCA 3A8585010000        <1>     cmp al, byte [rbp + forBlk.bLpVar]  ;Compare if this is a var
  1077 00003FD0 75E6                <1>     jne .ccLp1  ;If not a var, strip the % and store the char directly
  1078                              <1> ;Else, here we expand!
  1079 00003FD2 56                  <1>     push rsi
  1080 00003FD3 57                  <1>     push rdi
  1081 00003FD4 89CA                <1>     mov edx, ecx    ;Save current char count in edx
  1082 00003FD6 488DBD17010000      <1>     lea rdi, qword [rbp + forBlk.sNameBuf]
  1083 00003FDD E83D050000          <1>     call strlen     ;Get replacement char count to ecx
  1084 00003FE2 FFC9                <1>     dec ecx         ;Drop the terminating null from the count
  1085 00003FE4 01CA                <1>     add edx, ecx    ;Get their sum
  1086 00003FE6 81FA80000000        <1>     cmp edx, inLen  ;Position 128 is saved for CR. sum must be less
  1087 00003FEC 7207                <1>     jb .ccOk
  1088 00003FEE 5F                  <1>     pop rdi
  1089 00003FEF 5E                  <1>     pop rsi
  1090 00003FF0 E9FBFEFFFF          <1>     jmp .longString     ;Get the next argument!
  1091                              <1> .ccOk:
  1092 00003FF5 4889FE              <1>     mov rsi, rdi    ;Source from the name buffer
  1093 00003FF8 5F                  <1>     pop rdi         ;Now get the original position to write the string in
  1094 00003FF9 F3A4                <1>     rep movsb       ;Copy over the string
  1095 00003FFB 5E                  <1>     pop rsi         ;And keep sourcing cha
  1096 00003FFC 89D1                <1>     mov ecx, edx    ;Get the current count of chars back into ecx
  1097 00003FFE EBB3                <1>     jmp short .ccLp ;And get the next char
  1098                              <1> .ccLpEnd:
  1099 00004000 AA                  <1>     stosb       ;Store the terminating CR
  1100 00004001 880D(C4010000)      <1>     mov byte [cLineBuffer + 1], cl ;Store var count here
  1101 00004007 E99FCAFFFF          <1>     jmp commandMain.goSingle    ;And do it! :)
  1102                              <1> forEnd:
  1103 0000400C 488DB595000000      <1>     lea rsi, qword [rbp + forBlk.sCmdLine]
  1104 00004013 488D3D(C3010000)    <1>     lea rdi, cLineBuffer
  1105 0000401A B982000000          <1>     mov ecx, cmdBufferL
  1106 0000401F F3A4                <1>     rep movsb   ;Zoom zoom copy the cmdline back home :)
  1107 00004021 E839000000          <1>     call forFree
  1108 00004026 488D25(40060000)    <1>     lea rsp, stackTop   ;Reset stack ptr! Unlikely needed!
  1109                              <1> ;Since we flushed buffers and reset cmdprocessor state before entering
  1110                              <1> ; we can jump directly to get input. There cannot be any redirections as
  1111                              <1> ; redirections are interpreted as part of the command that was looped on.
  1112 0000402D E91DCAFFFF          <1>     jmp commandMain.inputGetAgain
  1113                              <1> 
  1114                              <1> forPrintCmd:
  1115 00004032 9C                  <1>     pushfq
  1116 00004033 F605(74000000)FF    <1>     test byte [forFlg], -1
  1117 0000403A 7421                <1>     jz .exit    ;If not in a for, return
  1118 0000403C E845020000          <1>     call printPrompt    ;Now output prompt
  1119 00004041 498D9081000000      <1>     lea rdx, qword [r8 + cmdLine]   ;Get pre-pull cmdline!
  1120 00004048 0FB64AFF            <1>     movzx ecx, byte [rdx - 1]    ;Get the number of chars to print
  1121 0000404C BB01000000          <1>     mov ebx, 1  ;STDOUT
  1122 00004051 B800400000          <1>     mov eax, 4000h  ;Write woo!
  1123 00004056 CD21                <1>     int 21h
  1124 00004058 E89B020000          <1>     call printCRLFecho  ;Only print if ECHO ON. Note we have accepted input!
  1125                              <1> .exit:
  1126 0000405D 9D                  <1>     popfq
  1127                              <1>     return
    13                              <2> %%_ret:
    14 0000405E C3                  <2>  ret
    15                              <2> %assign retOff %%_ret-$$
  1128                              <1> 
  1129                              <1> forFree:
  1130                              <1> ;Reset FOR state. Frees the for block and clears the vars.
  1131 0000405F 50                  <1>     push rax
  1132 00004060 4150                <1>     push r8
  1133 00004062 4C8B05(75000000)    <1>     mov r8, qword [pForBlk]
  1134 00004069 4D85C0              <1>     test r8, r8
  1135 0000406C 7407                <1>     jz .exit
  1136 0000406E B800490000          <1>     mov eax, 4900h  ;Free block!
  1137 00004073 CD21                <1>     int 21h
  1138                              <1> .exit:
  1139 00004075 31C0                <1>     xor eax, eax
  1140 00004077 488905(75000000)    <1>     mov qword [pForBlk], rax
  1141 0000407E 8805(74000000)      <1>     mov byte [forFlg], al
  1142 00004084 4158                <1>     pop r8
  1143 00004086 58                  <1>     pop rax
  1144                              <1>     return
    13                              <2> %%_ret:
    14 00004087 C3                  <2>  ret
    15                              <2> %assign retOff %%_ret-$$
  1145                              <1> 
  1146                              <1> callCmd:
  1147                              <1>     ;jmp badCmdError ;Currently report bad command :)
  1148 00004088 498DB081000000      <1>     lea rsi, qword [r8 + cmdLine]   ;Copy the command tail!
  1149 0000408F 488D3D(C5010000)    <1>     lea rdi, cLineBuffer + 2
  1150 00004096 410FB68880000000    <1>     movzx ecx, byte [r8 + cmdLineCnt]  ;Get the count of chars
  1151 0000409E 884FFF              <1>     mov byte [rdi - 1], cl
  1152 000040A1 FFC1                <1>     inc ecx         ;Include the CR in the copy!
  1153 000040A3 F3A4                <1>     rep movsb
  1154 000040A5 C605(73000000)FF    <1>     mov byte [callFlg], -1  ;In a call!
  1155 000040AC E801D9FFFF          <1>     call batKillRedir       ;Liquidates all redirs and deletes presetup files
  1156 000040B1 58                  <1>     pop rax                 ;Realign stack
  1157 000040B2 58                  <1>     pop rax
  1158 000040B3 E9EAC9FFFF          <1>     jmp commandMain.batProceed
  1159                              <1> 
  1160                              <1> callClean:
  1161                              <1> ;Frees everything but the last one. 
  1162                              <1> ;There must be a pointer in bbPtr!
  1163                              <1> ;Returns with rbx -> Last pointer
  1164 000040B8 488B1D(1B000000)    <1>     mov rbx, qword [bbPtr]
  1165 000040BF 488B4302            <1>     mov rax, qword [rbx + batBlockHdr.pLink]
  1166 000040C3 4885C0              <1>     test rax, rax
  1167                              <1>     retz
    41                              <2> cret z
    19                              <3> %%_base:
    20                              <3> %assign baseVar %%_base-$$
    21                              <3>  %ifdef retOff
    22                              <3>  %if (baseVar - retOff <= 126) && (baseVar > retOff)
    23                              <3>  %ifdef currSegVBase
    24 000040C6 74(87)              <3>  j%+1 short (retOff+currSegVBase)
    25                              <3>  %else
    26                              <3>  j%+1 short retOff
    27                              <3>  %endif
    28                              <3>  %else
    29                              <3>  j%-1 short %%a
    30                              <3>  return
    31                              <3> %%a:
    32                              <3>  %endif
    33                              <3>  %else
    34                              <3>  j%-1 short %%a
    35                              <3>  return
    36                              <3> %%a:
    37                              <3>  %endif
  1168 000040C8 50                  <1>     push rax    ;Save the prev ptr
  1169 000040C9 E8D5D8FFFF          <1>     call batFree
  1170 000040CE 8F05(1B000000)      <1>     pop qword [bbPtr]   ;Pop it into var
  1171 000040D4 EBE2                <1>     jmp short callClean
  1172                              <1>     
    24                                  %include "./src/cmdUtils.asm"
     1                              <1> ;Misc functions and subroutines for command.com
     2                              <1> 
     3                              <1> printDate:
     4                              <1> ;Input: eax = Packed Date
     5                              <1> ;       eax[0:4] = Day of the month, a value in [0,...,31]
     6                              <1> ;       eax[5:8] = Month of the year, a value in [0,...,12]
     7                              <1> ;       eax[9:15] = Number of years since 1980, a value in [0,...,127]
     8                              <1> ;       ebx = 0 => Print two digit year
     9                              <1> ;       ebx = 1 => Print four digit year
    10 000040D6 53                  <1>     push rbx
    11 000040D7 89C1                <1>     mov ecx, eax    ;Save in ecx temporarily
    12 000040D9 803D(7D000000)01    <1>     cmp byte [ctryData + countryStruc.dtfmt], 1
    13 000040E0 7240                <1>     jb .usDate
    14 000040E2 777C                <1>     ja .jpnDate
    15                              <1> ;European: DD/MM/YY
    16 000040E4 251F000000          <1>     and eax, 1Fh    ;Save day bits
    17 000040E9 E8B0000000          <1>     call .printFirst
    18 000040EE 8A15(88000000)      <1>     mov dl, byte [ctryData + countryStruc.dateSep]
    19 000040F4 B402                <1>     mov ah, 02h
    20 000040F6 CD21                <1>     int 21h
    21                              <1> 
    22 000040F8 89C8                <1>     mov eax, ecx
    23 000040FA 25E0010000          <1>     and eax, 1E0h   ;Save bits 5-8
    24 000040FF C1E805              <1>     shr eax, 5
    25 00004102 E8B3000000          <1>     call .printSecond
    26                              <1> 
    27 00004107 8A15(88000000)      <1>     mov dl, byte [ctryData + countryStruc.dateSep]
    28 0000410D B402                <1>     mov ah, 02h
    29 0000410F CD21                <1>     int 21h
    30                              <1> 
    31 00004111 89C8                <1>     mov eax, ecx
    32 00004113 2500FE0000          <1>     and eax, 0FE00h ;Save bits 9-15
    33 00004118 C1E809              <1>     shr eax, 9
    34 0000411B 5B                  <1>     pop rbx ;Get the year signature back
    35 0000411C E8A9000000          <1>     call .printYear
    36                              <1>     return
    13                              <2> %%_ret:
    14 00004121 C3                  <2>  ret
    15                              <2> %assign retOff %%_ret-$$
    37                              <1> .usDate:
    38                              <1> ;US: MM/DD/YY
    39 00004122 25E0010000          <1>     and eax, 1E0h   ;Save bits 5-8
    40 00004127 C1E805              <1>     shr eax, 5
    41 0000412A E86F000000          <1>     call .printFirst
    42                              <1> 
    43 0000412F 8A15(88000000)      <1>     mov dl, byte [ctryData + countryStruc.dateSep]
    44 00004135 B402                <1>     mov ah, 02h
    45 00004137 CD21                <1>     int 21h
    46                              <1> 
    47 00004139 89C8                <1>     mov eax, ecx
    48 0000413B 251F000000          <1>     and eax, 1Fh    ;Save day bits
    49 00004140 E875000000          <1>     call .printSecond
    50                              <1> 
    51 00004145 8A15(88000000)      <1>     mov dl, byte [ctryData + countryStruc.dateSep]
    52 0000414B B402                <1>     mov ah, 02h
    53 0000414D CD21                <1>     int 21h
    54                              <1> 
    55 0000414F 89C8                <1>     mov eax, ecx
    56 00004151 2500FE0000          <1>     and eax, 0FE00h ;Save bits 9-15
    57 00004156 C1E809              <1>     shr eax, 9
    58 00004159 5B                  <1>     pop rbx ;Get the year signature back
    59 0000415A E86B000000          <1>     call .printYear
    60                              <1>     return
    13                              <2> %%_ret:
    14 0000415F C3                  <2>  ret
    15                              <2> %assign retOff %%_ret-$$
    61                              <1> .jpnDate:
    62                              <1> ;Japan: YY/MM/DD
    63 00004160 2500FE0000          <1>     and eax, 0FE00h ;Save bits 9-15
    64 00004165 C1E809              <1>     shr eax, 9
    65 00004168 5B                  <1>     pop rbx ;Get the year signature back
    66 00004169 E85C000000          <1>     call .printYear
    67                              <1> 
    68 0000416E 8A15(88000000)      <1>     mov dl, byte [ctryData + countryStruc.dateSep]
    69 00004174 B402                <1>     mov ah, 02h
    70 00004176 CD21                <1>     int 21h
    71                              <1> 
    72 00004178 89C8                <1>     mov eax, ecx
    73 0000417A 25E0010000          <1>     and eax, 1E0h   ;Save bits 5-8
    74 0000417F C1E805              <1>     shr eax, 5
    75 00004182 E833000000          <1>     call .printSecond
    76                              <1> 
    77 00004187 8A15(88000000)      <1>     mov dl, byte [ctryData + countryStruc.dateSep]
    78 0000418D B402                <1>     mov ah, 02h
    79 0000418F CD21                <1>     int 21h
    80                              <1> 
    81 00004191 89C8                <1>     mov eax, ecx
    82 00004193 251F000000          <1>     and eax, 1Fh    ;Save day bits
    83 00004198 E81D000000          <1>     call .printSecond
    84                              <1>     return
    13                              <2> %%_ret:
    14 0000419D C3                  <2>  ret
    15                              <2> %assign retOff %%_ret-$$
    85                              <1> 
    86                              <1> ;Each of these require eax setup correctly
    87                              <1> .printFirst:
    88 0000419E 51                  <1>     push rcx
    89 0000419F E826060000          <1>     call getDecimalWord
    90 000041A4 84ED                <1>     test ch, ch ;Do we have an upper digit?
    91 000041A6 7504                <1>     jnz .skipSpace
    92 000041A8 88CD                <1>     mov ch, cl
    93 000041AA B120                <1>     mov cl, " "
    94                              <1> .skipSpace:
    95 000041AC 88CA                <1>     mov dl, cl
    96 000041AE B402                <1>     mov ah, 02h
    97 000041B0 CD21                <1>     int 21h
    98 000041B2 88EA                <1>     mov dl, ch
    99 000041B4 B402                <1>     mov ah, 02h
   100 000041B6 CD21                <1>     int 21h
   101 000041B8 59                  <1>     pop rcx
   102                              <1>     return
    13                              <2> %%_ret:
    14 000041B9 C3                  <2>  ret
    15                              <2> %assign retOff %%_ret-$$
   103                              <1> .printSecond:
   104 000041BA 51                  <1>     push rcx
   105 000041BB E80A060000          <1>     call getDecimalWord
   106 000041C0 84ED                <1>     test ch, ch ;Do we have an upper digit?
   107 000041C2 75E8                <1>     jnz .skipSpace
   108 000041C4 88CD                <1>     mov ch, cl
   109 000041C6 B130                <1>     mov cl, "0"
   110 000041C8 EBE2                <1>     jmp short .skipSpace
   111                              <1> .printYear:
   112 000041CA 05BC070000          <1>     add eax, 1980
   113 000041CF 51                  <1>     push rcx
   114 000041D0 53                  <1>     push rbx
   115 000041D1 E8F4050000          <1>     call getDecimalWord ;Get unpacked in rcx
   116 000041D6 5B                  <1>     pop rbx
   117 000041D7 84DB                <1>     test bl, bl
   118 000041D9 740C                <1>     jz .twoDigitYear
   119 000041DB 88CA                <1>     mov dl, cl  ;Print the first digit
   120 000041DD B402                <1>     mov ah, 02h
   121 000041DF CD21                <1>     int 21h
   122 000041E1 88EA                <1>     mov dl, ch  ;Print the second digit
   123 000041E3 B402                <1>     mov ah, 02h
   124 000041E5 CD21                <1>     int 21h
   125                              <1> .twoDigitYear:
   126 000041E7 C1E910              <1>     shr ecx, 10h    ;Get high word low
   127 000041EA 88CA                <1>     mov dl, cl  ;Print the upper digit
   128 000041EC B402                <1>     mov ah, 02h
   129 000041EE CD21                <1>     int 21h
   130 000041F0 88EA                <1>     mov dl, ch  ;Print the lower digit
   131 000041F2 B402                <1>     mov ah, 02h
   132 000041F4 CD21                <1>     int 21h
   133 000041F6 59                  <1>     pop rcx
   134                              <1>     return
    13                              <2> %%_ret:
    14 000041F7 C3                  <2>  ret
    15                              <2> %assign retOff %%_ret-$$
   135                              <1> 
   136                              <1> 
   137                              <1> printTime:
   138                              <1> ;Input: eax = Packed Time
   139                              <1> ;       eax[5:10] = Minutes, a value in [0,...,59] 
   140                              <1> ;       eax[11:15] = Hours, a value in [0,...,23]
   141 000041F8 89C1                <1>     mov ecx, eax
   142 000041FA 2500F80000          <1>     and eax, 0F800h ;Save bits 11-15
   143 000041FF C1E80B              <1>     shr eax, 11
   144 00004202 803D(8E000000)01    <1>     cmp byte [ctryData + countryStruc.timefmt], 1  
   145 00004209 750B                <1>     jne .ampm
   146 0000420B E85A000000          <1>     call .printHours
   147 00004210 E831000000          <1>     call .printMinutes
   148                              <1>     return
    13                              <2> %%_ret:
    14 00004215 C3                  <2>  ret
    15                              <2> %assign retOff %%_ret-$$
   149                              <1> .ampm:
   150 00004216 3D0C000000          <1>     cmp eax, 12
   151 0000421B 7713                <1>     ja .pm
   152 0000421D 7416                <1>     je .pm2
   153 0000421F E846000000          <1>     call .printHours
   154 00004224 E81D000000          <1>     call .printMinutes
   155 00004229 B261                <1>     mov dl, "a"
   156 0000422B B402                <1>     mov ah, 02h
   157 0000422D CD21                <1>     int 21h
   158                              <1>     return
    13                              <2> %%_ret:
    14 0000422F C3                  <2>  ret
    15                              <2> %assign retOff %%_ret-$$
   159                              <1> .pm:
   160 00004230 2D0C000000          <1>     sub eax, 12
   161                              <1> .pm2:
   162 00004235 E830000000          <1>     call .printHours
   163 0000423A E807000000          <1>     call .printMinutes
   164 0000423F B270                <1>     mov dl, "p"
   165 00004241 B402                <1>     mov ah, 02h
   166 00004243 CD21                <1>     int 21h
   167                              <1>     return
    13                              <2> %%_ret:
    14 00004245 C3                  <2>  ret
    15                              <2> %assign retOff %%_ret-$$
   168                              <1> .printMinutes:
   169 00004246 8A15(8A000000)      <1>     mov dl, byte [ctryData + countryStruc.timeSep]
   170 0000424C B402                <1>     mov ah, 02h
   171 0000424E CD21                <1>     int 21h
   172                              <1> 
   173 00004250 89C8                <1>     mov eax, ecx
   174 00004252 25E0070000          <1>     and eax, 7E0h   ;Save bits 5-10
   175 00004257 C1E805              <1>     shr eax, 5
   176                              <1> .printMinutesAlt:
   177 0000425A 51                  <1>     push rcx
   178 0000425B E86A050000          <1>     call getDecimalWord
   179 00004260 84ED                <1>     test ch, ch ;Do we have an upper digit?
   180 00004262 7514                <1>     jnz .skipSpace
   181 00004264 88CD                <1>     mov ch, cl
   182 00004266 B130                <1>     mov cl, "0"
   183 00004268 EB0E                <1>     jmp short .skipSpace
   184                              <1> .printHours:
   185 0000426A 51                  <1>     push rcx
   186 0000426B E85A050000          <1>     call getDecimalWord
   187 00004270 84ED                <1>     test ch, ch ;Do we have an upper digit?
   188 00004272 7504                <1>     jnz .skipSpace
   189 00004274 88CD                <1>     mov ch, cl
   190 00004276 B120                <1>     mov cl, " "
   191                              <1> .skipSpace:
   192 00004278 88CA                <1>     mov dl, cl
   193 0000427A B402                <1>     mov ah, 02h
   194 0000427C CD21                <1>     int 21h
   195 0000427E 88EA                <1>     mov dl, ch
   196 00004280 B402                <1>     mov ah, 02h
   197 00004282 CD21                <1>     int 21h
   198 00004284 59                  <1>     pop rcx
   199                              <1>     return
    13                              <2> %%_ret:
    14 00004285 C3                  <2>  ret
    15                              <2> %assign retOff %%_ret-$$
   200                              <1> 
   201                              <1> printPrompt:
   202 00004286 F60580BDFFFFFF      <1>     test byte [echoFlg], -1 ;If echo off, no prompt!
   203                              <1>     retz
    41                              <2> cret z
    19                              <3> %%_base:
    20                              <3> %assign baseVar %%_base-$$
    21                              <3>  %ifdef retOff
    22                              <3>  %if (baseVar - retOff <= 126) && (baseVar > retOff)
    23                              <3>  %ifdef currSegVBase
    24 0000428D 74(85)              <3>  j%+1 short (retOff+currSegVBase)
    25                              <3>  %else
    26                              <3>  j%+1 short retOff
    27                              <3>  %endif
    28                              <3>  %else
    29                              <3>  j%-1 short %%a
    30                              <3>  return
    31                              <3> %%a:
    32                              <3>  %endif
    33                              <3>  %else
    34                              <3>  j%-1 short %%a
    35                              <3>  return
    36                              <3> %%a:
    37                              <3>  %endif
   204 0000428F 488D3D42C5FFFF      <1>     lea rdi, promptEVar   ;Find the prompt var
   205 00004296 E8D1060000          <1>     call searchForEnvVar
   206 0000429B 730B                <1>     jnc .validPrompt
   207                              <1>     ;Here we print the default prompt
   208 0000429D E8DB000000          <1>     call putCWDInPrompt
   209 000042A2 E8A7000000          <1>     call putGTinPrompt
   210                              <1>     return
    13                              <2> %%_ret:
    14 000042A7 C3                  <2>  ret
    15                              <2> %assign retOff %%_ret-$$
   211                              <1> .validPrompt:
   212                              <1> ;rsi points to the prompt
   213 000042A8 4881C607000000      <1>     add rsi, 7  ;Go past the prompt= string
   214                              <1> .promptLp:
   215 000042AF AC                  <1>     lodsb   ;Get the char
   216 000042B0 84C0                <1>     test al, al
   217                              <1>     retz    ;Return when al is 0
    41                              <2> cret z
    19                              <3> %%_base:
    20                              <3> %assign baseVar %%_base-$$
    21                              <3>  %ifdef retOff
    22                              <3>  %if (baseVar - retOff <= 126) && (baseVar > retOff)
    23                              <3>  %ifdef currSegVBase
    24 000042B2 74(A7)              <3>  j%+1 short (retOff+currSegVBase)
    25                              <3>  %else
    26                              <3>  j%+1 short retOff
    27                              <3>  %endif
    28                              <3>  %else
    29                              <3>  j%-1 short %%a
    30                              <3>  return
    31                              <3> %%a:
    32                              <3>  %endif
    33                              <3>  %else
    34                              <3>  j%-1 short %%a
    35                              <3>  return
    36                              <3> %%a:
    37                              <3>  %endif
   218 000042B4 3C24                <1>     cmp al, "$"
   219 000042B6 7409                <1>     je .escapeChar
   220 000042B8 88C2                <1>     mov dl, al
   221 000042BA E8B9000000          <1>     call outChar    ;Prints the char in dl
   222 000042BF EBEE                <1>     jmp short .promptLp
   223                              <1> .escapeChar:
   224 000042C1 AC                  <1>     lodsb       ;Get the next char now that we are escaping
   225 000042C2 E862020000          <1>     call ucChar ;Uppercase this char in al
   226 000042C7 488D1D79BEFFFF      <1>     lea rbx, pTbl
   227 000042CE B90D000000          <1>     mov ecx, pTblL / 3  ;3 bytes per entry
   228                              <1> .escapeLp:
   229 000042D3 3803                <1>     cmp byte [rbx], al  ;Are we at the right entry?
   230 000042D5 740D                <1>     je .escapeFnd
   231 000042D7 4881C303000000      <1>     add rbx, 3  ;Go to next entry
   232 000042DE FFC9                <1>     dec ecx
   233 000042E0 75F1                <1>     jnz .escapeLp
   234 000042E2 EBCB                <1>     jmp short .promptLp  ;Output nothing if invalid
   235                              <1> .escapeFnd:
   236 000042E4 488D055CBEFFFF      <1>     lea rax, pTbl              ;Get the table addr
   237 000042EB 0FB75B01            <1>     movzx ebx, word [rbx + 1]   ;Get the word offset from the table
   238 000042EF 4801D8              <1>     add rax, rbx                ;Add these
   239 000042F2 56                  <1>     push rsi    ;Ensure rsi remains unchanged
   240 000042F3 FFD0                <1>     call rax    ;Call indirectly the function to output the chars
   241 000042F5 5E                  <1>     pop rsi
   242 000042F6 EBB7                <1>     jmp short .promptLp
   243                              <1> 
   244                              <1> printCRLFecho:
   245 000042F8 F6050EBDFFFFFF      <1>     test byte [echoFlg], -1
   246                              <1>     retz    ;If Echo off, don't do a CRLF!
    41                              <2> cret z
    19                              <3> %%_base:
    20                              <3> %assign baseVar %%_base-$$
    21                              <3>  %ifdef retOff
    22                              <3>  %if (baseVar - retOff <= 126) && (baseVar > retOff)
    23                              <3>  %ifdef currSegVBase
    24 000042FF 74(A7)              <3>  j%+1 short (retOff+currSegVBase)
    25                              <3>  %else
    26                              <3>  j%+1 short retOff
    27                              <3>  %endif
    28                              <3>  %else
    29                              <3>  j%-1 short %%a
    30                              <3>  return
    31                              <3> %%a:
    32                              <3>  %endif
    33                              <3>  %else
    34                              <3>  j%-1 short %%a
    35                              <3>  return
    36                              <3> %%a:
    37                              <3>  %endif
   247                              <1> printCRLF:
   248 00004301 488D1566BEFFFF      <1>     lea rdx, crlf
   249                              <1> printString:
   250 00004308 B800090000          <1>     mov eax, 0900h  ;Print string
   251 0000430D CD21                <1>     int 21h
   252                              <1>     return
    13                              <2> %%_ret:
    14 0000430F C3                  <2>  ret
    15                              <2> %assign retOff %%_ret-$$
   253                              <1> 
   254                              <1> putVersionInPrompt:
   255 00004310 488D1505C1FFFF      <1>     lea rdx, dosVer
   256 00004317 B409                <1>     mov ah, 09h ;Print String
   257 00004319 CD21                <1>     int 21h
   258 0000431B B430                <1>     mov ah, 30h ;Get ver in al=Maj ver, ah = Min ver
   259 0000431D CD21                <1>     int 21h
   260 0000431F 50                  <1>     push rax    ;Save minor version
   261 00004320 E887010000          <1>     call hexToBCD   ;Get in al a bcd representation for major version
   262 00004325 E89F010000          <1>     call printPackedBCD ;Print al
   263 0000432A B22E                <1>     mov dl, "."
   264 0000432C B402                <1>     mov ah, 02h
   265 0000432E CD21                <1>     int 21h
   266 00004330 58                  <1>     pop rax
   267 00004331 88E0                <1>     mov al, ah  ;Get the minor version low
   268 00004333 E874010000          <1>     call hexToBCD
   269 00004338 E88C010000          <1>     call printPackedBCD
   270                              <1>     return
    13                              <2> %%_ret:
    14 0000433D C3                  <2>  ret
    15                              <2> %assign retOff %%_ret-$$
   271                              <1> putEscInPrompt:
   272 0000433E B21B                <1>     mov dl, ESC
   273 00004340 EB36                <1>     jmp short outChar
   274                              <1> 
   275                              <1> putMoneyInPrompt:
   276 00004342 B224                <1>     mov dl, "$"
   277 00004344 EB32                <1>     jmp short outChar
   278                              <1> 
   279                              <1> putEquInPrompt:
   280 00004346 B23D                <1>     mov dl, "="
   281 00004348 EB2E                <1>     jmp short outChar
   282                              <1> 
   283                              <1> putPipeInPrompt:
   284 0000434A B27C                <1>     mov dl, "|"
   285 0000434C EB2A                <1>     jmp short outChar
   286                              <1> 
   287                              <1> putGTinPrompt:
   288 0000434E B23E                <1>     mov dl, ">"
   289 00004350 EB26                <1>     jmp short outChar
   290                              <1> 
   291                              <1> putLTinPrompt:
   292 00004352 B23C                <1>     mov dl, "<"
   293 00004354 EB22                <1>     jmp short outChar
   294                              <1> 
   295                              <1> putBSPinPrompt:
   296 00004356 488D15C5C2FFFF      <1>     lea rdx, backSpace
   297 0000435D B903000000          <1>     mov ecx, 3
   298 00004362 BB01000000          <1>     mov ebx, 1
   299 00004367 B800400000          <1>     mov eax, 4000h  ;Output the backspace!
   300 0000436C CD21                <1>     int 21h
   301                              <1>     return
    13                              <2> %%_ret:
    14 0000436E C3                  <2>  ret
    15                              <2> %assign retOff %%_ret-$$
   302                              <1> 
   303                              <1> putDriveInPrompt:
   304 0000436F E88D010000          <1>     call getCurrentDrive
   305 00004374 0441                <1>     add al, "A" ;Convert to letter
   306 00004376 88C2                <1>     mov dl, al
   307                              <1> outChar:
   308 00004378 B402                <1>     mov ah, 02h ;Echo to STDOUT
   309 0000437A CD21                <1>     int 21h
   310                              <1>     return
    13                              <2> %%_ret:
    14 0000437C C3                  <2>  ret
    15                              <2> %assign retOff %%_ret-$$
   311                              <1> putCWDInPrompt:
   312 0000437D E87F010000          <1>     call getCurrentDrive
   313                              <1>     ;cmp byte [failDrv], al  ;If these are equal, badDrive
   314                              <1>     ;mov byte [failDrv], -1  ;Reset on read
   315                              <1>     ;je .badDrive 
   316 00004382 88C2                <1>     mov dl, al  ;Get drive letter in dl for path
   317 00004384 FEC2                <1>     inc dl
   318 00004386 0441                <1>     add al, "A" ;Convert to letter
   319 00004388 B43A                <1>     mov ah, ":"
   320 0000438A 488D3D(A3000000)    <1>     lea rdi, currDirStr ;Update the current directory string
   321 00004391 66AB                <1>     stosw   ;Store X:, rdi+=2
   322 00004393 8A0571BCFFFF        <1>     mov al, byte [pathSep]
   323 00004399 AA                  <1>     stosb   ;Store pathSep, inc rdi
   324 0000439A B800470000          <1>     mov eax, 4700h  ;Get Current Working Directory
   325 0000439F 4889FE              <1>     mov rsi, rdi    ;rsi points to buffer to write to
   326 000043A2 CD21                <1>     int 21h
   327 000043A4 721F                <1>     jc .badDrive
   328 000043A6 E874010000          <1>     call strlen
   329 000043AB 81C102000000        <1>     add ecx, 2 ;Add two for the X:
   330                              <1>     ;We repurpose the fact that strlen counts the NULL to account for "\"
   331 000043B1 B800400000          <1>     mov eax, 4000h ;Write to handle
   332 000043B6 BB01000000          <1>     mov ebx, 1  ;STDOUT
   333 000043BB 488D15(A3000000)    <1>     lea rdx, currDirStr
   334 000043C2 CD21                <1>     int 21h
   335                              <1>     return
    13                              <2> %%_ret:
    14 000043C4 C3                  <2>  ret
    15                              <2> %assign retOff %%_ret-$$
   336                              <1> .badDrive:
   337                              <1> ;If the drive is bad, we print this string instead of drive:\cwd
   338 000043C5 488D1518C1FFFF      <1>     lea rdx, badDrvMsg
   339 000043CC E937FFFFFF          <1>     jmp printString
   340                              <1> printFmtTime:
   341                              <1> ;Outputs the formatted time
   342 000043D1 E847000000          <1>     call getTime
   343 000043D6 0FB6C5              <1>     movzx eax, ch
   344 000043D9 E88CFEFFFF          <1>     call printTime.printHours
   345 000043DE 8A15(8A000000)      <1>     mov dl, byte [ctryData + countryStruc.timeSep]
   346 000043E4 B402                <1>     mov ah, 02h
   347 000043E6 CD21                <1>     int 21h
   348 000043E8 0FB605(0D060000)    <1>     movzx eax, byte [td1]   ;Minutes
   349 000043EF E866FEFFFF          <1>     call printTime.printMinutesAlt
   350 000043F4 8A15(8A000000)      <1>     mov dl, byte [ctryData + countryStruc.timeSep]
   351 000043FA B402                <1>     mov ah, 02h
   352 000043FC CD21                <1>     int 21h
   353 000043FE 0FB605(10060000)    <1>     movzx eax, byte [td4]   ;Seconds
   354 00004405 E850FEFFFF          <1>     call printTime.printMinutesAlt
   355 0000440A B22E                <1>     mov dl, "."
   356 0000440C B402                <1>     mov ah, 02h
   357 0000440E CD21                <1>     int 21h
   358 00004410 0FB605(0F060000)    <1>     movzx eax, byte [td3]   ;Hundreths
   359 00004417 E83EFEFFFF          <1>     call printTime.printMinutesAlt
   360                              <1>     return
    13                              <2> %%_ret:
    14 0000441C C3                  <2>  ret
    15                              <2> %assign retOff %%_ret-$$
   361                              <1> getTime:
   362 0000441D B42C                <1>     mov ah, 2Ch ;DOS get time
   363 0000441F CD21                <1>     int 21h
   364                              <1>     ;CH = hour (0-23)
   365                              <1> 	;CL = minutes (0-59)
   366                              <1> 	;DH = seconds (0-59)
   367                              <1> 	;DL = hundredths (0-99)
   368 00004421 880D(0D060000)      <1>     mov byte [td1], cl
   369 00004427 882D(0E060000)      <1>     mov byte [td2], ch
   370 0000442D 8815(0F060000)      <1>     mov byte [td3], dl
   371 00004433 8835(10060000)      <1>     mov byte [td4], dh
   372                              <1>     return
    13                              <2> %%_ret:
    14 00004439 C3                  <2>  ret
    15                              <2> %assign retOff %%_ret-$$
   373                              <1> 
   374                              <1> printFmtDate:
   375                              <1> ;Outputs the formatted date
   376 0000443A B8002A0000          <1>     mov eax, 2A00h ;DOS get date
   377 0000443F CD21                <1>     int 21h
   378                              <1> 	;AL = day of the week (0=Sunday)
   379                              <1> 	;CX = year (1980-2099)
   380                              <1> 	;DH = month (1-12)
   381                              <1> 	;DL = day (1-31)
   382 00004441 6681E9BC07          <1>     sub cx, 1980    ;Subtract 1980 from cx
   383 00004446 66890D(0D060000)    <1>     mov word [td1], cx
   384 0000444D 8815(0F060000)      <1>     mov byte [td3], dl
   385 00004453 8835(10060000)      <1>     mov byte [td4], dh
   386 00004459 0FB6C0              <1>     movzx eax, al
   387 0000445C 89C3                <1>     mov ebx, eax
   388 0000445E D1E3                <1>     shl ebx, 1   ;Multiply by 2
   389 00004460 01D8                <1>     add eax, ebx ;Make it 3 times 
   390 00004462 488D15FDBEFFFF      <1>     lea rdx, dayName
   391 00004469 488D1402            <1>     lea rdx, qword [rdx + rax]  ;Go to the right day name
   392 0000446D B903000000          <1>     mov ecx, 3  ;Print three chars
   393 00004472 BB01000000          <1>     mov ebx, 1  ;STDOUT
   394 00004477 B440                <1>     mov ah, 40h ;Write to handle
   395 00004479 CD21                <1>     int 21h
   396 0000447B B220                <1>     mov dl, " "
   397 0000447D E8F6FEFFFF          <1>     call outChar
   398                              <1> ;       eax[0:4] = Day of the month, a value in [0,...,31]
   399                              <1> ;       eax[5:8] = Month of the year, a value in [0,...,12]
   400                              <1> ;       eax[9:15] = Number of years since 1980, a value in [0,...,127]
   401 00004482 0FB705(0D060000)    <1>     movzx eax, word [td1]   ;Get this word
   402 00004489 C1E009              <1>     shl eax, 9 ;Move it high to pack it properly
   403 0000448C 0FB61D(10060000)    <1>     movzx ebx, byte [td4]
   404 00004493 C1E305              <1>     shl ebx, 5  ;Shift the date to the right position
   405 00004496 09D8                <1>     or eax, ebx ;Add this date to eax
   406 00004498 0FB61D(0F060000)    <1>     movzx ebx, byte [td3]
   407 0000449F 09D8                <1>     or eax, ebx
   408 000044A1 BB01000000          <1>     mov ebx, 1  ;Four digit year pls
   409 000044A6 E82BFCFFFF          <1>     call printDate
   410                              <1>     return
    13                              <2> %%_ret:
    14 000044AB C3                  <2>  ret
    15                              <2> %assign retOff %%_ret-$$
   411                              <1> 
   412                              <1> 
   413                              <1> hexToBCD:
   414                              <1> ;Converts a Hex byte into two BCD digits
   415                              <1> ;Takes input in al, returns in al (zero-ed upper seven bytes)
   416 000044AC 51                  <1>     push rcx
   417 000044AD 0FB6C0              <1>     movzx eax, al   ;Zero extend
   418 000044B0 31C9                <1>     xor ecx, ecx
   419                              <1> .htb0:
   420 000044B2 3D0A000000          <1>     cmp eax, 10
   421 000044B7 7209                <1>     jb .htb1
   422 000044B9 2D0A000000          <1>     sub eax, 10
   423 000044BE FFC1                <1>     inc ecx
   424 000044C0 EBF0                <1>     jmp short .htb0
   425                              <1> .htb1:
   426 000044C2 C1E104              <1>     shl ecx, 4  ;Move to upper nybble
   427 000044C5 08C8                <1>     or al, cl   ;Move upper nybble into al upper nybble
   428 000044C7 59                  <1>     pop rcx
   429 000044C8 C3                  <1>     ret
   430                              <1> 
   431                              <1> printPackedBCD:
   432                              <1> ;Gets a packed BCD digit in al and prints al[7:4] if non zero,
   433                              <1> ; then prints al[3:0]. Prints a space if the upper nybble is zero
   434                              <1> ;Preserves all registers
   435 000044C9 50                  <1>     push rax
   436 000044CA 52                  <1>     push rdx
   437 000044CB 88C4                <1>     mov ah, al
   438 000044CD 240F                <1>     and al, 0Fh     ;Isolate lower nybble
   439 000044CF 80E4F0              <1>     and ah, 0F0h    ;Isolate upper nybble
   440 000044D2 7508                <1>     jnz .upperNybble
   441 000044D4 B220                <1>     mov dl, " "
   442 000044D6 B402                <1>     mov ah, 02h
   443 000044D8 CD21                <1>     int 21h
   444 000044DA EB0E                <1>     jmp short .lowerNybble
   445                              <1> .upperNybble:
   446 000044DC 50                  <1>     push rax
   447 000044DD C0EC04              <1>     shr ah, 4
   448 000044E0 80C430              <1>     add ah, "0"  ;Convert to an ASCII digit
   449 000044E3 88E2                <1>     mov dl, ah
   450 000044E5 B402                <1>     mov ah, 02h ;Print DL
   451 000044E7 CD21                <1>     int 21h
   452 000044E9 58                  <1>     pop rax
   453                              <1> .lowerNybble:
   454 000044EA 0430                <1>     add al, "0"
   455 000044EC 88C2                <1>     mov dl, al
   456 000044EE B402                <1>     mov ah, 02h ;Print DL
   457 000044F0 CD21                <1>     int 21h
   458 000044F2 5A                  <1>     pop rdx
   459 000044F3 58                  <1>     pop rax
   460                              <1>     return
    13                              <2> %%_ret:
    14 000044F4 C3                  <2>  ret
    15                              <2> %assign retOff %%_ret-$$
   461                              <1> 
   462                              <1> setDrive:
   463                              <1> ;Input: dl = 0 based Drive number to set to
   464                              <1> ;Output: ZF=ZE: Drive set. ZF=NZ: Drive not set and invalid.
   465                              <1> ;AX trashed.
   466 000044F5 B40E                <1>     mov ah, 0Eh ;Set drive to dl
   467 000044F7 CD21                <1>     int 21h 
   468 000044F9 E803000000          <1>     call getCurrentDrive
   469 000044FE 38D0                <1>     cmp al, dl  ;Is this the same drive?
   470                              <1>     return
    13                              <2> %%_ret:
    14 00004500 C3                  <2>  ret
    15                              <2> %assign retOff %%_ret-$$
   471                              <1> getCurrentDrive:
   472                              <1> ;Returns the 0 based current drive in al
   473 00004501 B419                <1>     mov ah, 19h
   474 00004503 CD21                <1>     int 21h
   475                              <1>     return
    13                              <2> %%_ret:
    14 00004505 C3                  <2>  ret
    15                              <2> %assign retOff %%_ret-$$
   476                              <1> 
   477                              <1> strcpy:
   478                              <1> ;Copies an ASCIIZ string but leaves the pointers at the end of the strings
   479                              <1> ;rsi -> Source
   480                              <1> ;rdi -> Destination
   481 00004506 51                  <1>     push rcx
   482 00004507 57                  <1>     push rdi
   483 00004508 4889F7              <1>     mov rdi, rsi
   484 0000450B E80F000000          <1>     call strlen ;Get the length of the string in rsi
   485 00004510 5F                  <1>     pop rdi
   486 00004511 F3A4                <1>     rep movsb   ;Now we have the count, just copy over!
   487 00004513 59                  <1>     pop rcx
   488                              <1>     return
    13                              <2> %%_ret:
    14 00004514 C3                  <2>  ret
    15                              <2> %assign retOff %%_ret-$$
   489                              <1> 
   490                              <1> strcpy2:
   491                              <1> ;Copies an ASCIIZ string, but preserves the ptrs
   492                              <1> ;rsi -> Source
   493                              <1> ;rdi -> Destination
   494 00004515 56                  <1>     push rsi
   495 00004516 57                  <1>     push rdi
   496 00004517 E8EAFFFFFF          <1>     call strcpy 
   497 0000451C 5F                  <1>     pop rdi
   498 0000451D 5E                  <1>     pop rsi
   499                              <1>     return
    13                              <2> %%_ret:
    14 0000451E C3                  <2>  ret
    15                              <2> %assign retOff %%_ret-$$
   500                              <1> 
   501                              <1> strlen:
   502                              <1> ;Gets the length of a ASCIIZ string
   503                              <1> ;Input: rdi = Source buffer
   504                              <1> ;Output: ecx = Length of string, INCLUDING TERMINATING NULL
   505 0000451F 50                  <1>     push rax
   506 00004520 B812120000          <1>     mov eax, 1212h  ;Strlen according to DOS, trashes eax
   507 00004525 CD2F                <1>     int 2fh
   508 00004527 58                  <1>     pop rax
   509                              <1>     return
    13                              <2> %%_ret:
    14 00004528 C3                  <2>  ret
    15                              <2> %assign retOff %%_ret-$$
   510                              <1> 
   511                              <1> ucChar:
   512                              <1> ;Input: al = Char to uppercase
   513                              <1> ;Output: al = Adjusted char 
   514 00004529 53                  <1>     push rbx
   515 0000452A 50                  <1>     push rax    ;Push the char twice on the stack
   516 0000452B B813120000          <1>     mov eax, 1213h  ;Get DOS to uppercase the char
   517 00004530 CD2F                <1>     int 2fh         ;Returns the processed char in al
   518 00004532 5B                  <1>     pop rbx         ;Pop the old word off the stack
   519 00004533 5B                  <1>     pop rbx
   520                              <1>     return
    13                              <2> %%_ret:
    14 00004534 C3                  <2>  ret
    15                              <2> %assign retOff %%_ret-$$
   521                              <1> 
   522                              <1> normalisePath:
   523                              <1> ;Uppercases chars and flips pathseps
   524                              <1> ;Input: rsi -> Path to normalise
   525 00004535 50                  <1>     push rax
   526 00004536 57                  <1>     push rdi
   527 00004537 4889F7              <1>     mov rdi, rsi
   528 0000453A B811120000          <1>     mov eax, 1211h
   529 0000453F CD2F                <1>     int 2fh
   530 00004541 5F                  <1>     pop rdi
   531 00004542 58                  <1>     pop rax
   532                              <1>     return
    13                              <2> %%_ret:
    14 00004543 C3                  <2>  ret
    15                              <2> %assign retOff %%_ret-$$
   533                              <1> 
   534                              <1> skipDelimiters:
   535                              <1> ;Skips all "standard" command delimiters. This is not the same as FCB 
   536                              <1> ; command delimiters but a subset thereof. 
   537                              <1> ;These are the same across all codepages.
   538                              <1> ;Input: rsi must point to the start of the data string
   539                              <1> ;Output: rsi points to the first non-delimiter char
   540 00004544 50                  <1>     push rax
   541                              <1> .l1:
   542 00004545 AC                  <1>     lodsb
   543 00004546 E807000000          <1>     call isALdelimiter
   544 0000454B 74F8                <1>     jz .l1
   545                              <1> .exit:
   546 0000454D 58                  <1>     pop rax
   547 0000454E 48FFCE              <1>     dec rsi ;Point rsi back to the char which is not a command delimiter
   548                              <1>     return
    13                              <2> %%_ret:
    14 00004551 C3                  <2>  ret
    15                              <2> %assign retOff %%_ret-$$
   549                              <1> 
   550                              <1> isALdelimiter:
   551                              <1> ;Returns: ZF=NZ if al is not a command separator 
   552                              <1> ;         ZF=ZE if al is a command separator
   553 00004552 3C20                <1>     cmp al, " "
   554                              <1>     rete
    49                              <2> cret e
    19                              <3> %%_base:
    20                              <3> %assign baseVar %%_base-$$
    21                              <3>  %ifdef retOff
    22                              <3>  %if (baseVar - retOff <= 126) && (baseVar > retOff)
    23                              <3>  %ifdef currSegVBase
    24 00004554 74(51)              <3>  j%+1 short (retOff+currSegVBase)
    25                              <3>  %else
    26                              <3>  j%+1 short retOff
    27                              <3>  %endif
    28                              <3>  %else
    29                              <3>  j%-1 short %%a
    30                              <3>  return
    31                              <3> %%a:
    32                              <3>  %endif
    33                              <3>  %else
    34                              <3>  j%-1 short %%a
    35                              <3>  return
    36                              <3> %%a:
    37                              <3>  %endif
   555 00004556 3C3B                <1>     cmp al, ";"
   556                              <1>     rete
    49                              <2> cret e
    19                              <3> %%_base:
    20                              <3> %assign baseVar %%_base-$$
    21                              <3>  %ifdef retOff
    22                              <3>  %if (baseVar - retOff <= 126) && (baseVar > retOff)
    23                              <3>  %ifdef currSegVBase
    24 00004558 74(51)              <3>  j%+1 short (retOff+currSegVBase)
    25                              <3>  %else
    26                              <3>  j%+1 short retOff
    27                              <3>  %endif
    28                              <3>  %else
    29                              <3>  j%-1 short %%a
    30                              <3>  return
    31                              <3> %%a:
    32                              <3>  %endif
    33                              <3>  %else
    34                              <3>  j%-1 short %%a
    35                              <3>  return
    36                              <3> %%a:
    37                              <3>  %endif
   557 0000455A 3C3D                <1>     cmp al, "="
   558                              <1>     rete
    49                              <2> cret e
    19                              <3> %%_base:
    20                              <3> %assign baseVar %%_base-$$
    21                              <3>  %ifdef retOff
    22                              <3>  %if (baseVar - retOff <= 126) && (baseVar > retOff)
    23                              <3>  %ifdef currSegVBase
    24 0000455C 74(51)              <3>  j%+1 short (retOff+currSegVBase)
    25                              <3>  %else
    26                              <3>  j%+1 short retOff
    27                              <3>  %endif
    28                              <3>  %else
    29                              <3>  j%-1 short %%a
    30                              <3>  return
    31                              <3> %%a:
    32                              <3>  %endif
    33                              <3>  %else
    34                              <3>  j%-1 short %%a
    35                              <3>  return
    36                              <3> %%a:
    37                              <3>  %endif
   559 0000455E 3C2C                <1>     cmp al, ","
   560                              <1>     rete
    49                              <2> cret e
    19                              <3> %%_base:
    20                              <3> %assign baseVar %%_base-$$
    21                              <3>  %ifdef retOff
    22                              <3>  %if (baseVar - retOff <= 126) && (baseVar > retOff)
    23                              <3>  %ifdef currSegVBase
    24 00004560 74(51)              <3>  j%+1 short (retOff+currSegVBase)
    25                              <3>  %else
    26                              <3>  j%+1 short retOff
    27                              <3>  %endif
    28                              <3>  %else
    29                              <3>  j%-1 short %%a
    30                              <3>  return
    31                              <3> %%a:
    32                              <3>  %endif
    33                              <3>  %else
    34                              <3>  j%-1 short %%a
    35                              <3>  return
    36                              <3> %%a:
    37                              <3>  %endif
   561 00004562 3C09                <1>     cmp al, TAB
   562                              <1>     return
    13                              <2> %%_ret:
    14 00004564 C3                  <2>  ret
    15                              <2> %assign retOff %%_ret-$$
   563                              <1> 
   564                              <1> clearCommandState:
   565                              <1> ;Clears the command state
   566 00004565 488D3DDFBAFFFF      <1>     lea rdi, cmdStatePtr
   567 0000456C B907000000          <1>     mov ecx, cmdStateL
   568 00004571 31C0                <1>     xor eax, eax
   569 00004573 F3AA                <1>     rep stosb
   570                              <1>     return
    13                              <2> %%_ret:
    14 00004575 C3                  <2>  ret
    15                              <2> %assign retOff %%_ret-$$
   571                              <1> 
   572                              <1> clearCommandLineState:
   573                              <1> ;Clears the command line state after a 0Dh encountered
   574 00004576 488D3DC3BAFFFF      <1>     lea rdi, cmdLineStatePtr
   575 0000457D B912000000          <1>     mov ecx, cmdLineStateL
   576 00004582 31C0                <1>     xor eax, eax
   577 00004584 F3AA                <1>     rep stosb
   578 00004586 C705B1BAFFFFFFFFFF- <1>     mov dword [pipeSTDIN], -1
   578 0000458F FF                  <1>
   579 00004590 C705ADBAFFFFFFFFFF- <1>     mov dword [redirSTDIN], -1
   579 00004599 FF                  <1>
   580                              <1> ;Close all handles from 5->MAX
   581 0000459A 0FB70D67BAFFFF      <1>     movzx ecx, word [numHdls]
   582 000045A1 BB05000000          <1>     mov ebx, 5
   583                              <1> .lp:
   584 000045A6 B43E                <1>     mov ah, 3Eh ;File close
   585 000045A8 CD21                <1>     int 21h
   586 000045AA FFC3                <1>     inc ebx ;Goto next file
   587 000045AC 39CB                <1>     cmp ebx, ecx
   588 000045AE 76F6                <1>     jbe .lp    ;Keep looping whilst below or equal
   589                              <1>     return
    13                              <2> %%_ret:
    14 000045B0 C3                  <2>  ret
    15                              <2> %assign retOff %%_ret-$$
   590                              <1> 
   591                              <1> asciiFilenameToFCB:
   592                              <1> ;Converts a filename in the form FILENAME.EXT,0 to FILENAMEEXT
   593                              <1> ;Don't uppercase any lowercase chars as this could be used with user buffers.
   594                              <1> ;Also doesn't check if chars are valid
   595                              <1> ;Names such as SYS.COM get converted to "SYS     COM"
   596                              <1> ;Name is space padded.
   597                              <1> ;Input: rsi = ASCII string buffer
   598                              <1> ;       rdi = FCB name buffer
   599                              <1> ;Output: al = Char that terminated the source string 
   600 000045B1 53                  <1>     push rbx    
   601 000045B2 57                  <1>     push rdi
   602 000045B3 B90B000000          <1>     mov ecx, 11
   603 000045B8 B020                <1>     mov al, " "
   604 000045BA F3AA                <1>     rep stosb   ;Fill the buffer with spaces (so we don't need to fill later)
   605 000045BC 5F                  <1>     pop rdi
   606 000045BD 4889FB              <1>     mov rbx, rdi    ;Use rbx as the base pointer of this buffer
   607                              <1>     ;Preprocess for Dir Searches
   608 000045C0 803E2E              <1>     cmp byte [rsi], "."
   609 000045C3 7509                <1>     jne .processName
   610 000045C5 A4                  <1>     movsb   ;Store the first dot
   611 000045C6 803E2E              <1>     cmp byte [rsi], "."
   612 000045C9 752C                <1>     jne .exitBadChar
   613 000045CB A4                  <1>     movsb
   614 000045CC EB29                <1>     jmp short .exitBadChar
   615                              <1> .processName:
   616 000045CE AC                  <1>     lodsb   ;Get the char in al
   617 000045CF 84C0                <1>     test al, al ;If the char is a null, must be at the end of the name
   618 000045D1 7426                <1>     jz .exit
   619 000045D3 3C20                <1>     cmp al, " " ;If space or a period, go to extension field. If null, exit
   620 000045D5 7407                <1>     je .extSpace
   621 000045D7 3C2E                <1>     cmp al, "."
   622 000045D9 740C                <1>     je .ext
   623 000045DB AA                  <1>     stosb   ;Store the char
   624 000045DC EBF0                <1>     jmp short .processName
   625                              <1> .extSpace:
   626                              <1> ;Now we scan for a period in the name
   627 000045DE AC                  <1>     lodsb   ;Get a char and increase rsi
   628 000045DF 84C0                <1>     test al, al
   629 000045E1 7416                <1>     jz .exit
   630 000045E3 3C2E                <1>     cmp al, "."     ;If al is not a period...
   631 000045E5 75F7                <1>     jne .extSpace   ; keep searching
   632                              <1> .ext:
   633 000045E7 488D7B08            <1>     lea rdi, qword [rbx + filename.fExt]    ;Put destination at the extension
   634                              <1> .processExt:
   635 000045EB AC                  <1>     lodsb
   636 000045EC 84C0                <1>     test al, al
   637 000045EE 7409                <1>     jz .exit
   638 000045F0 3C20                <1>     cmp al, " "
   639 000045F2 7405                <1>     je .exit
   640 000045F4 AA                  <1>     stosb
   641 000045F5 EBF4                <1>     jmp short .processExt
   642                              <1> .exitBadChar:
   643 000045F7 30C0                <1>     xor al, al  ;Return a null terminator
   644                              <1> .exit:
   645 000045F9 5B                  <1>     pop rbx
   646                              <1>     return
    13                              <2> %%_ret:
    14 000045FA C3                  <2>  ret
    15                              <2> %assign retOff %%_ret-$$
   647                              <1> 
   648                              <1> findLastPathComponant:
   649                              <1> ;Finds the last path componant of an ASCIIZ path string
   650                              <1> ;Input: rdi -> Head of the path to find last componant on
   651                              <1> ;Output: rdi -> Start of the last componant
   652 000045FB 50                  <1>     push rax
   653 000045FC 51                  <1>     push rcx
   654 000045FD 31C9                <1>     xor ecx, ecx
   655 000045FF FFC9                <1>     dec ecx
   656 00004601 31C0                <1>     xor eax, eax
   657 00004603 F2AE                <1>     repne scasb ;Scan for the null terminator of the string
   658 00004605 F7D1                <1>     not ecx     ;This gets the count of chars  
   659 00004607 48FFCF              <1>     dec rdi     ;Move rdi back to the null!
   660 0000460A 8A05FAB9FFFF        <1>     mov al, byte [pathSep]
   661 00004610 FD                  <1>     std
   662 00004611 F2AE                <1>     repne scasb ;Now scan backwards for the pathsep, or we run out of chars!
   663 00004613 FC                  <1>     cld
   664 00004614 7503                <1>     jnz .exit   ;Ran out of chars to scan! Skip the extra inc
   665 00004616 48FFC7              <1>     inc rdi     ;Point at pathsep
   666                              <1> .exit:
   667 00004619 48FFC7              <1>     inc rdi     ;Point at char after pathsep or first char in buffer
   668 0000461C 59                  <1>     pop rcx
   669 0000461D 58                  <1>     pop rax
   670                              <1>     return
    13                              <2> %%_ret:
    14 0000461E C3                  <2>  ret
    15                              <2> %assign retOff %%_ret-$$
   671                              <1> 
   672                              <1> FCBToAsciiz:
   673                              <1> ;Converts a filename in the form FILENAMEEXT to FILENAME.EXT,0
   674                              <1> ;Name is space padded too
   675                              <1> ;Input: rsi = FCB name buffer
   676                              <1> ;       rdi = ASCIIZ string buffer
   677 0000461F B908000000          <1>     mov ecx, 8
   678 00004624 F3A4                <1>     rep movsb   ;Move the name over
   679                              <1> .scanNameSpace:
   680 00004626 807FFF20            <1>     cmp byte [rdi - 1], " " ;Is the previous char a space?
   681 0000462A 750D                <1>     jne .ext
   682 0000462C 48FFCF              <1>     dec rdi
   683 0000462F FFC1                <1>     inc ecx
   684 00004631 81F908000000        <1>     cmp ecx, 8
   685 00004637 72ED                <1>     jb .scanNameSpace
   686                              <1> .ext:
   687 00004639 66813E2020          <1>     cmp word [rsi], "  "    ;Are the first two chars a space?
   688 0000463E 7506                <1>     jne .validExt
   689 00004640 807E0220            <1>     cmp byte [rsi + 2], " " ;Is the final char a space?
   690 00004644 7415                <1>     je .exit
   691                              <1> .validExt:
   692 00004646 B02E                <1>     mov al, "." ;We have a valid extension, store a period
   693 00004648 AA                  <1>     stosb
   694 00004649 B903000000          <1>     mov ecx, 3
   695 0000464E F3A4                <1>     rep movsb   ;Move the three extension chars over
   696                              <1> .scanExtSpace:
   697 00004650 807FFF20            <1>     cmp byte [rdi - 1], " " ;Is the previous char a space
   698 00004654 7505                <1>     jne .exit
   699 00004656 48FFCF              <1>     dec rdi
   700 00004659 EBF5                <1>     jmp short .scanExtSpace
   701                              <1> .exit:
   702 0000465B 31C0                <1>     xor eax, eax
   703 0000465D AA                  <1>     stosb   ;Store a null at the end
   704                              <1>     return
    13                              <2> %%_ret:
    14 0000465E C3                  <2>  ret
    15                              <2> %assign retOff %%_ret-$$
   705                              <1> 
   706                              <1> cpDelimOrCtrlStringToBufz:
   707                              <1> ;Copy a delimited or control char terminated string to a buffer
   708                              <1> ;Input: rsi -> Point to start of delimiter or ctrlchar terminated string
   709                              <1> ;       rdi -> Buffer to store null terminated string in
   710                              <1> ;Output: rsi -> First char past string end
   711                              <1> ;       rdi -> One char past null terminator on string buffer
   712 0000465F C60700              <1>     mov byte [rdi], 0   ;Init by null terminating
   713                              <1> .lp:
   714 00004662 AC                  <1>     lodsb
   715 00004663 3C20                <1>     cmp al, 20h ;Chars up to 20h are delimiters here. CR included!
   716 00004665 760A                <1>     jbe .exit
   717 00004667 E8E6FEFFFF          <1>     call isALdelimiter
   718 0000466C 7403                <1>     je .exit
   719 0000466E AA                  <1>     stosb
   720 0000466F EBF1                <1>     jmp short .lp
   721                              <1> .exit:
   722 00004671 31C0                <1>     xor eax, eax
   723 00004673 AA                  <1>     stosb   ;Store a null terminator
   724                              <1>     return
    13                              <2> %%_ret:
    14 00004674 C3                  <2>  ret
    15                              <2> %assign retOff %%_ret-$$
   725                              <1> 
   726                              <1> 
   727                              <1> cpDelimPathToBufz:
   728                              <1> ;Copy a delimited path into buffer and null terminate.
   729                              <1> ;Input: rsi -> Point to start of delimiter terminated path
   730                              <1> ;       rdi -> Buffer to store null terminated path in
   731                              <1> ;Output: rsi -> First char past pathname delimiter
   732                              <1> ;       rdi -> One char past null terminator on pathname buffer
   733 00004675 53                  <1>     push rbx
   734 00004676 4889FB              <1>     mov rbx, rdi    ;Save the head of the path in rbx
   735 00004679 C60700              <1>     mov byte [rdi], 0   ;Null terminate this path before starting!
   736                              <1> .lp:
   737 0000467C AC                  <1>     lodsb   ;Get the char
   738 0000467D 3C0D                <1>     cmp al, CR
   739 0000467F 7412                <1>     je .gotRedirPath
   740 00004681 E8CCFEFFFF          <1>     call isALdelimiter  ;Is this char a delimiter char?
   741 00004686 740B                <1>     jz .gotRedirPath 
   742 00004688 3A057DB9FFFF        <1>     cmp al, byte [switchChar]
   743 0000468E 7403                <1>     je .gotRedirPath
   744 00004690 AA                  <1>     stosb   ;Store this char and loop next char
   745 00004691 EBE9                <1>     jmp short .lp
   746                              <1> .gotRedirPath:
   747 00004693 50                  <1>     push rax    ;Save the char on stack
   748 00004694 30C0                <1>     xor al, al  ;Get null terminator char
   749 00004696 4829FB              <1>     sub rbx, rdi
   750 00004699 4881FBFFFFFFFF      <1>     cmp rbx, -1 ;This is because one char has been written!!
   751 000046A0 7412                <1>     je .notColon
   752 000046A2 4881FBFEFFFFFF      <1>     cmp rbx, -2 ;This is for drive letters, must always have the colon!!
   753 000046A9 7409                <1>     je .notColon
   754 000046AB 807FFF3A            <1>     cmp byte [rdi - 1], ":" ;Is this a colon?
   755 000046AF 7503                <1>     jne .notColon
   756 000046B1 48FFCF              <1>     dec rdi     ;We overwrite the colon. 
   757                              <1> .notColon:
   758 000046B4 AA                  <1>     stosb   ;Store the null terminator for the redir path
   759 000046B5 58                  <1>     pop rax ;Get back the char in al
   760 000046B6 5B                  <1>     pop rbx
   761                              <1>     return
    13                              <2> %%_ret:
    14 000046B7 C3                  <2>  ret
    15                              <2> %assign retOff %%_ret-$$
   762                              <1> 
   763                              <1> buildCommandPath:
   764                              <1> ;Copies the first argument into a null delimited path in the searchSpec buffer.
   765 000046B8 0FB6058DB9FFFF      <1>     movzx eax, byte [arg1Off]
   766 000046BF 4C8B053AB9FFFF      <1>     mov r8, [pPSP]
   767 000046C6 498DB081000000      <1>     lea rsi, qword [r8 + cmdLine]
   768 000046CD 4801C6              <1>     add rsi, rax    ;Go to the start of the command
   769                              <1> copyArgumentToSearchSpec:
   770                              <1> ;Copies an arbitrary delimited path pointed to by rsi into searchSpec
   771                              <1> ; and null terminates
   772 000046D0 488D3D(70040000)    <1>     lea rdi, searchSpec
   773 000046D7 E899FFFFFF          <1>     call cpDelimPathToBufz
   774                              <1>     return
    13                              <2> %%_ret:
    14 000046DC C3                  <2>  ret
    15                              <2> %assign retOff %%_ret-$$
   775                              <1> 
   776                              <1> scanForWildcards:
   777                              <1> ;Input: rsi -> Null terminated path to search for wildcards on
   778                              <1> ;Output: ZF=ZE if WC found. Else, ZF=NZ.
   779 000046DD 50                  <1>     push rax
   780 000046DE 56                  <1>     push rsi
   781                              <1> .lp:
   782 000046DF AC                  <1>     lodsb
   783 000046E0 3C3F                <1>     cmp al, "?"
   784 000046E2 740A                <1>     je .exit
   785 000046E4 3C2A                <1>     cmp al, "*"
   786 000046E6 7406                <1>     je .exit
   787 000046E8 84C0                <1>     test al, al
   788 000046EA 75F3                <1>     jnz .lp
   789 000046EC FEC0                <1>     inc al  ;This will clear the ZF
   790                              <1> .exit:
   791 000046EE 5E                  <1>     pop rsi
   792 000046EF 58                  <1>     pop rax
   793                              <1>     return
    13                              <2> %%_ret:
    14 000046F0 C3                  <2>  ret
    15                              <2> %assign retOff %%_ret-$$
   794                              <1> 
   795                              <1> printDecimalValLB:
   796                              <1> ;Takes a value in rax and prints it's decimal representation with leading
   797                              <1> ; blanks and inserts commas where appropriate.
   798                              <1> ;Input: rax = Value to print
   799                              <1> ;       rcx = Buffer size to handle (usual values: 17 for max, 13 for dword)
   800 000046F1 4889E5              <1>     mov rbp, rsp
   801 000046F4 4829CC              <1>     sub rsp, rcx ;Allocate the buffer on the stack
   802 000046F7 4889EF              <1>     mov rdi, rbp
   803 000046FA 4829CF              <1>     sub rdi, rcx
   804 000046FD 50                  <1>     push rax
   805 000046FE 51                  <1>     push rcx
   806 000046FF 57                  <1>     push rdi
   807 00004700 31C0                <1>     xor eax, eax
   808 00004702 F3AA                <1>     rep stosb   ;Initialise the buffer with a null value
   809 00004704 5F                  <1>     pop rdi     ;Now set the ptr to the head of the buffer
   810 00004705 59                  <1>     pop rcx
   811 00004706 58                  <1>     pop rax
   812 00004707 51                  <1>     push rcx    ;Save this value to keep the buffer length
   813 00004708 E83E000000          <1>     call decimalise   ;If return with CF=CY, error!
   814 0000470D 59                  <1>     pop rcx     ;Now print the buffer
   815 0000470E 4889EF              <1>     mov rdi, rbp
   816 00004711 48FFCF              <1>     dec rdi     ;Doesn't affect CF
   817 00004714 722A                <1>     jc .errPrint    ;Print a mis-aligned ? to clearly mark an error!
   818                              <1> .skipLp:
   819 00004716 8A1F                <1>     mov bl, byte [rdi]
   820 00004718 84DB                <1>     test bl, bl ;Any leading null's get replaced with a space
   821 0000471A 7513                <1>     jne .printLp
   822 0000471C B402                <1>     mov ah, 02h
   823 0000471E B220                <1>     mov dl, " "
   824 00004720 CD21                <1>     int 21h
   825 00004722 48FFCF              <1>     dec rdi
   826 00004725 FFC9                <1>     dec ecx
   827 00004727 81F901000000        <1>     cmp ecx, 1
   828 0000472D 75E7                <1>     jne .skipLp   ;Always print 1 byte for size
   829                              <1> .printLp:
   830 0000472F 8A17                <1>     mov dl, byte [rdi]
   831 00004731 B402                <1>     mov ah, 02h
   832 00004733 CD21                <1>     int 21h
   833 00004735 48FFCF              <1>     dec rdi
   834 00004738 FFC9                <1>     dec ecx
   835 0000473A 75F3                <1>     jnz .printLp
   836                              <1> .exit:
   837 0000473C 4889EC              <1>     mov rsp, rbp    ;Deallocate the buffer and exit!
   838                              <1>     return
    13                              <2> %%_ret:
    14 0000473F C3                  <2>  ret
    15                              <2> %assign retOff %%_ret-$$
   839                              <1> .errPrint:
   840                              <1> ;Print a default ? symbol if an overflow occurs.
   841 00004740 B23F                <1>     mov dl, "?"
   842 00004742 B800020000          <1>     mov eax, 0200h
   843 00004747 CD21                <1>     int 21h
   844 00004749 EBF1                <1>     jmp short .exit
   845                              <1> 
   846                              <1> decimalise:
   847                              <1> ;Input: rax = value to decimalise
   848                              <1> ;       rdi -> Ptr to byte buffer to store string in with commas
   849                              <1> ;       ecx = buffer length
   850                              <1> ;Output: Buffer @ rdi filled in! 
   851                              <1> ;       ecx = Number of chars in buffer.
   852                              <1> ; Warning: If the number of chars in the buffer reaches buffer length,
   853                              <1> ;   we return with CF=CY. Else, CF=NC.
   854 0000474B 57                  <1>     push rdi
   855 0000474C 89CE                <1>     mov esi, ecx    
   856 0000474E 31C9                <1>     xor ecx, ecx    ;Use cl as buffer length ctr, ch as comma ctr
   857 00004750 BB0A000000          <1>     mov ebx, 0Ah    ;Divide by 10
   858                              <1> .lp:
   859 00004755 80FD03              <1>     cmp ch, 3       ;Are we divisible by 3?
   860 00004758 7514                <1>     jne .skipSep
   861 0000475A 4038CE              <1>     cmp sil, cl
   862 0000475D 742F                <1>     je .exitErr     ;Before we add a comma, do we have space?
   863 0000475F 8A15(84000000)      <1>     mov dl, byte [ctryData + countryStruc.thouSep]
   864 00004765 8817                <1>     mov byte [rdi], dl
   865 00004767 48FFC7              <1>     inc rdi 
   866 0000476A FEC1                <1>     inc cl          ;Inc number of chars
   867 0000476C 30ED                <1>     xor ch, ch      ;Reset comma counter
   868                              <1> .skipSep:
   869 0000476E 4038CE              <1>     cmp sil, cl
   870 00004771 741B                <1>     je .exitErr     ;Before we add a digit, do we have space?
   871 00004773 31D2                <1>     xor edx, edx
   872 00004775 48F7F3              <1>     div rbx         ;Divide rax by 10
   873 00004778 80C230              <1>     add dl, "0"     
   874 0000477B 8817                <1>     mov byte [rdi], dl
   875 0000477D 48FFC7              <1>     inc rdi
   876 00004780 FEC1                <1>     inc cl          ;Inc number of chars
   877 00004782 FEC5                <1>     inc ch          ;Inc to keep track of commas
   878 00004784 4885C0              <1>     test rax, rax
   879 00004787 75CC                <1>     jnz .lp
   880                              <1> ;The test cleared CF if we are here
   881 00004789 0FB6C9              <1>     movzx ecx, cl
   882                              <1> .exit:
   883 0000478C 5F                  <1>     pop rdi
   884                              <1>     return
    13                              <2> %%_ret:
    14 0000478D C3                  <2>  ret
    15                              <2> %assign retOff %%_ret-$$
   885                              <1> .exitErr:
   886 0000478E F9                  <1>     stc
   887 0000478F EBFB                <1>     jmp short .exit
   888                              <1> printDecimalWord:
   889                              <1> ;Takes a word in ax and print it's decimal representation.
   890                              <1> ;DOES NOT SUPPRESS LEADING ZEROS!
   891                              <1> ;SHOULD NOT BE USED FOR ANYTHING OVER 3 DIGITS AS NO COMMA!!
   892                              <1> ;Input: eax = Zero extended word to print
   893 00004791 31C9                <1>     xor ecx, ecx
   894 00004793 85C0                <1>     test eax, eax
   895 00004795 750C                <1>     jnz .notZero
   896 00004797 B930000000          <1>     mov ecx, "0"
   897 0000479C BD01000000          <1>     mov ebp, 1  ;Print one digit
   898 000047A1 EB19                <1>     jmp short .goPrint
   899                              <1> .notZero:
   900 000047A3 31ED                <1>     xor ebp, ebp  ;Use bp as #of digits counter
   901 000047A5 BE0A000000          <1>     mov esi, 0Ah  ;Divide by 10
   902                              <1> .mainLp:
   903 000047AA FFC5                <1>     inc ebp
   904 000047AC C1E108              <1>     shl ecx, 8    ;Space for next nybble
   905 000047AF 31D2                <1>     xor edx, edx
   906 000047B1 F7F6                <1>     div esi
   907 000047B3 80C230              <1>     add dl, '0'
   908 000047B6 88D1                <1>     mov cl, dl    ;Save remainder byte
   909 000047B8 85C0                <1>     test eax, eax   ;We zero yet?
   910 000047BA 75EE                <1>     jnz .mainLp
   911                              <1> .goPrint:
   912 000047BC 88CA                <1>     mov dl, cl    ;Get most sig digit into al
   913 000047BE C1E908              <1>     shr ecx, 8    ;Get next digit down
   914 000047C1 B402                <1>     mov ah, 02h
   915 000047C3 CD21                <1>     int 21h
   916 000047C5 FFCD                <1>     dec ebp
   917 000047C7 75F3                <1>     jnz .goPrint
   918                              <1>     return
    13                              <2> %%_ret:
    14 000047C9 C3                  <2>  ret
    15                              <2> %assign retOff %%_ret-$$
   919                              <1> 
   920                              <1> getDecimalWord:
   921                              <1> ;Works on MAX A dword in eax
   922                              <1> ;Gets the decimalised DWORD to print in rcx (at most 8 digits)
   923 000047CA 31C9                <1>     xor ecx, ecx
   924 000047CC 31ED                <1>     xor ebp, ebp  ;Use bp as #of digits counter
   925 000047CE BB0A000000          <1>     mov ebx, 0Ah  ;Divide by 10
   926                              <1> .dpfb0:
   927 000047D3 FFC5                <1>     inc ebp
   928 000047D5 48C1E108            <1>     shl rcx, 8    ;Space for next nybble
   929 000047D9 31D2                <1>     xor edx, edx
   930 000047DB 48F7F3              <1>     div rbx
   931 000047DE 80C230              <1>     add dl, '0'
   932 000047E1 80FA39              <1>     cmp dl, '9'
   933 000047E4 7603                <1>     jbe .dpfb1
   934 000047E6 80C207              <1>     add dl, 'A'-'0'-10
   935                              <1> .dpfb1:
   936 000047E9 88D1                <1>     mov cl, dl    ;Save remainder byte
   937 000047EB 4885C0              <1>     test rax, rax
   938 000047EE 75E3                <1>     jnz .dpfb0
   939                              <1>     return
    13                              <2> %%_ret:
    14 000047F0 C3                  <2>  ret
    15                              <2> %assign retOff %%_ret-$$
   940                              <1> getByte:
   941                              <1> ;Indicates if the number obtained is larger than a byte by setting CF
   942 000047F1 E807000000          <1>     call getNum
   943 000047F6 3D00010000          <1>     cmp eax, 100h
   944 000047FB F5                  <1>     cmc
   945                              <1>     return
    13                              <2> %%_ret:
    14 000047FC C3                  <2>  ret
    15                              <2> %assign retOff %%_ret-$$
   946                              <1> getNum:
   947                              <1> ;Gets a number from a command line.
   948                              <1> ;Input: rsi -> String to get number from
   949                              <1> ;Output: rsi -> Char which terminated the accumulation
   950                              <1> ;        eax = Value of the string. May overflow if we read more than 9 chars...
   951                              <1> ;If an overflow, CF=CY. eax=Undefined. rsi-> Char 9
   952 000047FD 51                  <1>     push rcx
   953 000047FE 53                  <1>     push rbx
   954 000047FF 31DB                <1>     xor ebx, ebx
   955 00004801 31C9                <1>     xor ecx, ecx    ;Start with a value of zero
   956 00004803 31C0                <1>     xor eax, eax    
   957                              <1> .lp:
   958 00004805 AC                  <1>     lodsb
   959 00004806 3C30                <1>     cmp al, "0"
   960 00004808 721B                <1>     jb .exit
   961 0000480A 3C39                <1>     cmp al, "9"
   962 0000480C 7717                <1>     ja .exit
   963 0000480E 2C30                <1>     sub al, "0"                     ;Convert to binary 
   964 00004810 678D0C89            <1>     lea ecx, qword [4*ecx + ecx]    ;5*rcx
   965 00004814 D1E1                <1>     shl ecx, 1                      ;2*(5*rcx)
   966 00004816 01C1                <1>     add ecx, eax
   967 00004818 FFC3                <1>     inc ebx
   968 0000481A 81FB09000000        <1>     cmp ebx, 9
   969 00004820 75E3                <1>     jne short .lp   ;Get next digit
   970 00004822 F9                  <1>     stc             ;Yikesaroony
   971 00004823 EB01                <1>     jmp short .exitBad
   972                              <1> .exit:
   973 00004825 F8                  <1>     clc             ;Clear CF
   974                              <1> .exitBad:
   975 00004826 89C8                <1>     mov eax, ecx
   976 00004828 5B                  <1>     pop rbx
   977 00004829 59                  <1>     pop rcx
   978 0000482A 48FFCE              <1>     dec rsi         ;dec doesnt affect CF 
   979                              <1>     return
    13                              <2> %%_ret:
    14 0000482D C3                  <2>  ret
    15                              <2> %assign retOff %%_ret-$$
   980                              <1> 
   981                              <1> 
   982                              <1> freezePC:
   983 0000482E 488D151EBFFFFF      <1>     lea rdx, memBad1
   984 00004835 B409                <1>     mov ah, 09h
   985 00004837 CD21                <1>     int 21h
   986                              <1> .altEP:
   987 00004839 488D153CBFFFFF      <1>     lea rdx, memBad3
   988 00004840 B409                <1>     mov ah, 09h
   989 00004842 CD21                <1>     int 21h
   990                              <1> .lp:
   991 00004844 F390                <1>     pause
   992 00004846 F4                  <1>     hlt
   993 00004847 EBFB                <1>     jmp short .lp
   994                              <1> 
   995                              <1> setDTA:
   996 00004849 50                  <1>     push rax
   997 0000484A 52                  <1>     push rdx
   998 0000484B 488D15(F6000000)    <1>     lea rdx, cmdFFBlock     ;Use this as the DTA for this request
   999 00004852 B8001A0000          <1>     mov eax, 1A00h
  1000 00004857 CD21                <1>     int 21h
  1001 00004859 5A                  <1>     pop rdx
  1002 0000485A 58                  <1>     pop rax
  1003                              <1>     return
    13                              <2> %%_ret:
    14 0000485B C3                  <2>  ret
    15                              <2> %assign retOff %%_ret-$$
  1004                              <1> 
  1005                              <1> getDTA:
  1006 0000485C 488D15(F6000000)    <1>     lea rdx, cmdFFBlock
  1007                              <1>     return
    13                              <2> %%_ret:
    14 00004863 C3                  <2>  ret
    15                              <2> %assign retOff %%_ret-$$
  1008                              <1> 
  1009                              <1> resetNation:
  1010                              <1> ;(Re)sets the country and switchar data
  1011 00004864 B800370000          <1>     mov eax, 3700h  ;Get switchchar in dl
  1012 00004869 CD21                <1>     int 21h
  1013 0000486B 3CFF                <1>     cmp al, -1
  1014 0000486D 7412                <1>     je .skipSwitch
  1015 0000486F 881596B7FFFF        <1>     mov byte [switchChar], dl   ;Store the switchChar in var
  1016 00004875 80FA2D              <1>     cmp dl, "-" ;Is the switchChar Unix?
  1017 00004878 7507                <1>     jne .skipSwitch
  1018 0000487A C60589B7FFFF2F      <1>     mov byte [pathSep], "/" ;Swap default path separator to UNIX style
  1019                              <1> .skipSwitch:
  1020 00004881 B800380000          <1>     mov eax, 3800h  ;Get current country data
  1021 00004886 488D15(7D000000)    <1>     lea rdx, ctryData
  1022 0000488D CD21                <1>     int 21h ;Write the data to the internal country table 
  1023                              <1>     return
    13                              <2> %%_ret:
    14 0000488F C3                  <2>  ret
    15                              <2> %assign retOff %%_ret-$$
  1024                              <1> 
  1025                              <1> resetIDTentries:
  1026                              <1> ;Resets the IDT entries if they were changed by dead child process
  1027 00004890 488D15B7020000      <1>     lea rdx, critErrorHandler
  1028 00004897 B824250000          <1>     mov eax, 2524h
  1029 0000489C CD21                <1>     int 21h
  1030 0000489E 488D15B3010000      <1>     lea rdx, ctrlCHandler
  1031 000048A5 B823250000          <1>     mov eax, 2523h
  1032 000048AA CD21                <1>     int 21h
  1033 000048AC 488D15F3C5FFFF      <1>     lea rdx, appRet
  1034 000048B3 B822250000          <1>     mov eax, 2522h
  1035 000048B8 CD21                <1>     int 21h
  1036                              <1>     return
    13                              <2> %%_ret:
    14 000048BA C3                  <2>  ret
    15                              <2> %assign retOff %%_ret-$$
  1037                              <1> 
  1038                              <1> ;------------------------
  1039                              <1> ;   For/If routines
  1040                              <1> ;------------------------
  1041                              <1> makeAsciizAdv:
  1042                              <1> ;Input: rsi -> Non delimiter char string
  1043                              <1> ;Output: rsi -> Next substring past delimiters
  1044                              <1> ;       rdi -> ASCIIZ version of the string we just passed
  1045 000048BB 58                  <1>     pop rax ;Align the stack so if we hit a CR its getNextArg doesnt crash
  1046 000048BC E807000000          <1>     call makeArgAsciz      ;Get in rdi -> ASCIZ argument. rsi -> terminator
  1047 000048C1 E814000000          <1>     call getNextArg        ;rsi -> Command
  1048 000048C6 FFE0                <1>     jmp rax                 ;Go to this address now
  1049                              <1> 
  1050                              <1> makeArgAsciz:
  1051                              <1> ;Creates a null terminated string in the search spec.
  1052                              <1> ;Input: rsi -> String to copy with null terminator
  1053                              <1> ;Ouput: rsi -> Terminator
  1054                              <1> ;       rdi -> Search Spec with filled ASCIZ string
  1055 000048C8 50                  <1>     push rax    ;Preserve rax
  1056 000048C9 E802FEFFFF          <1>     call copyArgumentToSearchSpec
  1057 000048CE 58                  <1>     pop rax
  1058 000048CF 488D3D(70040000)    <1>     lea rdi, searchSpec
  1059 000048D6 48FFCE              <1>     dec rsi     ;Point back to the delimiter char
  1060                              <1>     return
    13                              <2> %%_ret:
    14 000048D9 C3                  <2>  ret
    15                              <2> %assign retOff %%_ret-$$
  1061                              <1> 
  1062                              <1> getNextArg:
  1063                              <1> ;Moves rsi to the first next element. If a CR is encountered, it exits
  1064                              <1> ;Input: rsi -> String
  1065                              <1> ;Output: rsi -> First non delimiter char after initial position
  1066 000048DA E865FCFFFF          <1>     call skipDelimiters     ;Preserves rax
  1067 000048DF 803E0D              <1>     cmp byte [rsi], CR
  1068                              <1>     retne
    53                              <2> cret ne
    19                              <3> %%_base:
    20                              <3> %assign baseVar %%_base-$$
    21                              <3>  %ifdef retOff
    22                              <3>  %if (baseVar - retOff <= 126) && (baseVar > retOff)
    23                              <3>  %ifdef currSegVBase
    24 000048E2 75(D9)              <3>  j%+1 short (retOff+currSegVBase)
    25                              <3>  %else
    26                              <3>  j%+1 short retOff
    27                              <3>  %endif
    28                              <3>  %else
    29                              <3>  j%-1 short %%a
    30                              <3>  return
    31                              <3> %%a:
    32                              <3>  %endif
    33                              <3>  %else
    34                              <3>  j%-1 short %%a
    35                              <3>  return
    36                              <3> %%a:
    37                              <3>  %endif
  1069 000048E4 E876F7FFFF          <1>     call forFree    ;Harmless if used in IF. Registers preserved.
  1070 000048E9 58                  <1>     pop rax ;Pop the return address off the stack
  1071 000048EA E96AD1FFFF          <1>     jmp badSyntaxError  ;And jump error out
  1072                              <1> 
  1073                              <1> strcmp:
  1074 000048EF B81E120000          <1>     mov eax, 121Eh
  1075 000048F4 CD2F                <1>     int 2fh
  1076                              <1>     return
    13                              <2> %%_ret:
    14 000048F6 C3                  <2>  ret
    15                              <2> %assign retOff %%_ret-$$
  1077                              <1> 
  1078                              <1> 
  1079                              <1> ;-------------------------------
  1080                              <1> ; Environment utility functions
  1081                              <1> ;-------------------------------
  1082                              <1> 
  1083                              <1> cmpEnvVar:
  1084                              <1> ;Checks that we have found the environment variable we are looking for.
  1085                              <1> ;Input: rsi -> Environment var to verify the name of
  1086                              <1> ;       rdi -> Supplied var name to compare against
  1087                              <1> ;Output: ZF=ZE: Equal. ZF=NZ: Not equal.
  1088 000048F7 56                  <1>     push rsi
  1089 000048F8 57                  <1>     push rdi
  1090 000048F9 4887F7              <1>     xchg rsi, rdi       ;Swap Env and user ptrs. rdi -> env. rsi -> given.
  1091                              <1> .lp:
  1092 000048FC AC                  <1>     lodsb               ;Pick up from environment string
  1093 000048FD E827FCFFFF          <1>     call ucChar         ;Upper case it!
  1094 00004902 3807                <1>     cmp byte [rdi], al  
  1095 00004904 7509                <1>     jne .exit
  1096 00004906 3C3D                <1>     cmp al, "="         ;Are we at the end?
  1097 00004908 7405                <1>     je .exit
  1098 0000490A 48FFC7              <1>     inc rdi
  1099 0000490D EBED                <1>     jmp short .lp
  1100                              <1> .exit:
  1101 0000490F 5F                  <1>     pop rdi
  1102 00004910 5E                  <1>     pop rsi
  1103                              <1>     return
    13                              <2> %%_ret:
    14 00004911 C3                  <2>  ret
    15                              <2> %assign retOff %%_ret-$$
  1104                              <1> 
  1105                              <1> checkEnvGoodAndGet:
  1106                              <1> ;Gets the env ptr and checks that it is double null terminated.
  1107                              <1> ;Output:
  1108                              <1> ;   ZF=ZE: Environment is bad. Is not double null terminated.
  1109                              <1> ;   ZF=NZ: Environment is good. Is double null terminated.
  1110                              <1> ;           rsi -> Environment pointer
  1111 00004912 50                  <1>     push rax
  1112 00004913 51                  <1>     push rcx
  1113 00004914 57                  <1>     push rdi
  1114 00004915 4150                <1>     push r8
  1115 00004917 498B783E            <1>     mov rdi, qword [r8 + psp.envPtr]    ;Get the env ptr!
  1116 0000491B 4885FF              <1>     test rdi, rdi   ;Null envs are possible. If it happens, just fail!
  1117 0000491E 741A                <1>     jz .badExit
  1118 00004920 8B4FF9              <1>     mov ecx, dword [rdi - mcb_size + mcb.blockSize] ;Get the mcb size in para
  1119 00004923 C1E104              <1>     shl ecx, 4          ;Convert to bytes (max number of bytes in the block!)
  1120                              <1> ;Ensure we have a good environment, i.e. one that is double null terminated.
  1121 00004926 31C0                <1>     xor eax, eax
  1122                              <1> .pathNulScan:
  1123 00004928 F2AE                <1>     repne scasb
  1124 0000492A 85C9                <1>     test ecx, ecx   ;If we are zero on first null, its an error
  1125 0000492C 740C                <1>     jz .badExit
  1126 0000492E 3807                <1>     cmp byte [rdi], al  ;Is char two null?
  1127 00004930 75F6                <1>     jne .pathNulScan    ;If not, keep searching
  1128 00004932 31C0                <1>     xor eax, eax
  1129 00004934 FFC0                <1>     inc eax ;Clear the ZF
  1130 00004936 498B703E            <1>     mov rsi, qword [r8 + psp.envPtr]    ;Return the env ptr here
  1131                              <1> .badExit:
  1132 0000493A 4158                <1>     pop r8
  1133 0000493C 5F                  <1>     pop rdi
  1134 0000493D 59                  <1>     pop rcx
  1135 0000493E 58                  <1>     pop rax
  1136                              <1>     return
    13                              <2> %%_ret:
    14 0000493F C3                  <2>  ret
    15                              <2> %assign retOff %%_ret-$$
  1137                              <1> 
  1138                              <1> 
  1139                              <1> findEnvSpace:
  1140                              <1> ;Searches the environment for space, returns a pointer to the start of the 
  1141                              <1> ; free space in the pointer and a count of free space in the environment.
  1142                              <1> ;If count is zero, pointer is not to be used.
  1143                              <1> ;Output: ecx = Count. rsi -> First free byte in Environment alloc region.
  1144 00004940 31C9                <1>     xor ecx, ecx
  1145 00004942 31C0                <1>     xor eax, eax    ;Clear eax too
  1146 00004944 51                  <1>     push rcx
  1147 00004945 E8C8FFFFFF          <1>     call checkEnvGoodAndGet ;Get environment in rsi
  1148 0000494A 59                  <1>     pop rcx
  1149                              <1>     retz    ;If ZF=ZE, env bad. Count zero.
    41                              <2> cret z
    19                              <3> %%_base:
    20                              <3> %assign baseVar %%_base-$$
    21                              <3>  %ifdef retOff
    22                              <3>  %if (baseVar - retOff <= 126) && (baseVar > retOff)
    23                              <3>  %ifdef currSegVBase
    24 0000494B 74(3F)              <3>  j%+1 short (retOff+currSegVBase)
    25                              <3>  %else
    26                              <3>  j%+1 short retOff
    27                              <3>  %endif
    28                              <3>  %else
    29                              <3>  j%-1 short %%a
    30                              <3>  return
    31                              <3> %%a:
    32                              <3>  %endif
    33                              <3>  %else
    34                              <3>  j%-1 short %%a
    35                              <3>  return
    36                              <3> %%a:
    37                              <3>  %endif
  1150 0000494D 488D5EF0            <1>     lea rbx, qword [rsi - mcb_size] ;Point rbx to the memory arena header
  1151 00004951 FFC9                <1>     dec ecx ;Make into a large counter
  1152 00004953 4889F7              <1>     mov rdi, rsi    
  1153                              <1> .endsearch:
  1154 00004956 F2AE                <1>     repne scasb ;Scan
  1155 00004958 803F00              <1>     cmp byte [rdi], 0
  1156 0000495B 75F9                <1>     jne .endsearch  ;If not double zero, keep searching
  1157                              <1>     ;Here we are at the end of the environment
  1158 0000495D F7D9                <1>     neg ecx
  1159 0000495F FFC1                <1>     inc ecx ;Include the terminating null in the count of the env size.
  1160 00004961 4889FE              <1>     mov rsi, rdi    ;Save the pointer to the start of free space in rsi
  1161 00004964 8B4309              <1>     mov eax, dword [rbx + mcb.blockSize]    ;Get the size of environment
  1162 00004967 29C8                <1>     sub eax, ecx
  1163 00004969 89C1                <1>     mov ecx, eax    ;Get the final count in ecx
  1164                              <1>     return
    13                              <2> %%_ret:
    14 0000496B C3                  <2>  ret
    15                              <2> %assign retOff %%_ret-$$
  1165                              <1> 
  1166                              <1> searchForEnvVar:
  1167                              <1> ;Gets the environment, and scans it for a string with the var specified.
  1168                              <1> ;Input: rdi -> Var name to look for.
  1169                              <1> ;Returns: CF=NC: rsi -> Env var in env.
  1170 0000496C 57                  <1>     push rdi
  1171 0000496D 51                  <1>     push rcx
  1172 0000496E 52                  <1>     push rdx
  1173 0000496F 498B703E            <1>     mov rsi, qword [r8 + psp.envPtr]
  1174 00004973 4889FA              <1>     mov rdx, rdi        ;Save the search pointer!
  1175                              <1> .varLp:
  1176 00004976 4889D7              <1>     mov rdi, rdx        ;Reset the pointer for searching
  1177 00004979 E879FFFFFF          <1>     call cmpEnvVar      ;Checks if these two environment vars are equal
  1178 0000497E 7416                <1>     je .varFound
  1179 00004980 31C0                <1>     xor eax, eax        ;Search for a null
  1180 00004982 4889F7              <1>     mov rdi, rsi        ;Scan the environment
  1181 00004985 B9FFFFFFFF          <1>     mov ecx, -1         ;Just keep searching
  1182 0000498A F2AE                <1>     repne scasb         ;Now scan for the terminating null
  1183 0000498C 3807                <1>     cmp byte [rdi], al  ;Now check the second char
  1184 0000498E 7405                <1>     je .varNotFound     ;If second null, no more env to search!
  1185 00004990 4889FE              <1>     mov rsi, rdi        ;Now move to rsi the start of the next env var
  1186 00004993 EBE1                <1>     jmp short .varLp    ;And scan again!
  1187                              <1> .varNotFound:
  1188 00004995 F9                  <1>     stc
  1189                              <1> .varFound:
  1190 00004996 59                  <1>     pop rcx
  1191 00004997 5A                  <1>     pop rdx
  1192 00004998 5F                  <1>     pop rdi
  1193                              <1>     return
    13                              <2> %%_ret:
    14 00004999 C3                  <2>  ret
    15                              <2> %assign retOff %%_ret-$$
  1194                              <1> 
  1195                              <1> envFree:
  1196                              <1> ;Frees a variable from the environment, pulls the strings behind it up
  1197                              <1> ; zeros the rest of the environment, and returns a pointer to the first
  1198                              <1> ; free byte of the environment!
  1199                              <1> ;Input: rsi -> Variable to free.
  1200                              <1> ;Output: rdi -> First byte to write new env var in (old second null)
  1201                              <1> ;        ecx = Number of free bytes in env
  1202 0000499A 4889F7              <1>     mov rdi, rsi
  1203 0000499D 31C0                <1>     xor eax, eax
  1204                              <1> .freeLp:
  1205 0000499F 803F00              <1>     cmp byte [rdi], 0
  1206 000049A2 7403                <1>     je .exitLp
  1207 000049A4 AA                  <1>     stosb
  1208 000049A5 EBF8                <1>     jmp short .freeLp
  1209                              <1> .exitLp:
  1210                              <1> ;rdi points to the terminating null of the var we just deleted
  1211                              <1> ;rsi points to the start of the free space
  1212 000049A7 4887F7              <1>     xchg rsi, rdi   ;Swap em!
  1213 000049AA 66813E0000          <1>     cmp word [rsi], 0   ;If we are already at the terminating null, dont advance!
  1214 000049AF 7504                <1>     jne .prepPullup
  1215 000049B1 31C0                <1>     xor eax, eax
  1216 000049B3 EB0E                <1>     jmp short .cleanEnv
  1217                              <1> .prepPullup:
  1218 000049B5 48FFC6              <1>     inc rsi         ;Go past the terminating null!
  1219                              <1> .pullUp:
  1220 000049B8 AC                  <1>     lodsb
  1221 000049B9 AA                  <1>     stosb
  1222 000049BA 84C0                <1>     test al, al ;Did we pick up a zero
  1223 000049BC 75FA                <1>     jne .pullUp ;If not, keep copying
  1224 000049BE 803E00              <1>     cmp byte [rsi], 0   ;Is this the famous second byte?
  1225 000049C1 75F5                <1>     jne .pullUp
  1226                              <1> ;We are at the end of the copy!
  1227                              <1> .cleanEnv:
  1228 000049C3 AA                  <1>     stosb   ;Store the famous second null
  1229 000049C4 48FFCF              <1>     dec rdi ;without incrementing it!!
  1230 000049C7 E807000000          <1>     call getFreeSpace
  1231 000049CC 31C0                <1>     xor eax, eax
  1232 000049CE 51                  <1>     push rcx
  1233 000049CF F3AA                <1>     rep stosb       ;Now zero the remaining space of the env!
  1234 000049D1 59                  <1>     pop rcx
  1235                              <1>     return
    13                              <2> %%_ret:
    14 000049D2 C3                  <2>  ret
    15                              <2> %assign retOff %%_ret-$$
  1236                              <1> 
  1237                              <1> getFreeSpace:
  1238                              <1> ;Output: ecx = Number of free bytes in the environment block
  1239 000049D3 56                  <1>     push rsi
  1240 000049D4 57                  <1>     push rdi
  1241 000049D5 E81E000000          <1>     call getPtrToEndOfEnv   ;Get ptr in rdi to end of alloc 
  1242 000049DA 498B703E            <1>     mov rsi, qword [r8 + psp.envPtr]
  1243 000049DE 4829F7              <1>     sub rdi, rsi    ;This gets number of bytes allocated
  1244 000049E1 E805000000          <1>     call getEnvSize ;Get total block size
  1245 000049E6 29F9                <1>     sub ecx, edi    ;Get difference!
  1246 000049E8 5F                  <1>     pop rdi
  1247 000049E9 5E                  <1>     pop rsi
  1248                              <1>     return
    13                              <2> %%_ret:
    14 000049EA C3                  <2>  ret
    15                              <2> %assign retOff %%_ret-$$
  1249                              <1> 
  1250                              <1> getEnvSize:
  1251                              <1> ;Gets the number of bytes in the environment allocation
  1252                              <1> ;Output: ecx = Number of bytes in the environment!
  1253 000049EB 53                  <1>     push rbx
  1254 000049EC 498B583E            <1>     mov rbx, qword [r8 + psp.envPtr]
  1255 000049F0 8B4BF9              <1>     mov ecx, dword [rbx - mcb_size + mcb.blockSize]
  1256 000049F3 C1E104              <1>     shl ecx, 4  ;Get number of bytes in the environment
  1257 000049F6 5B                  <1>     pop rbx
  1258                              <1>     return
    13                              <2> %%_ret:
    14 000049F7 C3                  <2>  ret
    15                              <2> %assign retOff %%_ret-$$
  1259                              <1> 
  1260                              <1> getPtrToEndOfEnv:
  1261                              <1> ;Gets ptr to end of the environment
  1262                              <1> ;Output: rdi -> Second null byte of the terminator of the environment.
  1263 000049F8 50                  <1>     push rax
  1264 000049F9 51                  <1>     push rcx
  1265 000049FA 498B783E            <1>     mov rdi, qword [r8 + psp.envPtr]
  1266 000049FE 31C0                <1>     xor eax, eax
  1267 00004A00 31C9                <1>     xor ecx, ecx
  1268 00004A02 FFC9                <1>     dec ecx
  1269                              <1> .lp:
  1270 00004A04 F2AE                <1>     repne scasb
  1271 00004A06 3807                <1>     cmp byte [rdi], al
  1272 00004A08 75FA                <1>     jne .lp
  1273 00004A0A 59                  <1>     pop rcx
  1274 00004A0B 58                  <1>     pop rax
  1275                              <1>     return
    13                              <2> %%_ret:
    14 00004A0C C3                  <2>  ret
    15                              <2> %assign retOff %%_ret-$$
  1276                              <1> 
  1277                              <1> growEnvBlock:
  1278                              <1> ;Attempts to grow the environment to store the new string. Will clean the
  1279                              <1> ; newly allocated 160 byte block of the environment.
  1280                              <1> ;Returns:   CF=NC - Environment grown ok!
  1281                              <1> ;           CF=CY & ZF=ZE - Environment at max size
  1282                              <1> ;           CF=CY & ZF=NZ - Realloc failed.
  1283 00004A0D 50                  <1>     push rax
  1284 00004A0E 53                  <1>     push rbx
  1285 00004A0F 51                  <1>     push rcx
  1286 00004A10 56                  <1>     push rsi
  1287 00004A11 57                  <1>     push rdi
  1288 00004A12 E8BCFFFFFF          <1>     call getFreeSpace       ;Get free space in environment in ecx
  1289 00004A17 E8DCFFFFFF          <1>     call getPtrToEndOfEnv   ;Get ptr to free space in rdi
  1290 00004A1C 498B703E            <1>     mov rsi, qword [r8 + psp.envPtr]
  1291 00004A20 8B5EF9              <1>     mov ebx, dword [rsi - mcb_size + mcb.blockSize]  ;Get current alloc size
  1292 00004A23 81C30A000000        <1>     add ebx, 0Ah    ;Add 160 bytes!
  1293 00004A29 81FB00080000        <1>     cmp ebx, 800h   ;Cannot be bigger than 8000h bytes
  1294 00004A2F 7321                <1>     jae .tooLarge
  1295                              <1>     ;Here ZF must be NZ.
  1296 00004A31 4150                <1>     push r8
  1297 00004A33 4D8B403E            <1>     mov r8, qword [r8 + psp.envPtr] ;Get the block ptr
  1298 00004A37 B8004A0000          <1>     mov eax, 4A00h
  1299 00004A3C CD21                <1>     int 21h
  1300 00004A3E 4158                <1>     pop r8
  1301 00004A40 720A                <1>     jc .exit
  1302                              <1>     ;Here now we must clean the new allocated region. We added 160 bytes
  1303                              <1>     ; so we add 160 zeros to the count of bytes
  1304 00004A42 81C1A0000000        <1>     add ecx, 0A0h
  1305 00004A48 31C0                <1>     xor eax, eax
  1306 00004A4A F3AA                <1>     rep stosb
  1307                              <1> .exit:
  1308 00004A4C 5F                  <1>     pop rdi
  1309 00004A4D 5E                  <1>     pop rsi
  1310 00004A4E 59                  <1>     pop rcx
  1311 00004A4F 5B                  <1>     pop rbx
  1312 00004A50 58                  <1>     pop rax
  1313                              <1>     return
    13                              <2> %%_ret:
    14 00004A51 C3                  <2>  ret
    15                              <2> %assign retOff %%_ret-$$
  1314                              <1> .tooLarge:
  1315 00004A52 4831FF              <1>     xor rdi, rdi    ;Set ZF
  1316 00004A55 F9                  <1>     stc             ;Set CF
  1317 00004A56 EBF4                <1>     jmp short .exit
    25                                  %include "./src/int23h.asm"
     1                              <1> ctrlCHandler:
     2 00004A58 F605(1A000000)80    <1>     test byte [statFlg1], inLdr     ;Are we loading?
     3 00004A5F 7411                <1>     jz .notLoading
     4 00004A61 F605(1A000000)40    <1>     test byte [statFlg1], inLdrDT   ;Are we in date/time?
     5 00004A68 7439                <1>     jz  .inInt23                    ;IRETQ if not.
     6                              <1>     ;Else, we pretend nothing was typed in and proceed.
     7 00004A6A 66C74201000D        <1>     mov word [rdx + 1], 0D00h       ;Place a 0 chars cnt and CR in the buffer
     8 00004A70 EB12                <1>     jmp short .retFromDosCall       ;And return directly to DOS
     9                              <1> .notLoading:
    10 00004A72 F605(1A000000)02    <1>     test byte [statFlg1], inCtrlC   ;In this handler already?
    11 00004A79 742A                <1>     jz .notNested                   ;If not, handle!
    12                              <1> ;We are in this CTRL+C, check the system call that we are interrupting...
    13                              <1> ;If a CON call, we are in Terminate Batch Job msg. Set CF to indicate
    14                              <1> ; to US that the user CTRL+C'd the Terminate Batch Job message! Return
    15                              <1> ; from DOS directly, do not reenter CON call.
    16 00004A7B 84E4                <1>     test ah, ah
    17 00004A7D 7424                <1>     jz .inInt23 
    18 00004A7F 80FC0C              <1>     cmp ah, 0Ch
    19 00004A82 771F                <1>     ja .inInt23
    20                              <1> .retFromDosCall:
    21                              <1> ;Go past the Int 23h stack frame to the entry to Int 21h stack frame
    22 00004A84 50                  <1>     push rax
    23 00004A85 488D0512000000      <1>     lea rax, .i23Bounce
    24 00004A8C 4889442408          <1>     mov qword [rsp + 8], rax        ;Store as ret add
    25 00004A91 31C0                <1>     xor eax, eax
    26 00004A93 668CC8              <1>     mov ax, cs
    27 00004A96 4889442410          <1>     mov qword [rsp + 2*8], rax      ;Store the segment too
    28 00004A9B 58                  <1>     pop rax
    29 00004A9C 48CF                <1>     iretq   ;Iretq to the next instruction instead of DOS :)
    30                              <1> .i23Bounce:
    31 00004A9E 804C241001          <1>     or byte [rsp + 2*8], 1  ;Set CF on stack frame flags!
    32                              <1> .inInt23:
    33 00004AA3 48CF                <1>     iretq
    34                              <1> .notNested:
    35                              <1> ;Main body of the CRTL+C handler! 
    36 00004AA5 800D(1A000000)02    <1>     or byte [statFlg1], inCtrlC     ;Set that we are in CTRL+C
    37 00004AAC F605(1A000000)04    <1>     test byte [statFlg1], inSingle  ;Are we in single command mode?
    38 00004AB3 7509                <1>     jnz .skipReset                  
    39                              <1>     ;Now reset the disk subsystem to flush buffers appropriately,
    40                              <1>     ; in case of open files and/or we are hooked by someone who doesn't
    41                              <1>     ; want to return thru dos.
    42 00004AB5 50                  <1>     push rax
    43 00004AB6 B8000D0000          <1>     mov eax, 0D00h  ;Reset Disk system!
    44 00004ABB CD21                <1>     int 21h
    45 00004ABD 58                  <1>     pop rax
    46                              <1> .skipReset:
    47 00004ABE F605(1A000000)08    <1>     test byte [statFlg1], inBatch   ;Are we processing a batch file?
    48 00004AC5 746C                <1>     jz .notBat
    49 00004AC7 F605(1A000000)04    <1>     test byte [statFlg1], inSingle  ;Batch in a single command?
    50 00004ACE 7563                <1>     jnz .notBat                     ;No batch cleanup, kill ourselves!
    51                              <1> ;CTRLC in a batch file will always abort the current command being 
    52                              <1> ; executed. CTRLC in a batch file is only for checking if we want to 
    53                              <1> ; terminate the whole batch procedure or not!
    54 00004AD0 E8A6020000          <1>     call errSwapHdls    ;Swap STDIO back ONLY ON BATCH Error
    55                              <1> .ynLp:
    56 00004AD5 488D15EFB6FFFF      <1>     lea rdx, batFail
    57 00004ADC E827F8FFFF          <1>     call printString
    58 00004AE1 488D1554B5FFFF      <1>     lea rdx, batYNstr
    59 00004AE8 66C74202200D        <1>     mov word [rdx + 2], 0D20h   ;Space and a CR char
    60 00004AEE B80A0C0000          <1>     mov eax, 0C0Ah      ;Get clean buffered input!
    61 00004AF3 CD21                <1>     int 21h
    62 00004AF5 7226                <1>     jc .nestKill         ;If we CTRL+C during this call, kill batch!
    63 00004AF7 8A4202              <1>     mov al, byte [rdx + 2]
    64 00004AFA E82AFAFFFF          <1>     call ucChar         ;UC using DOS
    65 00004AFF 3C59                <1>     cmp al, "Y"
    66 00004B01 740E                <1>     je .killBat
    67 00004B03 3C4E                <1>     cmp al, "N"
    68 00004B05 75CE                <1>     jne .ynLp
    69                              <1> .endBat:
    70                              <1> ;Tries to abort the Command interpreter, fails and 
    71                              <1> ; our internal state will proceed with batch processing. Doing this 
    72                              <1> ; ensures the command being interrupted is cancelled.
    73 00004B07 E8F5F7FFFF          <1>     call printCRLF
    74 00004B0C E92D000000          <1>     jmp .exitBat    ;Clears errRetHdls and in ctrlc flag and exits!
    75                              <1> .killBat:   ;Now we need to terminate the batch file too.
    76 00004B11 E8A2F5FFFF          <1>     call callClean
    77 00004B16 E848CEFFFF          <1>     call batCleanup
    78 00004B1B EBEA                <1>     jmp short .endBat   ;Now CRLF and exit!
    79                              <1> .nestKill:
    80 00004B1D E896F5FFFF          <1>     call callClean
    81 00004B22 E83CCEFFFF          <1>     call batCleanup
    82 00004B27 8025(1A000000)FD    <1>     and byte [statFlg1], ~inCtrlC   
    83 00004B2E E951FFFFFF          <1>     jmp .retFromDosCall ;Nested kill needs to be handled like other nestings
    84                              <1> .notBat:
    85 00004B33 66813DD2B4FFFFFFFF  <1>     cmp word [errHdls], -1  ;If these are not -1, return to normal!
    86 00004B3C 7405                <1>     je .exit
    87                              <1> .exitBat:
    88 00004B3E E855020000          <1>     call errRetHdls 
    89                              <1> .exit:
    90 00004B43 8025(1A000000)FD    <1>     and byte [statFlg1], ~inCtrlC
    91                              <1> .exitIn:
    92 00004B4A F9                  <1>     stc     ;Set CF to kill the task
    93 00004B4B C20800              <1>     ret 8   ;Return and adjust rsp stack to indicate we wanna kill task
    94                              <1> ;All we need is that the stack pointer is not at the address we had it
    95                              <1> ; at when we entered DOS to trigger a CF check! So anything from ret 8 to
    96                              <1> ; ret 4*8 to remove CS, RFLAGS, SS, RSP is acceptable and safe!
    26                                  %include "./src/int24h.asm"
     1                              <1> critErrorHandler:   ;Int 24h
     2                              <1> ;User Stack in usage here, must be swapped to before this is called
     3                              <1> ;Entered with:  
     4                              <1> ;               AH = Critical Error Bitfield
     5                              <1> ;               Bit 7 = 0 - Disk Error, Bit 7 = 1 - Char Device Error
     6                              <1> ;               Bit 6 - Reserved
     7                              <1> ;               Bit 5 = 0 - IGNORE not allowed, Bit 5 = 1 - IGNORE allowed
     8                              <1> ;               Bit 4 = 0 - RETRY not allowed, Bit 4 = 1 - RETRY allowed
     9                              <1> ;               Bit 3 = 0 - FAIL not allowed, Bit 3 = 1 - FAIL allowed
    10                              <1> ;               Bits [2-1] = Affected Disk Error
    11                              <1> ;                     0 0   DOS area
    12                              <1> ;                     0 1   FAT area
    13                              <1> ;                     1 0   Directory area
    14                              <1> ;                     1 1   Data area
    15                              <1> ;               Bit 0 = 0 - Read Operation, Bit 0 = 1 - Write Operation
    16                              <1> ;               AL  = Failing drive number if AH[7] = 0
    17                              <1> ;               DIL = Error code for errorMsg
    18                              <1> ;               RSI = EA of Device Header for which device the error occured
    19                              <1> ;Return:
    20                              <1> ;               AL = 0 - Ignore the Error       (Ignore)
    21                              <1> ;                  = 1 - Retry the Operation    (Retry)
    22                              <1> ;                  = 2 - Terminate the Program  (Abort)
    23                              <1> ;                  = 3 - Fail the DOS call      (Fail)
    24 00004B4E 53                  <1>     push rbx
    25 00004B4F 51                  <1>     push rcx
    26 00004B50 52                  <1>     push rdx
    27 00004B51 57                  <1>     push rdi
    28 00004B52 56                  <1>     push rsi
    29 00004B53 488B15A6B4FFFF      <1>     mov rdx, qword [pPSP]
    30 00004B5A FF7246              <1>     push qword [rdx + psp.rspPtr]
    31 00004B5D E819020000          <1>     call errSwapHdls
    32 00004B62 FC                  <1>     cld         ;Make String ops go forward
    33 00004B63 6689C3              <1>     mov bx, ax  ;Save ah in bh and al in bl (if needed)
    34 00004B66 8805A0B4FFFF        <1>     mov byte [failDrv], al  ;Setup the failing drive (even on char as we reset)
    35 00004B6C 488D15FBB5FFFF      <1>     lea rdx, crlf
    36 00004B73 E890F7FFFF          <1>     call printString    ;Trashes ax
    37 00004B78 0FB7FF              <1>     movzx edi, di                   ;Clear the upper word.
    38                              <1> 
    39 00004B7B 53                  <1>     push rbx        ;Save the action bitfield
    40 00004B7C 56                  <1>     push rsi        ;Save the driver pointer
    41 00004B7D B800590000          <1>     mov eax, 5900h  ;Get Extended Error
    42 00004B82 CD21                <1>     int 21h
    43                              <1> ;DOS placed the following values in the following regs:
    44                              <1> ;ax = word [errorExCde]
    45                              <1> ;ch = byte [errorLocus]
    46                              <1> ;bh = byte [errorClass]
    47                              <1> ;bl = byte [errorAction]
    48                              <1> ;rdi = qword [errorVolLbl]
    49 00004B84 488D35ADBDFFFF      <1>     lea rsi, errorMsgTbl.FVol
    50 00004B8B 4887FE              <1>     xchg rdi, rsi   ;Swap the pointers
    51 00004B8E 48A5                <1>     movsq   ;Move over the 11 chars :)
    52 00004B90 66A5                <1>     movsw
    53 00004B92 A4                  <1>     movsb
    54 00004B93 0FB7F8              <1>     movzx edi, ax  ;Move the error code into di
    55 00004B96 5E                  <1>     pop rsi
    56 00004B97 5B                  <1>     pop rbx
    57 00004B98 81FF1F000000        <1>     cmp edi, errGF      ;Is this a normal driver error?
    58 00004B9E 7655                <1>     jbe .driverErr
    59                              <1> ;Now we split the driver from sharing and networking errors. Sharing doesnt go 
    60                              <1> ; thru the redir
    61 00004BA0 81FF24000000        <1>     cmp edi, errShrFul
    62 00004BA6 763F                <1>     jbe .shareErr
    63                              <1> ;Ok so this is a net error or bad disk swap. Check to see if an installed message!
    64                              <1> ;di has the error code still
    65 00004BA8 B800050000          <1>     mov eax, 0500h      ;Install check!
    66 00004BAD CD2F                <1>     int 2Fh
    67 00004BAF 3CFF                <1>     cmp al, -1
    68 00004BB1 752B                <1>     jne .redirDefault   ;No redir, print default net error
    69 00004BB3 89F8                <1>     mov eax, edi        ;Else, move the error code into 
    70 00004BB5 B405                <1>     mov ah, 05h         ;Get the string we need
    71 00004BB7 CD2F                <1>     int 2Fh
    72 00004BB9 7223                <1>     jc .redirDefault    ;If no message installed for this code, generic!
    73                              <1>     ;Returned if CF=NC:
    74                              <1>     ; al = 0 => Print rest of message
    75                              <1>     ; al = 1 => Immediately prompt ARIF
    76                              <1>     ; rdi -> ASCIIZ string to print
    77 00004BBB 4889FA              <1>     mov rdx, rdi        
    78 00004BBE 50                  <1>     push rax            
    79 00004BBF 31C0                <1>     xor eax, eax
    80 00004BC1 89C1                <1>     mov ecx, eax
    81 00004BC3 FFC9                <1>     dec ecx
    82 00004BC5 F2AE                <1>     repne scasb         ;Search for the terminating null
    83 00004BC7 C647FF24            <1>     mov byte [rdi - 1], "$" ;Replace with dos string terminator
    84 00004BCB E838F7FFFF          <1>     call printString 
    85 00004BD0 C647FF00            <1>     mov byte [rdi - 1], 0   ;Replace with sane string terminator
    86 00004BD4 58                  <1>     pop rax
    87 00004BD5 84C0                <1>     test al, al ;Is this zero?
    88 00004BD7 7450                <1>     jz .proceedNormalWrite  ;Now print reading/writing etc
    89 00004BD9 E998000000          <1>     jmp .userInput    ;Else, print crlf and proceed to get input
    90                              <1> .redirDefault:
    91                              <1> ;Always jumped to with rdi in the error code. Thus, this will print only
    92                              <1> ; this line with no reading/writing etc. rdi is above errShrFul here
    93                              <1> ; and also not a table offset so definitely wont accidentally try print
    94                              <1> ; additional information
    95 00004BDE 488D1588BDFFFF      <1>     lea rdx, genNetErr  ;Set the generic network error message
    96 00004BE5 EB35                <1>     jmp short .redirDefProceed
    97                              <1> .shareErr:
    98                              <1> ;Now ensure our error code is in the table, set to GF error if not.
    99 00004BE7 BA1F000000          <1>     mov edx, errGF
   100 00004BEC 81FF24000000        <1>     cmp edi, errShrFul
   101 00004BF2 0F47FA              <1>     cmova edi, edx
   102                              <1> .driverErr:
   103 00004BF5 BA1F000000          <1>     mov edx, errGF      ;If we have an error below Driver Error 0, Gen. Err.
   104 00004BFA 81FF13000000        <1>     cmp edi, drvErrShft
   105 00004C00 0F42FA              <1>     cmovb edi, edx
   106 00004C03 81EF13000000        <1>     sub edi, drvErrShft ;Now reduce the error code to be a table offset
   107 00004C09 57                  <1>     push rdi    ;Save the error code for checking
   108 00004C0A 488D150CBCFFFF      <1>     lea rdx, errMsgPtrTbl
   109 00004C11 4887FA              <1>     xchg rdi, rdx   ;Swap error code and table base
   110 00004C14 0FB71457            <1>     movzx edx, word [rdi + 2*rdx]   ;Get the word offset in rdx
   111 00004C18 4801FA              <1>     add rdx, rdi            ;Now add the table base!
   112 00004C1B 5F                  <1>     pop rdi
   113                              <1> .redirDefProceed:
   114 00004C1C E8E7F6FFFF          <1>     call printString        ;Call DOS to print first part of message
   115                              <1>     ;Now we handle any codes above errNoFCB - drvErrShft as 
   116                              <1>     ; to not print anything other than the string in the table!
   117                              <1>     ;cmp edi, errNoFCB - drvErrShft
   118 00004C21 81FF0F000000        <1>     cmp edi, errIDC - drvErrShft
   119 00004C27 734D                <1>     jae .userInput  ;IDC also triggers this skip
   120                              <1> .proceedNormalWrite:
   121 00004C29 488D155BBDFFFF      <1>     lea rdx, readMsg
   122 00004C30 488D3D63BDFFFF      <1>     lea rdi, writeMsg
   123 00004C37 F6C701              <1>     test bh, 1  ;Bit 0 is set if write operation
   124 00004C3A 480F45D7            <1>     cmovnz rdx, rdi ;Move the correct r/w part of the message to rdx
   125 00004C3E E8C5F6FFFF          <1>     call printString     ;Call DOS to print error reading/writing portion
   126                              <1> 
   127 00004C43 F6C780              <1>     test bh, 80h    ;Test bit 7 for char/Disk assertation
   128 00004C46 0F850E010000        <1>     jnz .charError
   129                              <1> ;Disk error continues here
   130 00004C4C 488D1531BDFFFF      <1>     lea rdx, drvMsg ;Drive message
   131 00004C53 E8B0F6FFFF          <1>     call printString
   132 00004C58 88DA                <1>     mov dl, bl  ;Get zero based drive number into dl
   133 00004C5A 80C241              <1>     add dl, "A" ;Add ASCII code
   134 00004C5D B402                <1>     mov ah, 02h ;Print char in dl
   135 00004C5F CD21                <1>     int 21h
   136                              <1>     
   137 00004C61 89D8                <1>     mov eax, ebx    ;Get bh into ah
   138 00004C63 2500060000          <1>     and eax, 600h   ;Mask off bits 1 and 2 of bh
   139 00004C68 3D00020000          <1>     cmp eax, 200h   ;Was this a FAT buffer?
   140 00004C6D 7507                <1>     jne .userInput  ;If not proceed as normal.
   141                              <1>     ;Else, abort! Application cannot proceed if FAT is breaking apart...
   142 00004C6F B002                <1>     mov al, 2   ;Abort! Lose that FAT buffer
   143 00004C71 E9CE000000          <1>     jmp .cehExit
   144                              <1> .userInput:
   145 00004C76 E886F6FFFF          <1>     call printCRLF  ;Print new line
   146                              <1> ;Abort, Retry, Ignore, Fail is word order
   147                              <1> ;Last message gets a ?, otherwise a comma followed by a 20h (space)
   148                              <1> .userAbort:
   149                              <1> ;Abort is always an option
   150 00004C7B 488D1527BDFFFF      <1>     lea rdx, abortMsg
   151 00004C82 E881F6FFFF          <1>     call printString ;Call DOS to prompt user for ABORT option
   152                              <1> .userRetry:
   153 00004C87 F6C710              <1>     test bh, 10h  ;Bit 4 is retry bit
   154 00004C8A 7418                <1>     jz .userIgnore    ;If clear, dont print message
   155 00004C8C 488D152EBDFFFF      <1>     lea rdx, betweenMsg
   156 00004C93 E870F6FFFF          <1>     call printString
   157 00004C98 488D1517BDFFFF      <1>     lea rdx, retryMsg
   158 00004C9F E864F6FFFF          <1>     call printString
   159                              <1> .userIgnore:
   160 00004CA4 F6C720              <1>     test bh, 20h    ;Bit 5 is ignore bit
   161 00004CA7 7418                <1>     jz .userFail
   162 00004CA9 488D1511BDFFFF      <1>     lea rdx, betweenMsg
   163 00004CB0 E853F6FFFF          <1>     call printString
   164 00004CB5 488D15F3BCFFFF      <1>     lea rdx, ignoreMsg
   165 00004CBC E847F6FFFF          <1>     call printString
   166                              <1> .userFail:
   167 00004CC1 F6C708              <1>     test bh, 08h    ;Bit 3 is Fail bit
   168 00004CC4 7418                <1>     jz .userMsgEnd
   169 00004CC6 488D15F4BCFFFF      <1>     lea rdx, betweenMsg
   170 00004CCD E836F6FFFF          <1>     call printString
   171 00004CD2 488D15E3BCFFFF      <1>     lea rdx, failMsg
   172 00004CD9 E82AF6FFFF          <1>     call printString
   173                              <1> .userMsgEnd:
   174 00004CDE 488D15DFBCFFFF      <1>     lea rdx, endMsg
   175 00004CE5 E81EF6FFFF          <1>     call printString
   176                              <1> ;Get user input now 
   177 00004CEA 31C9                <1>     xor ecx, ecx  ;4 Possible Responses
   178 00004CEC 488D3DD4BCFFFF      <1>     lea rdi, i24Resp ;Go to start of string
   179 00004CF3 B8010C0000          <1>     mov eax, 0C01h ;Flush and get STDIN without Console Echo
   180 00004CF8 CD21                <1>     int 21h ;Get char in al
   181 00004CFA 3C61                <1>     cmp al, "a" ;Chack if lowercase, consider using UC char DOS multiplex
   182 00004CFC 7202                <1>     jb .uip1    ;If the value is below, ignore subtraction
   183 00004CFE 2C20                <1>     sub al, "a"-"A"  ;Turn the char into uppercase
   184                              <1> .uip1:
   185 00004D00 AE                  <1>     scasb   ;Compare char to list, offset gives return code
   186 00004D01 740F                <1>     je .validInput  ;If they are equal, ecx has return code
   187 00004D03 FFC1                <1>     inc ecx
   188 00004D05 81F904000000        <1>     cmp ecx, 4
   189 00004D0B 75F3                <1>     jne .uip1
   190 00004D0D E964FFFFFF          <1>     jmp .userInput ;If valid char not found, keep waiting 
   191                              <1> .validInput:
   192 00004D12 E8EAF5FFFF          <1>     call printCRLF   ;Note the input was accepted
   193 00004D17 88C8                <1>     mov al, cl  ;Move the offset into .responses into al
   194                              <1> ;Now check if the input is permitted
   195 00004D19 3C02                <1>     cmp al, 2   ;Check if abort, abort always permitted
   196 00004D1B 7427                <1>     je .cehExit
   197 00004D1D 84C0                <1>     test al, al ;Check if 0 => Ignore
   198 00004D1F 740F                <1>     je .viIgnore
   199 00004D21 3C01                <1>     cmp al, 1   ;Check if 1 => Retry
   200 00004D23 7416                <1>     je .viRetry
   201                              <1> .viFail:    ;Fallthrough for fail (al = 3)
   202 00004D25 F6C708              <1>     test bh, 8  ;Bit 3 is Fail bit
   203 00004D28 0F8448FFFFFF        <1>     jz .userInput  ;If bit 3 is zero, prompt and get input again
   204 00004D2E EB14                <1>     jmp short .cehExit
   205                              <1> .viIgnore:
   206 00004D30 F6C720              <1>     test bh, 20h    ;Bit 5 is Ignore bit
   207 00004D33 0F843DFFFFFF        <1>     jz .userInput
   208 00004D39 EB09                <1>     jmp short .cehExit
   209                              <1> .viRetry:
   210 00004D3B F6C710              <1>     test bh, 10h    ;Bit 4 is Retry bit
   211 00004D3E 0F8432FFFFFF        <1>     jz .userInput
   212                              <1> .cehExit:
   213 00004D44 E84F000000          <1>     call errRetHdls
   214 00004D49 488B15B0B2FFFF      <1>     mov rdx, qword [pPSP]
   215 00004D50 8F4246              <1>     pop qword [rdx + psp.rspPtr]    ;Pop the original psp rsp pointer back!
   216 00004D53 5E                  <1>     pop rsi
   217 00004D54 5F                  <1>     pop rdi
   218 00004D55 5A                  <1>     pop rdx
   219 00004D56 59                  <1>     pop rcx
   220 00004D57 5B                  <1>     pop rbx
   221 00004D58 48CF                <1>     iretq
   222                              <1> .charError:
   223 00004D5A C605ABB2FFFFFF      <1>     mov byte [failDrv], -1  ;Clear the failing drive 
   224 00004D61 B908000000          <1>     mov ecx, 8  ;8 chars in device name
   225 00004D66 4881C61A000000      <1>     add rsi, drvHdr.drvNam  ;Get the address of the Drive name
   226                              <1> .ce1:
   227 00004D6D AC                  <1>     lodsb   ;Get a string char into al and inc rsi
   228 00004D6E 88C2                <1>     mov dl, al  ;Move char into dl
   229 00004D70 B402                <1>     mov ah, 02h
   230 00004D72 CD21                <1>     int 21h ;Print char
   231 00004D74 E2F7                <1>     loop .ce1   ;Keep looping until all 8 char device chars have been printed
   232 00004D76 E9FBFEFFFF          <1>     jmp .userInput
   233                              <1> 
   234                              <1> 
   235                              <1> errSwapHdls:
   236                              <1> ;Swaps STDIO to STDERR
   237                              <1> ;Start by tmporarily moving the stderr handler into stdio
   238                              <1> ;In principle dangerous, but since we cannot exit our routine, its oki.
   239 00004D7B 50                  <1>     push rax
   240 00004D7C 53                  <1>     push rbx
   241 00004D7D E833000000          <1>     call getJftPtr  ;Get the jft pointer into rbx. Saves rax
   242 00004D82 0FB703              <1>     movzx eax, word [rbx]       ;Get STDIO into ax
   243 00004D85 66890582B2FFFF      <1>     mov word [errHdls], ax      ;Save em
   244 00004D8C 0FB64302            <1>     movzx eax, byte [rbx + 2]   ;Now get the STDERR SFTndx in al
   245 00004D90 88C4                <1>     mov ah, al                  ;Move STDERR hdl into ah too 
   246 00004D92 668903              <1>     mov word [rbx], ax          ;And set STDIO to STDERR
   247 00004D95 5B                  <1>     pop rbx
   248 00004D96 58                  <1>     pop rax
   249                              <1>     return
    13                              <2> %%_ret:
    14 00004D97 C3                  <2>  ret
    15                              <2> %assign retOff %%_ret-$$
   250                              <1> 
   251                              <1> errRetHdls:
   252                              <1> ;Returns STDIO from STDERR.
   253 00004D98 50                  <1>     push rax
   254 00004D99 53                  <1>     push rbx
   255 00004D9A E816000000          <1>     call getJftPtr  ;Get ptr in rbx. Preserves rax.
   256 00004D9F 0FB70568B2FFFF      <1>     movzx eax, word [errHdls]
   257 00004DA6 66C7055FB2FFFFFFFF  <1>     mov word [errHdls], -1  ;Reset values
   258 00004DAF 668903              <1>     mov word [rbx], ax      ;Store the handle word back
   259 00004DB2 5B                  <1>     pop rbx
   260 00004DB3 58                  <1>     pop rax
   261                              <1>     return
    13                              <2> %%_ret:
    14 00004DB4 C3                  <2>  ret
    15                              <2> %assign retOff %%_ret-$$
   262                              <1> 
   263                              <1> getJftPtr:
   264                              <1> ;Preserves all registers except rbx.
   265                              <1> ;Output: rbx -> JFT of current task
   266 00004DB5 50                  <1>     push rax        ;Save rax
   267 00004DB6 B800510000          <1>     mov eax, 5100h  ;Get current PSP in rbx
   268 00004DBB CD21                <1>     int 21h
   269 00004DBD 58                  <1>     pop rax
   270 00004DBE 66817B4E1400        <1>     cmp word [rbx + psp.jftSize], 20    ;If >20, pspjft is ptr to real jft
   271 00004DC4 7605                <1>     jbe .pspJftExit
   272 00004DC6 488B5B2A            <1>     mov rbx, qword [rbx + psp.externalJFTPtr]   ;Get ptr to jft from the psp
   273                              <1>     return
    13                              <2> %%_ret:
    14 00004DCA C3                  <2>  ret
    15                              <2> %assign retOff %%_ret-$$
   274                              <1> .pspJftExit:
   275 00004DCB 488D5B2A            <1>     lea rbx, qword [rbx + psp.jobFileTbl]       ;Make into a ptr to jft in psp
   276                              <1>     return
    13                              <2> %%_ret:
    14 00004DCF C3                  <2>  ret
    15                              <2> %assign retOff %%_ret-$$
    27                                  cmdLdrE:
    28                                  
    29                                  Segment bss nobits align=1 follows=cmd
    30                                  %include "./dat/cmdBss.asm"
     1                              <1> 
     2                              <1> ;Moved most strings and initialised 0 variables here to reduce disk image size
     3 00000000 ????                <1> returnCode  dw ?    ;Return Code from a child process
     4 00000002 ????????????????    <1> int2Epsp    dq ?    ;
     5 0000000A ????????????????    <1> int2Ersp    dq ?    ;Save the far Int 2E entry stack pointer!
     6 00000012 ????????????????    <1> int2Edta    dq ?    ;
     7                              <1> ;=============================================================
     8 0000001A ??                  <1> statFlg1    db ?    ;Flags 1 for the command interpreter
     9                              <1> ;=============================================================
    10                              <1> permaShell  equ 1   ;Up if we are a permanent command interpreter
    11                              <1> inCtrlC     equ 2   ;Up if we are processing int 23h
    12                              <1> inSingle    equ 4   ;Up if processing a single command (/C mode)
    13                              <1> inBatch     equ 8   ;Up if processing a batch file
    14                              <1> batchEOF    equ 10h ;Set to indicate we have reached the end of the batch file
    15                              <1> inCritical  equ 20h ;Up if processing a command.
    16                              <1> inLdrDT     equ 40h ;Up if in the Date / Time part of Loader
    17                              <1> inLdr       equ 80h ;Up if in loader
    18                              <1> ;Batch state variables.
    19 0000001B ????????????????    <1> bbPtr       dq ?                    ;Ptr to the batch block
    20 00000023 <res 4Fh>           <1> batFile     db fileSpecZL dup (?)   ;Path to bat to execute. Qual with 
    21 00000072 ??                  <1> ifFlg       db ?                    ;Flags for IF
    22                              <1> ifReset     equ 0                   ;Value to reset the flags
    23                              <1> ifNot       equ 1                   ;Set if NOT encountered
    24                              <1> ifCond      equ 2                   ;Set if condition encountered 
    25 00000073 ??                  <1> callFlg     db ?                    ;Set to -1 in a call!
    26                              <1> ;FOR state variables
    27 00000074 ??                  <1> forFlg      db ?                    ;For flag. Set if in a forloop
    28 00000075 ????????????????    <1> pForBlk     dq ?                    ;Ptr to the for block
    29                              <1> 
    30                              <1> ;Structs and strings
    31 0000007D <res 26h>           <1> ctryData    db countryStruc_size dup (?)    ;Length of the country table
    32 000000A3 <res 43h>           <1> currDirStr  db fullDirPathZL dup (?)        ;Current Directory String
    33 000000E6 <res 10h>           <1> cmdFcb      db 10h dup (?) ;Internal "fcb" for parsing the command name
    34 000000F6 <res 2Bh>           <1> cmdFFBlock  db ffBlock_size dup (?) ;Internal Find First Block to use as default DTA
    35                              <1> 
    36 00000121 <res 20h>           <1> launchBlock db execProg_size dup (?)
    37                              <1> 
    38                              <1> ;Use the below figure for the buffer "length" (byte 0) as this will allow 
    39                              <1> ; for us to type 127 characters plus a mandatory terminating 128th <CR>. 
    40                              <1> ; This will always be ok for copying to the PSP as on the PSP we have space for
    41                              <1> ; 127 chars. If we type 128 chars with terminating <CR>, the command name must be 
    42                              <1> ; at least 1 character long. The tail is formed of the remaining chars, so there
    43                              <1> ; will be at least 127 chars left. Thus we always have enough space.
    44                              <1> inLen   equ 128 
    45 00000141 <res 82h>           <1> inBuffer    db cmdBufferL dup (?)   ;Original input from user! 128 chars max!
    46                              <1> batInBuffer:    ;Ptr to the buffer for batch input
    47 000001C3 <res 82h>           <1> cLineBuffer db cmdBufferL dup (?)   ;Copied input for processing
    48 00000245 <res 82h>           <1> cmdBuffer   db cmdBufferL dup (?)   ;Buffer with the command pipeline
    49 000002C7 <res 4Fh>           <1> cmdPathSpec db fileSpecZL dup (?)   ;Space for full path to a ext cmd
    50 00000316 <res Eh>            <1> cmdName     db cmdNameL dup (?)     ;Cmd name prefixed by length 
    51                              <1> 
    52 00000324 <res 4Fh>           <1> rdrInFilespec   db fileSpecZL dup (?)   ;Space for the redir in filespec
    53 00000373 <res 4Fh>           <1> rdrOutFilespec  db fileSpecZL dup (?)   ;Space for the redir out filespec
    54                              <1> 
    55                              <1> ;Once we are done with a pathname, we override the first byte with a NULL.
    56 000003C2 <res 4Fh>           <1> pipe1Filespec   db fileSpecZL dup (?)   ;Space for the pipe file filespec
    57 00000411 <res 4Fh>           <1> pipe2Filespec   db fileSpecZL dup (?)   ;Space for the pipe file filespec
    58                              <1> 
    59 00000460 ????????????????    <1> newPipe dq ?    ;Pointer to the new pathspec (STDOUT)
    60 00000468 ????????????????    <1> oldPipe dq ?    ;Pointer to the old pathspec (STDIN)
    61                              <1> 
    62                              <1> ;Main scratch buffer for forming paths! Needs to be large enough to splice
    63                              <1> ; a really long invalid DOS path for PATH to work properly.
    64 00000470 <res 104h>          <1> searchSpec  db 2*cmdBufferL dup (?)   
    65                              <1> 
    66                              <1> ;Internal Function vars
    67                              <1> ;Dir Vars
    68 00000574 ??                  <1> dirFlags    db ?    ;Dir Flags.     Bit[0] set => /W or /w specified
    69                              <1> ;                                   Bit[1] set => /P or /p specified
    70                              <1> ;                                   Bit[2] set => A file/path specified
    71 00000575 ??                  <1> dirLineCtr  db ?    ;Counter to keep track of which line we printed (0-23)
    72 00000576 ????????            <1> dirFileCtr  dd ?    ;Used in /W mode, rollover after 5
    73 0000057A ??                  <1> dirDrv      db ?    ;0 based drive number to use
    74 0000057B <res 82h>           <1> dirSrchDir  db cmdBufferL dup (?)   ;Search directory 
    75 000005FD <res 10h>           <1> dirSrchFCB  db 10h dup (?)    ;We copy the search pattern here, inited in dir
    76                              <1> dirWideType equ 1
    77                              <1> dirPageType equ 2
    78                              <1> dirFileType equ 4
    79                              <1> 
    80                              <1> ;Time/Date vars
    81 0000060D ??                  <1> td1 db ?    ;Minutes/Year
    82 0000060E ??                  <1> td2 db ?    ;Hours/Zero
    83 0000060F ??                  <1> td3 db ?    ;Hundredths/Day
    84 00000610 ??                  <1> td4 db ?    ;Seconds/Month
    85                              <1> 
    86                              <1> ;Rename/Copy/Delete Buffers
    87                              <1> delPath:
    88                              <1> comspecDir:    ;Used to store the directory passed during startup
    89 00000611 <res 82h>           <1> srcSpec     db cmdBufferL dup (?)
    90 00000693 <res 82h>           <1> destSpec    db cmdBufferL dup (?)
    91 00000715 ????????????????    <1> srcPtr      dq ?    ;Where to copy pattern to in src path
    92 0000071D ????????????????    <1> destPtr     dq ?    ;Where to copy pattern to in dest path
    93 00000725 <res Bh>            <1> renName     db 11 dup (?) ;Build a name pattern here in FCB format
    94                              <1> ;Copy vars
    95 00000730 ????????????????    <1> pLastFspec  dq ?    ;Ptr to first char past last + in source of Mode 3 copy
    96 00000738 ????????????????    <1> pNextFspec  dq ?    ;Ptr to first char past next + in source of Mode 3 copy
    97 00000740 ??                  <1> verifyFlg   db ?    ;Set if verify on before copy
    98 00000741 ????                <1> sourceHdl   dw ?    ;These get set to -1 on entry to copy
    99 00000743 ????                <1> destHdl     dw ?
   100 00000745 ????                <1> srcHdlInfo  dw ?    ;Save the hdl device info (bit 7 Set -> Char dev)
   101 00000747 ????????????????    <1> cpBufPtr    dq ?    ;Ptr to the xfr arena
   102 0000074F ????                <1> wCpBufSz    dw ?    ;Copy Buffer size, max 4096 bytes
   103 00000751 ????????            <1> dCpCnt      dd ?    ;Number of files we have copied
   104 00000755 ??                  <1> bCpFlg      db ?    ;Copy state flag   
   105                              <1> ascSrc      equ 1   ;Set if ascii copy for this source file.
   106                              <1> binSrc      equ 2   ;Set if last encountered src file flag was binary
   107                              <1> ascDes      equ 4   ;Set if add ^Z at end of file. Clear if not!
   108                              <1> wcSrc       equ 8   ;Set if wc's in source pattern. Display source file names.
   109                              <1> oneDest     equ 10h ;Single destination, not dir 
   110                              <1> mod1Cpy     equ 20h ;Set if copying files to new dir with same names
   111                              <1> mod2Cpy     equ 40h ;Set if copying files with new names (unused)
   112                              <1> mod3Cpy     equ 80h ;Set if dflt cat ASCII files to a single destination
   113                              <1> 
   114                              <1> ;Environment manipulation vars
   115 00000756 ????                <1> envVarSz        dw ?    ;Env var size
   116 00000758 ????                <1> envVarNamSz     dw ?    ;Env var "name="" length
    31                                  bssLen equ ($ - $$)
    32                                  
    33                                  Segment stack nobits align=1 follows=bss
    34                                      alignb 10h
    35 00000000 <res 640h>                  dq 200 dup (?)  ;1.6K stack, para aligned
    36                                  stackTop:   ;Top of the stack
    37 00000640 ????????????????            dq ?    ;Extra paragraph
    38 00000648 ????????????????            dq ?
    39                                  endOfAlloc: ;Symbol to free from once init is over!
    40                                  stackLen equ ($ - $$)
    41                                  
    42                                  Segment init align=1 valign=1 follows=cmd vfollows=stack
    43                                  %define currSegVBase section.init.vstart
    44                                  %include "./src/cmdLdr.asm"
     1                              <1> cmdLdr:
     2                              <1> ;Start by copying the loader forwards to make space for the BSS
     3                              <1> ;This section needs to use r8 as the base pointer for the copy.
     4                              <1> ;DO NOT USE RIP RELATIVE ADDRESSING AS RIP IS ASSUMED TO BE AT
     5                              <1> ; VIRTUAL START.
     6 00000000 488D35F9FFFFFF      <1>     lea rsi, cmdLdr
     7 00000007 498DB8[00000000]    <1>     lea rdi, qword [r8 + section.init.vstart]
     8 0000000E B92B050000          <1>     mov ecx, initLen
     9 00000013 F3A4                <1>     rep movsb
    10 00000015 498DB8[1E000000]    <1>     lea rdi, qword [r8 + startInit]
    11 0000001C 57                  <1>     push rdi
    12 0000001D C3                  <1>     ret ;Goto next instruction but reallocated!
    13                              <1> 
    14                              <1> startInit:
    15                              <1> ;First check if the version is ok. If not, return.
    16 0000001E B430                <1>     mov ah, 30h
    17 00000020 CD21                <1>     int 21h
    18 00000022 3C01                <1>     cmp al, 01h ;Version 1
    19 00000024 760D                <1>     jbe .okVersion
    20 00000026 488D159E040000      <1>     lea rdx, badVerStr
    21 0000002D B409                <1>     mov ah, 09h
    22 0000002F CD21                <1>     int 21h
    23                              <1> .exitBad:
    24 00000031 CD20                <1>     int 20h ;Exit to caller or DOS to print bad command interpreter line
    25                              <1> .okVersion:
    26                              <1> ;Now the version is ok we store self as parent in the PSP, 
    27                              <1> ; to prevent accidental closure
    28 00000033 800D(1A000000)80    <1>     or byte [statFlg1], inLdr   ;Ok now we start our special work
    29 0000003A 4C8905(00000000)    <1>     mov qword [pPSP], r8        ;Store PSP ptr in internal var 
    30 00000041 488D25(40060000)    <1>     lea rsp, stackTop           ;And set the stack pointer to our stack
    31 00000048 488D3D(00000000)    <1>     lea rdi, section.bss.start
    32 0000004F B95A070000          <1>     mov ecx, bssLen
    33 00000054 31C0                <1>     xor eax, eax
    34 00000056 F3AA                <1>     rep stosb
    35                              <1> ;Now eject all the unneeded space, to make space for allocating.
    36                              <1> ;Thus the allocations in the parsing should never fail (but still may)
    37 00000058 488D1DCC040000      <1>     lea rbx, endOfInitAlloc
    38 0000005F 4C29C3              <1>     sub rbx, r8 ;Convert to number of bytes (Could get assembler to do this)
    39 00000062 81C30F000000        <1>     add ebx, 0Fh    ;Round up paragraph
    40 00000068 C1EB04              <1>     shr ebx, 4  ;Convert to paragraphs
    41 0000006B B8004A0000          <1>     mov eax, 4A00h ;Realloc
    42 00000070 CD21                <1>     int 21h
    43 00000072 72BD                <1>     jc .exitBad
    44 00000074 E8(64480000)        <1>     call resetNation
    45                              <1> ;Now space has been made, time to parse the command tail
    46 00000079 E8EC000000          <1>     call parseCmdLine   ;Now parse the command tail.
    47 0000007E E802030000          <1>     call doEnv          ;Now enact the command tail actions
    48 00000083 E8(90480000)        <1>     call resetIDTentries    ;Setup IDT entries now. 
    49 00000088 F605(1A000000)01    <1>     test byte [statFlg1], permaShell ;Are we perma?
    50 0000008F 0F8490000000        <1>     jz .notMaster   ;Jump if not!
    51                              <1> ;Ok so we are master COMMAND.COM
    52                              <1> ;Now make myself my own parent task. We already are the current psp
    53 00000095 4D894022            <1>     mov qword [r8 + psp.parentPtr], r8
    54                              <1> ;Setup Int 2Eh and the addresses in my psp to terminate back to
    55 00000099 488D15(4E4B0000)    <1>     lea rdx, critErrorHandler
    56 000000A0 4989501A            <1>     mov qword [r8 + psp.oldInt24h], rdx
    57 000000A4 488D15(584A0000)    <1>     lea rdx, ctrlCHandler
    58 000000AB 49895012            <1>     mov qword [r8 + psp.oldInt23h], rdx
    59 000000AF 488D15(A60E0000)    <1>     lea rdx, appRet
    60 000000B6 4989500A            <1>     mov qword [r8 + psp.oldInt22h], rdx
    61 000000BA 488D15(52140000)    <1>     lea rdx, int2Eh
    62 000000C1 B82E250000          <1>     mov eax, 252Eh ;Set this as Int 2Eh
    63 000000C6 CD21                <1>     int 21h
    64                              <1> ;Always get the Autoexec from the root dir we are booting into
    65 000000C8 E8(01450000)        <1>     call getCurrentDrive    ;Get 0 based drive number in al
    66 000000CD 0441                <1>     add al, "A"
    67 000000CF 8805(F2070000)      <1>     mov byte [autoSpec], al ;
    68                              <1> ;Now, open AUTOEXEC.BAT. 
    69 000000D5 488D15(F2070000)    <1>     lea rdx, autoSpec
    70 000000DC B8003D0000          <1>     mov eax, 3D00h  ;Open file
    71 000000E1 CD21                <1>     int 21h
    72 000000E3 7212                <1>     jc .noAutoexec
    73                              <1>     ;Ok, we know the file exists, close it and finish init through it, ignoring 
    74                              <1>     ; the normal hello there! string
    75 000000E5 89C3                <1>     mov ebx, eax
    76 000000E7 B8003E0000          <1>     mov eax, 3E00h  ;Close file
    77 000000EC CD21                <1>     int 21h
    78                              <1> ;Now we do the same as at the end, prepping for jettisoning
    79 000000EE 31D2                <1>     xor edx, edx
    80 000000F0 FFCA                <1>     dec edx             ;Setup that we want to process Autoexec
    81 000000F2 E954000000          <1>     jmp .prepStart
    82                              <1> .noAutoexec:
    83                              <1> ;If no AUTOEXEC.BAT, request time and date from user
    84 000000F7 488D15(6E010000)    <1>     lea rdx, crlf
    85 000000FE B409                <1>     mov ah, 09h
    86 00000100 CD21                <1>     int 21h
    87 00000102 800D(1A000000)40    <1>     or byte [statFlg1], inLdrDT
    88 00000109 E8(512C0000)        <1>     call time.init
    89 0000010E E8(A32A0000)        <1>     call date.init
    90 00000113 8025(1A000000)BF    <1>     and byte [statFlg1], ~inLdrDT
    91 0000011A 488D15(6E010000)    <1>     lea rdx, crlf
    92 00000121 B409                <1>     mov ah, 09h
    93 00000123 CD21                <1>     int 21h
    94                              <1>     ;Now fall thru.
    95                              <1> .notMaster:    
    96                              <1> ;Finish by printing INIT string.
    97 00000125 F605(1A000000)04    <1>     test byte [statFlg1], inSingle  ;Are we in single mode?
    98 0000012C 7529                <1>     jnz .singleCom
    99 0000012E 488D155D030000      <1>     lea rdx, initString
   100 00000135 B409                <1>     mov ah, 09h
   101 00000137 CD21                <1>     int 21h ;Print init string
   102 00000139 E8(30330000)        <1>     call version.printVersionNumber
   103 0000013E 488D1560030000      <1>     lea rdx, initString2
   104 00000145 B409                <1>     mov ah, 09h
   105 00000147 CD21                <1>     int 21h ;Print init string
   106 00000149 31D2                <1>     xor edx, edx        ;Indicate we DONT want to do Autoexec processing
   107                              <1> .prepStart:
   108 0000014B 8025(1A000000)7F    <1>     and byte [statFlg1], ~inLdr    ;Special work complete :-)
   109 00000152 E9(CB090000)        <1>     jmp commandStart    ;We jump with rbx = base address to jettison
   110                              <1> .singleCom:
   111                              <1> ;In single command mode, check the length of the input string was not 0.
   112                              <1> ; If it was, exit, else proceed
   113                              <1>     ;cmp byte [inBuffer + 1], 0
   114 00000157 803D(C4010000)00    <1>     cmp byte [cLineBuffer + 1], 0
   115 0000015E 0F84(4F350000)      <1>     je exit
   116 00000164 31D2                <1>     xor edx, edx
   117 00000166 FFCA                <1>     dec edx             ;Pretend that we want to process Autoexec
   118 00000168 EBE1                <1>     jmp short .prepStart
   119                              <1> 
   120                              <1> 
   121                              <1> parseCmdLine:
   122                              <1> ;COMMAND [drive:][path][device][/E:n][/P][/C string]
   123                              <1> ;[drive:] gives the default drive for COMSPEC. Default is default drive.
   124                              <1> ;[path] gives the search path to search for when searching for COMSPEC.
   125                              <1> ;   Default is root directory. Hence default COMSPEC is _:\COMMAND.COM
   126                              <1> ;[device] gives the default device to set STDIO to and reset to if we error
   127                              <1> ;           MAX 8 chars long name ([device] can be colon terminated).
   128                              <1> ;           Default is CON
   129                              <1> ;[/C string] means execute the string as a command and terminate immediately
   130                              <1> ;   This is single command mode, sets inSingle bit. Similar to int 2Eh.
   131                              <1> ;[/P] means make the instance of COMMAND.COM permanent.
   132                              <1> ;[/E:n] where n is a base 10 value between 160-32768, giving the size of the 
   133                              <1> ; environment to allocate in bytes. Only works if COMMAND.COM is to be 
   134                              <1> ; permanent. Needs a colon after E. 
   135                              <1> ;
   136                              <1> ;Start by setting up the default comspec dir, null terminated
   137 0000016A E8(01450000)        <1>     call getCurrentDrive    ;Get 0 based drive number in al
   138 0000016F 0441                <1>     add al, "A"
   139 00000171 B43A                <1>     mov ah, ":"
   140 00000173 488D3D(11060000)    <1>     lea rdi, comspecDir
   141 0000017A 66AB                <1>     stosw   ;Store drive specifier
   142 0000017C 0FB605(0A000000)    <1>     movzx eax, byte [pathSep]
   143 00000183 66AB                <1>     stosw   ;Store the pathsep and a terminating <NUL>
   144                              <1> 
   145 00000185 E8(49480000)        <1>     call setDTA                     ;Ensure searches dont trample the tail!
   146                              <1> ;The tail is defined as:
   147                              <1> ;Tail[0] = Count byte, n, max 126
   148                              <1> ;Tail[1-n] = Command line, String of length n
   149                              <1> ;Tail[n+1] = Terminating <CR> char
   150                              <1> ;Thus the tail is, at most, 128 chars long with a command line being, at most,
   151                              <1> ; 126 chars. Thus, the last spot in the buffer is reserved for
   152                              <1> ; a CR. If there isn't a CR there, we can overwrite it!
   153 0000018A 498DB081000000      <1>     lea rsi, qword [r8 + cmdLine]   ;Get the start of tail chars
   154 00000191 0FB64EFF            <1>     movzx ecx, byte [rsi - 1]       ;Get the count byte. Shouldnt be geq 126
   155 00000195 B87E000000          <1>     mov eax, 128 - 2                ;Max count byte
   156 0000019A 39C1                <1>     cmp ecx, eax                    ;Is count too big?
   157 0000019C 0F47C8              <1>     cmova ecx, eax                  ;If so, use max count.
   158 0000019F C6040E0D            <1>     mov byte [rsi + rcx], CR        ;Force a terminator there.
   159                              <1> .parseLp:
   160 000001A3 E8(44450000)        <1>     call skipDelimiters             ;Strip delims
   161 000001A8 AC                  <1>     lodsb
   162 000001A9 48FFCE              <1>     dec rsi ;Point to first non-delimiter char
   163 000001AC 3C0D                <1>     cmp al, CR
   164 000001AE 0F847C010000        <1>     je .endScan
   165 000001B4 3A05(0B000000)      <1>     cmp al, byte [switchChar]       ;Is this a switchchar?
   166 000001BA 752D                <1>     jne .file
   167                              <1> .switch:
   168 000001BC 48FFC6              <1>     inc rsi ;Go past the switch char
   169 000001BF AC                  <1>     lodsb   ;Get first char past switch, advance rsi
   170 000001C0 E8(29450000)        <1>     call ucChar
   171 000001C5 3C43                <1>     cmp al, "C"
   172 000001C7 0F842F010000        <1>     je .switchStr
   173 000001CD 3C50                <1>     cmp al, "P"
   174 000001CF 0F8403010000        <1>     je .switchPerma
   175 000001D5 3C45                <1>     cmp al, "E"
   176 000001D7 0F84B0000000        <1>     je .switchEnv
   177 000001DD 48FFCE              <1>     dec rsi ;Now point rsi back to this char
   178                              <1> .badparm:
   179 000001E0 488D15(52030000)    <1>     lea rdx, badParm
   180 000001E7 EBBA                <1>     jmp short .parseLp
   181                              <1> ;-----------------------------------------------------------------
   182                              <1> ;Search for the filespec
   183                              <1> .file:
   184 000001E9 E8(D0460000)        <1>     call copyArgumentToSearchSpec   ;Moves rsi to char past the delimiter
   185 000001EE 48FFCE              <1>     dec rsi ;Point to the delimiter itself
   186 000001F1 488D15(70040000)    <1>     lea rdx, searchSpec
   187 000001F8 B8004E0000          <1>     mov eax, 4E00h  ;Find First
   188 000001FD B910000000          <1>     mov ecx, dirDirectory   ;Return Normal, RO, Dir or Char
   189 00000202 CD21                <1>     int 21h
   190 00000204 7319                <1>     jnc .charOrDir
   191                              <1> ;Just double check if the spec was the root dir. If so, proceed ok.
   192 00000206 8B02                <1>     mov eax, dword [rdx]    ;Get the first four chars
   193 00000208 30C0                <1>     xor al, al
   194 0000020A 3D003A5C00          <1>     cmp eax, 005C3A00h  ;Was this a <NUL>:\<NUL>?
   195 0000020F 741C                <1>     je .dir ;If so, root dir specified, all oki!
   196                              <1> .badSpec:
   197                              <1> ;rsi has been moved past the argument so we can keep proceeding with processing
   198 00000211 488D15CB020000      <1>     lea rdx, badCmdDir
   199                              <1> .bs0:
   200 00000218 E8(08430000)        <1>     call printString
   201                              <1> .plhop:
   202 0000021D EB84                <1>     jmp short .parseLp
   203                              <1> ;-----------------------------------------------------------------
   204                              <1> ;Check if a char or directory here
   205                              <1> .charOrDir:
   206 0000021F 8A05(0B010000)      <1>     mov al, byte [cmdFFBlock + ffBlock.attribFnd]
   207 00000225 2450                <1>     and al, dirCharDev | dirDirectory
   208 00000227 74E8                <1>     jz .badSpec
   209 00000229 A840                <1>     test al, dirCharDev
   210 0000022B 7525                <1>     jnz .charDev
   211                              <1> ;Here if a directory. Save it null terminated in comspecDir.
   212                              <1> .dir:
   213 0000022D 56                  <1>     push rsi
   214 0000022E 488D35(70040000)    <1>     lea rsi, searchSpec 
   215 00000235 488D3D(11060000)    <1>     lea rdi, comspecDir
   216 0000023C E8(15450000)        <1>     call strcpy2
   217 00000241 B811120000          <1>     mov eax, 1211h  ;Uppercase the pathspec
   218 00000246 CD2F                <1>     int 2Fh         ;DOS 3.3 does't do this hehe 0:-)
   219 00000248 5E                  <1>     pop rsi
   220 00000249 C605D7020000FF      <1>     mov byte [initNewSpec], -1  ;Set, we have a new comspec
   221 00000250 EBCB                <1>     jmp short .plhop
   222                              <1> ;-----------------------------------------------------------------
   223                              <1> ;Handle char dev here
   224                              <1> .charDev:
   225                              <1> ;Check the name is max 8 chars in length
   226 00000252 488D3D(70040000)    <1>     lea rdi, searchSpec
   227 00000259 E8(1F450000)        <1>     call strlen ;Get len plus <NUL> in ecx. Cant be more than 8+1 for <NUL>
   228 0000025E 81F909000000        <1>     cmp ecx, 9  ;This can literally never happen but never hurts to be safe :)
   229 00000264 771E                <1>     ja .badChar
   230 00000266 56                  <1>     push rsi    ;Save offset into cmdTail on stack
   231 00000267 488D35(70040000)    <1>     lea rsi, searchSpec
   232 0000026E 488D3D(E9070000)    <1>     lea rdi, devName
   233 00000275 E8(06450000)        <1>     call strcpy ;Copy this string over
   234 0000027A 5E                  <1>     pop rsi
   235 0000027B C605A6020000FF      <1>     mov byte [initNewDev], -1   ;Set this byte now we have a new dev!
   236                              <1> .plhop1:
   237 00000282 EB99                <1>     jmp short .plhop    ;parseLp
   238                              <1> .badChar:
   239 00000284 488D15(05050000)    <1>     lea rdx, badDev
   240                              <1> .bs1:
   241 0000028B EB8B                <1>     jmp short .bs0
   242                              <1> ;-----------------------------------------------------------------
   243                              <1> .switchEnv:
   244 0000028D AC                  <1>     lodsb
   245 0000028E 48FFCE              <1>     dec rsi
   246 00000291 3C3A                <1>     cmp al, ":"
   247 00000293 0F8547FFFFFF        <1>     jne .badparm
   248 00000299 48FFC6              <1>     inc rsi ;Now point past teh colon, skip any delimiters
   249 0000029C E8(44450000)        <1>     call skipDelimiters
   250 000002A1 AC                  <1>     lodsb       ;Get the first non-delimiter
   251 000002A2 48FFCE              <1>     dec rsi     ;Point back at it
   252 000002A5 3C0D                <1>     cmp al, CR
   253 000002A7 0F8433FFFFFF        <1>     je .badparm     ;Print bad arg, rsi positioned to terminate parsing now
   254                              <1>     ;Else, rsi now pointing at the first number. Do maths :)
   255 000002AD E8(FD470000)        <1>     call getNum ;Move rsi to first non digit/9th digit if too many digits
   256 000002B2 0F8228FFFFFF        <1>     jc .badparm    ;Bad parameter error!
   257 000002B8 3D00800000          <1>     cmp eax, 8000h
   258 000002BD 7710                <1>     ja .badEnv
   259 000002BF 3DA0000000          <1>     cmp eax, 0A0h
   260 000002C4 7209                <1>     jb .badEnv
   261 000002C6 6689055C020000      <1>     mov word [initEnvSz], ax    ;Store the allocated size here
   262                              <1> .plhop2:
   263 000002CD EBB3                <1>     jmp short .plhop1  ;parseLp
   264                              <1> .badEnv:
   265 000002CF 488D1536020000      <1>     lea rdx, badEnvSz
   266 000002D6 EBB3                <1>     jmp short .bs1
   267                              <1> ;-----------------------------------------------------------------
   268                              <1> .switchPerma:
   269 000002D8 AC                  <1>     lodsb   ;Get the second char after the P
   270 000002D9 48FFCE              <1>     dec rsi ;Point back at it
   271 000002DC 3C0D                <1>     cmp al, CR
   272 000002DE 7413                <1>     je .spEmbCr ;Allow CR after the P
   273 000002E0 3A05(0B000000)      <1>     cmp al, byte [switchChar]
   274 000002E6 740B                <1>     je .spEmbCr ;Allow switch char after P
   275 000002E8 E8(52450000)        <1>     call isALdelimiter
   276 000002ED 0F85EDFEFFFF        <1>     jne .badparm
   277                              <1> .spEmbCr:
   278 000002F3 800D(1A000000)01    <1>     or byte [statFlg1], permaShell  ;Set the bit
   279 000002FA EBD1                <1>     jmp short .plhop2  ;parseLp
   280                              <1> ;-----------------------------------------------------------------
   281                              <1> .switchStr:
   282 000002FC AC                  <1>     lodsb       ;Get the char after the C
   283 000002FD 48FFCE              <1>     dec rsi     ;Point back at it
   284 00000300 3C0D                <1>     cmp al, CR
   285 00000302 740B                <1>     je .ssembCr         ;Embedded CR ok
   286 00000304 E8(52450000)        <1>     call isALdelimiter  ;Char immediately after the C must be a delimiter
   287 00000309 0F85D1FEFFFF        <1>     jne .badparm
   288                              <1> .ssembCr:
   289 0000030F E8(44450000)        <1>     call skipDelimiters     ;Move rsi past the delimiters
   290                              <1>     ;lea rdi, inBuffer + 2   ;Store the command in the inBuffer as if typed in
   291 00000314 488D3D(C5010000)    <1>     lea rdi, cLineBuffer + 2
   292                              <1> .ssLp:
   293 0000031B AC                  <1>     lodsb
   294 0000031C AA                  <1>     stosb
   295 0000031D 3C0D                <1>     cmp al, CR
   296 0000031F 7408                <1>     je .ssOk
   297                              <1>     ;inc byte [inBuffer + 1] ;Increment the char count
   298 00000321 FE05(C4010000)      <1>     inc byte [cLineBuffer + 1] ;Increment the char count
   299 00000327 EBF2                <1>     jmp short .ssLp
   300                              <1> .ssOk:
   301 00000329 800D(1A000000)04    <1>     or byte [statFlg1], inSingle    ;Set the single flag
   302                              <1> ;Now we fall through as we have processed the cmd line and set the flag
   303                              <1> ;-----------------------------------------------------------------
   304                              <1> .endScan:
   305                              <1> ;Now copy our name to the end of the dir specified
   306 00000330 488D3D(11060000)    <1>     lea rdi, comspecDir
   307 00000337 E8(1F450000)        <1>     call strlen ;Get the length in ecx, preserve rdi
   308 0000033C FFC9                <1>     dec ecx ;Point to null terminator
   309 0000033E 8A05(0A000000)      <1>     mov al, byte [pathSep]
   310 00000344 4801CF              <1>     add rdi, rcx    ;Now point to the null
   311 00000347 3847FF              <1>     cmp byte [rdi - 1], al
   312 0000034A 7401                <1>     je .esSkipPathsep
   313 0000034C AA                  <1>     stosb
   314                              <1> .esSkipPathsep:
   315 0000034D 488D35(11080000)    <1>     lea rsi, cspec
   316 00000354 E8(06450000)        <1>     call strcpy ;Now copy over the name of our beloved shell
   317 00000359 E812000000          <1>     call .replacestdio
   318                              <1> ;Ensure that on exit, if both inSingle bit and permaShell are set, inSingle 
   319                              <1> ; wins. Unless this is the first boot, in which case, we ignore it
   320 0000035E F605(1A000000)04    <1>     test byte [statFlg1], inSingle
   321                              <1>     retz    ;Return if not set
    41                              <2> cret z
    19                              <3> %%_base:
    20                              <3> %assign baseVar %%_base-$$
    21                              <3>  %ifdef retOff
    22                              <3>  %if (baseVar - retOff <= 126) && (baseVar > retOff)
    23                              <3>  %ifdef currSegVBase
    24                              <3>  j%+1 short (retOff+currSegVBase)
    25                              <3>  %else
    26                              <3>  j%+1 short retOff
    27                              <3>  %endif
    28                              <3>  %else
    29 00000365 7501                <3>  j%-1 short %%a
    30                              <3>  return
    13                              <4> %%_ret:
    14 00000367 C3                  <4>  ret
    15                              <4> %assign retOff %%_ret-$$
    31                              <3> %%a:
    32                              <3>  %endif
    33                              <3>  %else
    34                              <3>  j%-1 short %%a
    35                              <3>  return
    36                              <3> %%a:
    37                              <3>  %endif
   322 00000368 8025(1A000000)FE    <1>     and byte [statFlg1], ~permaShell ;Else, ensure perma is deactivated
   323                              <1>     return
    13                              <2> %%_ret:
    14 0000036F C3                  <2>  ret
    15                              <2> %assign retOff %%_ret-$$
   324                              <1> .replacestdio:
   325 00000370 F605B1010000FF      <1>     test byte [initNewDev], -1
   326                              <1>     retz    ;Return if not set
    41                              <2> cret z
    19                              <3> %%_base:
    20                              <3> %assign baseVar %%_base-$$
    21                              <3>  %ifdef retOff
    22                              <3>  %if (baseVar - retOff <= 126) && (baseVar > retOff)
    23                              <3>  %ifdef currSegVBase
    24 00000377 74F6                <3>  j%+1 short (retOff+currSegVBase)
    25                              <3>  %else
    26                              <3>  j%+1 short retOff
    27                              <3>  %endif
    28                              <3>  %else
    29                              <3>  j%-1 short %%a
    30                              <3>  return
    31                              <3> %%a:
    32                              <3>  %endif
    33                              <3>  %else
    34                              <3>  j%-1 short %%a
    35                              <3>  return
    36                              <3> %%a:
    37                              <3>  %endif
   327 00000379 488D15(E9070000)    <1>     lea rdx, devName
   328 00000380 E9(B52D0000)        <1>     jmp ctty.loadSwap  ;Return through the return instruction in ctty
   329                              <1> 
   330                              <1> doEnv:
   331                              <1> ;Will do the environment adjustments as needed
   332 00000385 498B703E            <1>     mov rsi, qword [r8 + psp.envPtr]
   333 00000389 4885F6              <1>     test rsi, rsi
   334 0000038C 7447                <1>     jz .noInitEnv
   335 0000038E 66813D920100000000  <1>     cmp word [initEnvSz], 0 ;If an env exists and /E not specified, return!
   336                              <1>     retz
    41                              <2> cret z
    19                              <3> %%_base:
    20                              <3> %assign baseVar %%_base-$$
    21                              <3>  %ifdef retOff
    22                              <3>  %if (baseVar - retOff <= 126) && (baseVar > retOff)
    23                              <3>  %ifdef currSegVBase
    24 00000397 74D6                <3>  j%+1 short (retOff+currSegVBase)
    25                              <3>  %else
    26                              <3>  j%+1 short retOff
    27                              <3>  %endif
    28                              <3>  %else
    29                              <3>  j%-1 short %%a
    30                              <3>  return
    31                              <3> %%a:
    32                              <3>  %endif
    33                              <3>  %else
    34                              <3>  j%-1 short %%a
    35                              <3>  return
    36                              <3> %%a:
    37                              <3>  %endif
   337                              <1> ;Now if no new comspec has been given, we allocate a new block, 
   338                              <1> ;copy the environment from the master and free the original block.
   339                              <1> ;If the block we allocate is smaller than the original block, 
   340                              <1> ; print out of env space and stop there
   341                              <1> ;Else, we simply allocate and create a fresh new environment with the new 
   342                              <1> ; comspec. 
   343 00000399 F60587010000FF      <1>     test byte [initNewSpec], -1  ;If we have a new comspec, create afresh
   344 000003A0 752E                <1>     jnz .prepNewEnv
   345                              <1>     ;Else, we create new alloc and copy master into it
   346 000003A2 E867000000          <1>     call .allocEnv
   347 000003A7 4889C7              <1>     mov rdi, rax        ;Move pointer into rdi
   348 000003AA E8CC000000          <1>     call getMasterEnv   ;Get the current active master environment in rsi
   349 000003AF 57                  <1>     push rdi            ;Save the start of the environment block
   350 000003B0 E893000000          <1>     call .cpEnv         ;Copy the environment
   351 000003B5 5F                  <1>     pop rdi
   352 000003B6 E805000000          <1>     call .freeCurrentEnv
   353 000003BB 4989783E            <1>     mov qword [r8 + psp.envPtr], rdi    ;Now set us as the env ptr
   354                              <1>     return  
    13                              <2> %%_ret:
    14 000003BF C3                  <2>  ret
    15                              <2> %assign retOff %%_ret-$$
   355                              <1> .freeCurrentEnv:
   356 000003C0 4150                <1>     push r8
   357 000003C2 4D8B403E            <1>     mov r8, qword [r8 + psp.envPtr] ;Get the original envPtr to free
   358 000003C6 B800490000          <1>     mov eax, 4900h
   359 000003CB CD21                <1>     int 21h
   360 000003CD 4158                <1>     pop r8
   361                              <1>     return
    13                              <2> %%_ret:
    14 000003CF C3                  <2>  ret
    15                              <2> %assign retOff %%_ret-$$
   362                              <1> .prepNewEnv:
   363 000003D0 E8EBFFFFFF          <1>     call .freeCurrentEnv
   364                              <1> .noInitEnv:
   365                              <1> ;Build the initial block.
   366 000003D5 E834000000          <1>     call .allocEnv
   367 000003DA 4889C7              <1>     mov rdi, rax        ;Move rdi to the environment
   368 000003DD 4989783E            <1>     mov qword [r8 + psp.envPtr], rdi    ;Now store this as the env pointer
   369 000003E1 57                  <1>     push rdi            ;Save the environment ptr!
   370 000003E2 488D35(02080000)    <1>     lea rsi, pathEVar
   371 000003E9 E8(06450000)        <1>     call strcpy
   372 000003EE 488D35(08080000)    <1>     lea rsi, comspecEVar
   373 000003F5 E8(06450000)        <1>     call strcpy
   374 000003FA 48FFCF              <1>     dec rdi ;Write over the terminating null
   375 000003FD 488D35(11060000)    <1>     lea rsi, comspecDir    ;Now copy the actual comspec! 
   376 00000404 E8(06450000)        <1>     call strcpy 
   377 00000409 30C0                <1>     xor al, al
   378 0000040B AA                  <1>     stosb   ;Store the second terminating null
   379 0000040C 5F                  <1>     pop rdi ;Get back the pointer to the start of the env
   380                              <1>     return
    13                              <2> %%_ret:
    14 0000040D C3                  <2>  ret
    15                              <2> %assign retOff %%_ret-$$
   381                              <1> 
   382                              <1> .allocEnv:
   383                              <1> ;Output: rax -> Ptr to the environment block. 
   384                              <1> ;   If anything goes wrong, error message and exit the shell!
   385 0000040E 0FB71D14010000      <1>     movzx ebx, word [initEnvSz]
   386 00000415 85DB                <1>     test ebx, ebx   ;If this is 0, allocate 160 bytes
   387 00000417 750C                <1>     jnz .goAlloc
   388 00000419 BBA0000000          <1>     mov ebx, 0A0h    ;160 bytes
   389 0000041E 66891D04010000      <1>     mov word [initEnvSz], bx    ;Overwrite
   390                              <1> .goAlloc:
   391 00000425 81C30F000000        <1>     add ebx, 0Fh
   392 0000042B C1EB04              <1>     shr ebx, 4  ;Round up and turn into paragraphs
   393 0000042E B800480000          <1>     mov eax, 4800h
   394 00000433 CD21                <1>     int 21h
   395                              <1>     retnc
    61                              <2> cret nc
    19                              <3> %%_base:
    20                              <3> %assign baseVar %%_base-$$
    21                              <3>  %ifdef retOff
    22                              <3>  %if (baseVar - retOff <= 126) && (baseVar > retOff)
    23                              <3>  %ifdef currSegVBase
    24 00000435 73D6                <3>  j%+1 short (retOff+currSegVBase)
    25                              <3>  %else
    26                              <3>  j%+1 short retOff
    27                              <3>  %endif
    28                              <3>  %else
    29                              <3>  j%-1 short %%a
    30                              <3>  return
    31                              <3> %%a:
    32                              <3>  %endif
    33                              <3>  %else
    34                              <3>  j%-1 short %%a
    35                              <3>  return
    36                              <3> %%a:
    37                              <3>  %endif
   396 00000437 488D15(53070000)    <1>     lea rdx, memBad1
   397 0000043E E8(08430000)        <1>     call printString
   398 00000443 E9(66350000)        <1>     jmp exit.ouch 
   399                              <1> 
   400                              <1> .cpEnv:
   401                              <1> ;Copies the environment
   402                              <1> ;Input: rsi -> Source to copy from
   403                              <1> ;       rdi -> Destination to copy to
   404 00000448 0FB70DDA000000      <1>     movzx ecx, word [initEnvSz]
   405                              <1> .lp:
   406 0000044F AC                  <1>     lodsb
   407 00000450 AA                  <1>     stosb
   408 00000451 84C0                <1>     test al, al
   409 00000453 750A                <1>     jnz .notNul
   410 00000455 3806                <1>     cmp byte [rsi], al
   411 00000457 7506                <1>     jnz .notNul
   412                              <1>     ;Here, we have encountered our double null!
   413 00000459 FFC9                <1>     dec ecx ;Now we check if we have space to store the second char
   414 0000045B 7406                <1>     jz .err ;If we dont have space for the last null kill last non-null char
   415 0000045D AA                  <1>     stosb
   416                              <1>     return
    13                              <2> %%_ret:
    14 0000045E C3                  <2>  ret
    15                              <2> %assign retOff %%_ret-$$
   417                              <1> .notNul:
   418 0000045F FFC9                <1>     dec ecx ;One less char to copy over
   419 00000461 75EC                <1>     jnz .lp
   420                              <1> .err:
   421 00000463 4881EF02000000      <1>     sub rdi, 2
   422 0000046A 488D15(46020000)    <1>     lea rdx, noEnvSpace
   423 00000471 E8(08430000)        <1>     call printString
   424 00000476 31C0                <1>     xor eax, eax
   425 00000478 66AB                <1>     stosw   ;Store 0 word
   426                              <1>     return
    13                              <2> %%_ret:
    14 0000047A C3                  <2>  ret
    15                              <2> %assign retOff %%_ret-$$
   427                              <1> 
   428                              <1> getMasterEnv:
   429                              <1> ;Walks the psp chain to the first self parent.
   430                              <1> ;Output: rsi -> Environment of the first self-parent program
   431 0000047B 4150                <1>     push r8
   432                              <1> .lp:
   433 0000047D 498B7022            <1>     mov rsi, qword [r8 + psp.parentPtr] ;Get the parent pointer
   434 00000481 4C39C6              <1>     cmp rsi, r8 ;Are we a self parent?
   435 00000484 7405                <1>     je .exit
   436 00000486 4989F0              <1>     mov r8, rsi ;Make the current psp the parent
   437 00000489 EBF2                <1>     jmp short .lp
   438                              <1> .exit:
   439 0000048B 4158                <1>     pop r8
   440 0000048D 488B763E            <1>     mov rsi, qword [rsi + psp.envPtr]   ;Get the environment pointer
   441                              <1>     return
    13                              <2> %%_ret:
    14 00000491 C3                  <2>  ret
    15                              <2> %assign retOff %%_ret-$$
   442                              <1> 
   443                              <1> 
   444                              <1> ;Loader Data here
   445                              <1> initString: 
   446 00000492 0D0A5343502F444F53- <1>     db CR,LF, "SCP/DOS Version $"
   446 0000049B 2056657273696F6E20- <1>
   446 000004A4 24                  <1>
   447                              <1> initString2:
   448 000004A5 0D0A436F7079726967- <1>     db CR,LF, "Copyright 2022, 2024, Yll Buzoku.",
   448 000004AE 687420323032322C20- <1>
   448 000004B7 323032342C20596C6C- <1>
   448 000004C0 2042757A6F6B752E    <1>
   449 000004C8 0D0A24              <1>     db CR,LF,"$"
   450 000004CB 496E636F7272656374- <1> badVerStr:  db "Incorrect DOS version",CR,LF,"$"
   450 000004D4 20444F532076657273- <1>
   450 000004DD 696F6E0D0A24        <1>
   451 000004E3 537065636966696564- <1> badCmdDir:  db "Specified COMMAND search directory bad",CR,LF,"$"
   451 000004EC 20434F4D4D414E4420- <1>
   451 000004F5 736561726368206469- <1>
   451 000004FE 726563746F72792062- <1>
   451 00000507 61640D0A24          <1>
   452 0000050C 496E76616C69642045- <1> badEnvSz:   db "Invalid Environment Size",CR,LF,"$"
   452 00000515 6E7669726F6E6D656E- <1>
   452 0000051E 742053697A650D0A24  <1>
   453 00000527 00                  <1> initNewSpec db 0    ;Set if a new comspec found and copied
   454 00000528 00                  <1> initNewDev  db 0    ;Set if a new device found and copied
   455 00000529 0000                <1> initEnvSz   dw 0    ;Max 7FFFh (32768) bytes. Default to 160. 0 means no /E:
    45                                  endOfInitAlloc: ;Symbol to free during init
    46                                  initLen equ ($ - $$)
    47                                  
    48                                  ;Amount of space to make for bss/stack
    49                                  initOffset  equ bssLen + stackLen  
    49          ------------------       info: assembly required 1+6+2 passes
 [--info=1]
